{"type":"FeatureCollection","features":[{"type":"Feature","geometry":{"type":"MultiPolygon","coordinates":[[[[127.451891,38.034586],[127.452711,38.033751],[127.456203,38.027324],[127.456356,38.026717],[127.455601,38.024715],[127.456857,38.018456],[127.457529,38.01699],[127.46296,38.011717],[127.469658,38.008842],[127.471556,38.006453],[127.481521,38.006234],[127.482956,38.005428],[127.485298,38.004895],[127.489657,38.005028],[127.4974,38.003714],[127.497663,38.002742],[127.503923,37.997953],[127.508904,38.001311],[127.512372,38.000209],[127.52934,38.001652],[127.531095,38.002388],[127.536922,38.000659],[127.539877,38.000568],[127.540515,37.999658],[127.543643,37.991183],[127.543849,37.988721],[127.544616,37.986098],[127.546108,37.983908],[127.547166,37.978281],[127.546165,37.976305],[127.544662,37.975704],[127.544245,37.974111],[127.544309,37.969389],[127.545225,37.967732],[127.547376,37.966458],[127.553368,37.965453],[127.556319,37.964606],[127.558385,37.963145],[127.55984,37.962883],[127.561891,37.96277],[127.571331,37.964],[127.57443,37.963699],[127.576534,37.962982],[127.577868,37.961401],[127.579342,37.961143],[127.584723,37.961752],[127.588057,37.960422],[127.593444,37.957536],[127.600418,37.956537],[127.602445,37.954999],[127.602661,37.951708],[127.601758,37.948102],[127.602521,37.946333],[127.603736,37.944491],[127.608968,37.94307],[127.612066,37.9406],[127.61597,37.930909],[127.616584,37.928266],[127.612045,37.924056],[127.612071,37.922794],[127.612138,37.920924],[127.613965,37.918408],[127.616584,37.911905],[127.617141,37.906362],[127.614767,37.90192],[127.614413,37.900004],[127.613461,37.898821],[127.612003,37.898229],[127.611182,37.897211],[127.610678,37.895354],[127.607403,37.88966],[127.607632,37.88648],[127.609095,37.883518],[127.608825,37.882173],[127.608089,37.881818],[127.606712,37.879499],[127.605849,37.876492],[127.603212,37.874201],[127.598167,37.874847],[127.597649,37.875371],[127.594237,37.876017],[127.585186,37.876151],[127.577887,37.874014],[127.568595,37.866973],[127.566265,37.861582],[127.566838,37.859223],[127.563877,37.85803],[127.563239,37.85588],[127.558528,37.856453],[127.556106,37.855615],[127.550088,37.851931],[127.550427,37.850724],[127.549652,37.846538],[127.540459,37.846552],[127.537031,37.84502],[127.532443,37.842152],[127.529443,37.839723],[127.527317,37.836458],[127.525619,37.832924],[127.524803,37.829672],[127.524592,37.825001],[127.525639,37.822873],[127.527802,37.821633],[127.532029,37.820282],[127.53494,37.817711],[127.536628,37.814121],[127.537354,37.810541],[127.533087,37.806919],[127.52305,37.79617],[127.520814,37.792543],[127.522258,37.788948],[127.525678,37.785345],[127.530862,37.781431],[127.540924,37.770875],[127.544987,37.763632],[127.54488,37.760075],[127.543438,37.756444],[127.542086,37.754665],[127.534076,37.748602],[127.522668,37.742788],[127.516871,37.740267],[127.511215,37.736435],[127.507112,37.731359],[127.506485,37.727813],[127.506148,37.724153],[127.507067,37.720594],[127.507977,37.719226],[127.5118,37.715715],[127.513425,37.717592],[127.524705,37.726468],[127.527205,37.72686],[127.529623,37.726423],[127.533887,37.721929],[127.540172,37.719458],[127.542511,37.719864],[127.549275,37.723931],[127.551229,37.727564],[127.553749,37.728794],[127.556602,37.729227],[127.559912,37.728577],[127.559347,37.724928],[127.559967,37.723441],[127.561276,37.722216],[127.561811,37.719625],[127.560589,37.716919],[127.559715,37.716564],[127.558045,37.713915],[127.55863,37.706043],[127.55581,37.703161],[127.554166,37.6953],[127.551728,37.690784],[127.550639,37.687042],[127.551092,37.682382],[127.550801,37.677247],[127.549664,37.673175],[127.549049,37.668614],[127.549609,37.666842],[127.551703,37.66513],[127.552816,37.661528],[127.549559,37.659184],[127.547977,37.658881],[127.546219,37.65786],[127.543854,37.65173],[127.539668,37.650702],[127.535655,37.650695],[127.535245,37.647156],[127.535682,37.645018],[127.537937,37.641478],[127.54717,37.637357],[127.548185,37.634515],[127.548258,37.633208],[127.559402,37.628497],[127.5597,37.622867],[127.563363,37.620256],[127.565229,37.619727],[127.5704,37.613603],[127.570164,37.609485],[127.569124,37.608063],[127.567945,37.608021],[127.562683,37.604613],[127.562902,37.599422],[127.561523,37.597015],[127.559357,37.594594],[127.559686,37.592271],[127.56155,37.587675],[127.559918,37.583485],[127.554925,37.58459],[127.554205,37.584972],[127.55337,37.586677],[127.547952,37.585477],[127.538145,37.584352],[127.535982,37.585809],[127.524502,37.586712],[127.521889,37.586383],[127.519042,37.585026],[127.518663,37.583358],[127.516908,37.580989],[127.511177,37.576541],[127.507861,37.57676],[127.50694,37.576365],[127.506526,37.575272],[127.498516,37.572316],[127.497088,37.571147],[127.489176,37.573718],[127.488302,37.574795],[127.485591,37.575217],[127.48342,37.574811],[127.472842,37.577569],[127.470406,37.580013],[127.469361,37.587083],[127.470535,37.588737],[127.469631,37.592497],[127.472011,37.596429],[127.47316,37.607381],[127.471221,37.611344],[127.472187,37.616433],[127.471,37.62198],[127.468533,37.62483],[127.462421,37.625088],[127.458819,37.628802],[127.458108,37.629816],[127.455821,37.636441],[127.455246,37.63891],[127.455922,37.639651],[127.455112,37.640914],[127.454199,37.641414],[127.448808,37.641184],[127.444109,37.643769],[127.440517,37.644072],[127.440207,37.645037],[127.441246,37.645516],[127.441101,37.646675],[127.43808,37.648098],[127.434846,37.653723],[127.43852,37.657695],[127.441466,37.65965],[127.43981,37.661987],[127.433193,37.666792],[127.43251,37.667821],[127.430693,37.668668],[127.428146,37.670792],[127.425099,37.665576],[127.421724,37.663655],[127.420452,37.663279],[127.415911,37.663262],[127.413715,37.661163],[127.41154,37.660252],[127.408837,37.660223],[127.407332,37.659602],[127.401816,37.6558],[127.399808,37.652925],[127.398105,37.651299],[127.391222,37.650424],[127.382059,37.650834],[127.379928,37.65164],[127.374427,37.648818],[127.373245,37.647599],[127.371243,37.647668],[127.372298,37.648992],[127.375594,37.655238],[127.377481,37.665625],[127.379598,37.674087],[127.380986,37.677263],[127.379275,37.677278],[127.377472,37.675004],[127.376646,37.675277],[127.375066,37.67667],[127.373682,37.678719],[127.374659,37.681419],[127.374322,37.682096],[127.369904,37.685038],[127.368388,37.685655],[127.366505,37.687733],[127.366206,37.689068],[127.366492,37.68967],[127.370885,37.690729],[127.371476,37.69106],[127.37206,37.692239],[127.370046,37.693029],[127.363608,37.69349],[127.358647,37.694569],[127.358396,37.696452],[127.359051,37.698297],[127.358727,37.699235],[127.353353,37.70436],[127.353597,37.705494],[127.354873,37.706824],[127.355221,37.708355],[127.354527,37.710285],[127.353827,37.710909],[127.35364,37.712261],[127.3545,37.716493],[127.354082,37.719314],[127.354754,37.722411],[127.355449,37.723612],[127.34925,37.726617],[127.344662,37.727856],[127.342898,37.729212],[127.343697,37.732679],[127.342495,37.737628],[127.341638,37.738757],[127.339814,37.739411],[127.335995,37.742818],[127.335172,37.744019],[127.333349,37.747502],[127.332499,37.750081],[127.333951,37.752717],[127.332445,37.753714],[127.328902,37.75783],[127.32046,37.766115],[127.316205,37.768911],[127.311378,37.768149],[127.306677,37.77044],[127.302593,37.773478],[127.294336,37.775165],[127.285356,37.774674],[127.280999,37.775108],[127.277452,37.774768],[127.273503,37.773801],[127.269061,37.778883],[127.266914,37.779871],[127.268311,37.781539],[127.267787,37.782301],[127.268038,37.784365],[127.268712,37.785502],[127.269522,37.785678],[127.27087,37.786809],[127.273049,37.789963],[127.271503,37.791408],[127.270717,37.793704],[127.271007,37.794616],[127.273676,37.797722],[127.278505,37.804688],[127.27853,37.805401],[127.277848,37.806185],[127.277859,37.809571],[127.278272,37.812923],[127.279328,37.816336],[127.276762,37.821386],[127.277222,37.823766],[127.276943,37.824472],[127.27502,37.82527],[127.274267,37.826294],[127.274431,37.829882],[127.275806,37.832164],[127.275796,37.835702],[127.278931,37.839852],[127.278955,37.842262],[127.281837,37.844903],[127.284342,37.84608],[127.28627,37.848239],[127.28559,37.848997],[127.284229,37.849423],[127.28048,37.853932],[127.280407,37.855691],[127.281541,37.85645],[127.28522,37.861609],[127.286077,37.865571],[127.287872,37.869168],[127.290883,37.872683],[127.292242,37.874873],[127.295999,37.868812],[127.306025,37.868616],[127.308686,37.868008],[127.310956,37.866094],[127.31263,37.865778],[127.312557,37.866982],[127.313417,37.86787],[127.315855,37.867806],[127.317493,37.869081],[127.318443,37.870878],[127.319172,37.871438],[127.319771,37.871686],[127.322887,37.871368],[127.323777,37.872693],[127.325098,37.877145],[127.325006,37.877974],[127.322929,37.878688],[127.322527,37.880822],[127.322427,37.887296],[127.323216,37.88927],[127.326187,37.890939],[127.328481,37.894015],[127.32734,37.896431],[127.326487,37.896931],[127.326428,37.902373],[127.327289,37.904535],[127.329517,37.906841],[127.329575,37.909319],[127.326624,37.911568],[127.329905,37.916318],[127.329316,37.918587],[127.328603,37.919317],[127.328512,37.921118],[127.328657,37.921934],[127.330023,37.92352],[127.330235,37.925567],[127.331333,37.926076],[127.3327,37.925892],[127.336814,37.92328],[127.338322,37.923091],[127.343962,37.926122],[127.345348,37.926399],[127.348215,37.92458],[127.348231,37.923123],[127.349837,37.921458],[127.351278,37.92108],[127.35654,37.921114],[127.356472,37.921629],[127.362157,37.925349],[127.363708,37.925736],[127.365781,37.927444],[127.365906,37.928891],[127.36951,37.930165],[127.373132,37.934937],[127.375006,37.936728],[127.377868,37.938639],[127.379333,37.93876],[127.381278,37.940323],[127.382831,37.942732],[127.384578,37.943267],[127.38519,37.946938],[127.382786,37.949805],[127.381907,37.950291],[127.37898,37.950227],[127.376646,37.953192],[127.379339,37.957198],[127.379447,37.958205],[127.379267,37.95894],[127.377533,37.959621],[127.376691,37.961617],[127.376912,37.96359],[127.378148,37.965742],[127.380039,37.966833],[127.382233,37.969563],[127.382124,37.971947],[127.38439,37.977047],[127.384165,37.980427],[127.384858,37.982333],[127.386418,37.983585],[127.387601,37.983946],[127.389754,37.982862],[127.395722,37.987843],[127.398382,37.989177],[127.402567,37.99062],[127.405237,37.990338],[127.408911,37.996083],[127.412837,37.997822],[127.414958,38.002435],[127.414498,38.005625],[127.414798,38.00698],[127.418759,38.01194],[127.418335,38.014248],[127.419838,38.017448],[127.423492,38.020256],[127.425606,38.022928],[127.426719,38.025746],[127.42715,38.027441],[127.426674,38.028608],[127.424147,38.030895],[127.424667,38.033452],[127.428262,38.034109],[127.431499,38.035407],[127.435689,38.038361],[127.438795,38.04125],[127.440151,38.043737],[127.446239,38.051214],[127.448358,38.050512],[127.452371,38.048098],[127.452906,38.047186],[127.452697,38.043975],[127.451022,38.038085],[127.452036,38.035392],[127.451891,38.034586]]]]},"properties":{"id":"31370","title":"가평군"}},{"type":"Feature","geometry":{"type":"MultiPolygon","coordinates":[[[[126.959395,37.629672],[126.958418,37.62947],[126.958814,37.629589],[126.959395,37.629672]]],[[[126.959395,37.629672],[126.963329,37.633245],[126.962541,37.635819],[126.959913,37.641518],[126.959268,37.642133],[126.957108,37.652837],[126.954037,37.654982],[126.951376,37.65495],[126.947882,37.657126],[126.948002,37.658572],[126.947511,37.659185],[126.9421,37.657722],[126.940335,37.656768],[126.93881,37.655276],[126.937163,37.652316],[126.936137,37.651486],[126.931545,37.650314],[126.924123,37.646106],[126.913721,37.644756],[126.90481,37.649128],[126.906479,37.647703],[126.91228,37.644315],[126.911154,37.640987],[126.91121,37.635906],[126.910854,37.635317],[126.909122,37.634333],[126.906202,37.63322],[126.907294,37.630867],[126.908802,37.629088],[126.908611,37.626266],[126.90744,37.625094],[126.906828,37.621738],[126.905558,37.620623],[126.905231,37.619075],[126.903361,37.618839],[126.900304,37.611191],[126.902108,37.603742],[126.900153,37.603116],[126.899982,37.60204],[126.901323,37.599367],[126.901211,37.596302],[126.899568,37.591685],[126.899644,37.589817],[126.896859,37.588567],[126.887609,37.588667],[126.885824,37.58953],[126.885467,37.591105],[126.887338,37.59392],[126.88491,37.593541],[126.883349,37.591788],[126.880349,37.589506],[126.877542,37.586247],[126.877087,37.584827],[126.877069,37.582395],[126.877632,37.579748],[126.87626,37.578185],[126.870601,37.578008],[126.863416,37.576869],[126.85734,37.574532],[126.853629,37.573799],[126.853632,37.571791],[126.837149,37.582563],[126.831927,37.585725],[126.827658,37.587605],[126.820054,37.592404],[126.817526,37.59533],[126.811369,37.598961],[126.802009,37.605396],[126.797167,37.607774],[126.786151,37.614881],[126.77043,37.624109],[126.759519,37.629694],[126.762871,37.635326],[126.764018,37.635332],[126.769086,37.633276],[126.775873,37.631331],[126.779447,37.631232],[126.782976,37.630441],[126.788345,37.627758],[126.79094,37.625623],[126.794041,37.628225],[126.794602,37.629308],[126.794312,37.635512],[126.795224,37.640429],[126.800014,37.644127],[126.802088,37.644908],[126.802861,37.643554],[126.803843,37.643293],[126.805459,37.64369],[126.808865,37.646405],[126.811873,37.648032],[126.812631,37.647647],[126.813353,37.645989],[126.813042,37.644598],[126.816501,37.646057],[126.81552,37.648094],[126.815567,37.653033],[126.815926,37.655171],[126.816976,37.655811],[126.816893,37.656248],[126.816414,37.657016],[126.815065,37.657276],[126.812255,37.656626],[126.810757,37.658202],[126.811109,37.659362],[126.814321,37.660511],[126.815039,37.662908],[126.817412,37.664281],[126.822761,37.663201],[126.820946,37.667686],[126.820664,37.670964],[126.820958,37.671569],[126.826015,37.673756],[126.827077,37.675973],[126.828033,37.676809],[126.832229,37.677237],[126.833554,37.677799],[126.833237,37.680076],[126.834749,37.683161],[126.839292,37.682628],[126.841705,37.685552],[126.844249,37.686658],[126.845973,37.685671],[126.84703,37.685591],[126.848077,37.686037],[126.849126,37.690431],[126.853839,37.687963],[126.853431,37.689824],[126.85607,37.692731],[126.85589,37.694279],[126.854707,37.695339],[126.852491,37.696331],[126.848144,37.701459],[126.847755,37.702455],[126.848106,37.703533],[126.843815,37.710405],[126.84311,37.714858],[126.842161,37.715994],[126.840718,37.716644],[126.841185,37.720402],[126.837212,37.726044],[126.83676,37.727457],[126.839406,37.728699],[126.841497,37.731544],[126.855472,37.735421],[126.85891,37.734174],[126.85881,37.733357],[126.861127,37.732676],[126.864945,37.732636],[126.867917,37.728699],[126.871748,37.72971],[126.873658,37.725962],[126.875295,37.725366],[126.879783,37.726118],[126.882143,37.725861],[126.88502,37.724787],[126.886042,37.725047],[126.887343,37.723496],[126.888534,37.722965],[126.893353,37.726003],[126.897337,37.726888],[126.899275,37.726881],[126.902641,37.728666],[126.903144,37.732945],[126.902374,37.734538],[126.901275,37.735624],[126.900918,37.737214],[126.903518,37.741596],[126.905884,37.742657],[126.910944,37.74654],[126.917057,37.748033],[126.919684,37.74701],[126.922889,37.747022],[126.92567,37.748206],[126.929096,37.748485],[126.933072,37.745886],[126.930362,37.744145],[126.930457,37.740037],[126.93114,37.73765],[126.930631,37.736037],[126.928566,37.736162],[126.923317,37.732861],[126.92207,37.731788],[126.92163,37.730256],[126.921733,37.729229],[126.923378,37.728698],[126.923065,37.724752],[126.923987,37.721608],[126.924873,37.720194],[126.923312,37.715995],[126.921726,37.71403],[126.921534,37.713228],[126.924564,37.711842],[126.92535,37.708653],[126.923356,37.706427],[126.922236,37.703615],[126.922035,37.700966],[126.922319,37.700353],[126.915258,37.688203],[126.914196,37.684986],[126.914631,37.681545],[126.912789,37.675975],[126.911453,37.674767],[126.908791,37.673828],[126.906304,37.675448],[126.905456,37.675177],[126.907752,37.670232],[126.911223,37.668685],[126.916015,37.670203],[126.928641,37.671526],[126.932132,37.671474],[126.938197,37.670613],[126.940894,37.671029],[126.942877,37.671994],[126.944483,37.676247],[126.944585,37.676824],[126.943087,37.678922],[126.943041,37.679877],[126.945213,37.685825],[126.947117,37.686781],[126.95139,37.688035],[126.953734,37.692622],[126.955072,37.6931],[126.957896,37.691633],[126.961898,37.692265],[126.965787,37.691617],[126.968599,37.68978],[126.97495,37.686646],[126.979122,37.686296],[126.98241,37.685179],[126.990789,37.679846],[126.992198,37.679627],[126.992924,37.678822],[126.993981,37.674907],[126.994351,37.669811],[126.994017,37.666783],[126.992225,37.665232],[126.989997,37.664499],[126.988268,37.664391],[126.987277,37.6606],[126.986544,37.659485],[126.982857,37.65645],[126.979658,37.656039],[126.981048,37.652713],[126.983937,37.64961],[126.984713,37.647252],[126.984929,37.646067],[126.984643,37.645338],[126.983247,37.643684],[126.984257,37.641645],[126.985855,37.64061],[126.984202,37.63634],[126.977006,37.632969],[126.975369,37.631698],[126.97303,37.632375],[126.967084,37.630707],[126.960116,37.629776],[126.959395,37.629672]]]]},"properties":{"id":"31101","title":"고양시 덕양구"}},{"type":"Feature","geometry":{"type":"MultiPolygon","coordinates":[[[[126.813733,37.723481],[126.814744,37.723734],[126.816406,37.725411],[126.821468,37.725454],[126.828098,37.726613],[126.832063,37.728661],[126.83676,37.727457],[126.837212,37.726044],[126.841185,37.720402],[126.840718,37.716644],[126.842161,37.715994],[126.84311,37.714858],[126.843815,37.710405],[126.848106,37.703533],[126.847755,37.702455],[126.848144,37.701459],[126.852491,37.696331],[126.855678,37.694659],[126.85607,37.692731],[126.853431,37.689824],[126.853839,37.687963],[126.849126,37.690431],[126.848077,37.686037],[126.84703,37.685591],[126.845973,37.685671],[126.844249,37.686658],[126.841705,37.685552],[126.839292,37.682628],[126.834749,37.683161],[126.833237,37.680076],[126.833554,37.677799],[126.832229,37.677237],[126.828033,37.676809],[126.827077,37.675973],[126.826015,37.673756],[126.820958,37.671569],[126.820664,37.670964],[126.820946,37.667686],[126.822761,37.663201],[126.817412,37.664281],[126.815039,37.662908],[126.814321,37.660511],[126.811109,37.659362],[126.810757,37.658202],[126.812255,37.656626],[126.815065,37.657276],[126.816414,37.657016],[126.816893,37.656248],[126.816976,37.655811],[126.815926,37.655171],[126.815567,37.653033],[126.81552,37.648094],[126.816501,37.646057],[126.813042,37.644598],[126.813353,37.645989],[126.812631,37.647647],[126.811873,37.648032],[126.808865,37.646405],[126.805459,37.64369],[126.803843,37.643293],[126.802861,37.643554],[126.802088,37.644908],[126.800014,37.644127],[126.795224,37.640429],[126.794312,37.635512],[126.794602,37.629308],[126.794041,37.628225],[126.79094,37.625623],[126.788345,37.627758],[126.782976,37.630441],[126.779447,37.631232],[126.775873,37.631331],[126.769086,37.633276],[126.764018,37.635332],[126.762871,37.635326],[126.759519,37.629694],[126.754585,37.632059],[126.751367,37.632763],[126.746036,37.635242],[126.741958,37.638441],[126.740402,37.640315],[126.736322,37.643113],[126.734684,37.646362],[126.73247,37.647518],[126.736287,37.650743],[126.743056,37.655078],[126.745421,37.654776],[126.745887,37.657128],[126.743317,37.657535],[126.748462,37.665005],[126.755064,37.662126],[126.75809,37.666084],[126.762689,37.663293],[126.769535,37.66767],[126.777469,37.678695],[126.778366,37.681177],[126.777163,37.690909],[126.778217,37.695293],[126.779422,37.697674],[126.781826,37.69913],[126.777118,37.700235],[126.773687,37.70274],[126.773418,37.703871],[126.774148,37.704983],[126.77349,37.706303],[126.773834,37.70919],[126.774594,37.711559],[126.779323,37.71731],[126.784375,37.718969],[126.784371,37.720272],[126.787513,37.722872],[126.790968,37.723752],[126.79243,37.724771],[126.79399,37.726645],[126.795025,37.728077],[126.795707,37.730264],[126.795156,37.732612],[126.79405,37.73475],[126.796061,37.735857],[126.798764,37.736605],[126.801121,37.73452],[126.801418,37.733484],[126.801,37.731404],[126.804016,37.727269],[126.809174,37.726689],[126.81016,37.726143],[126.810106,37.725545],[126.811359,37.724464],[126.813733,37.723481]]]]},"properties":{"id":"31103","title":"고양시 일산동구"}},{"type":"Feature","geometry":{"type":"MultiPolygon","coordinates":[[[[126.773418,37.703871],[126.773687,37.70274],[126.777118,37.700235],[126.781826,37.69913],[126.779422,37.697674],[126.778217,37.695293],[126.777147,37.690833],[126.778234,37.680098],[126.773467,37.672845],[126.769354,37.667496],[126.762689,37.663293],[126.75809,37.666084],[126.755064,37.662126],[126.748462,37.665005],[126.743317,37.657535],[126.745887,37.657128],[126.745421,37.654776],[126.743056,37.655078],[126.736287,37.650743],[126.73247,37.647518],[126.729187,37.648525],[126.724837,37.648943],[126.718905,37.651524],[126.69202,37.6641],[126.677971,37.67152],[126.675639,37.673558],[126.672592,37.678041],[126.670454,37.683527],[126.670356,37.685117],[126.673609,37.700302],[126.675939,37.699515],[126.682881,37.695994],[126.687693,37.69164],[126.689915,37.688606],[126.690743,37.688816],[126.69471,37.692581],[126.700721,37.696956],[126.701831,37.696486],[126.704883,37.696904],[126.711245,37.699747],[126.716328,37.70012],[126.722786,37.702351],[126.725489,37.704657],[126.733502,37.704998],[126.737804,37.704378],[126.738797,37.704512],[126.739287,37.705116],[126.741239,37.70538],[126.742418,37.704723],[126.745252,37.705265],[126.747266,37.703618],[126.750227,37.703002],[126.753224,37.704788],[126.755678,37.705289],[126.75594,37.704604],[126.759956,37.703296],[126.765213,37.704605],[126.767033,37.707167],[126.772777,37.704621],[126.773418,37.703871]]]]},"properties":{"id":"31104","title":"고양시 일산서구"}},{"type":"Feature","geometry":{"type":"MultiPolygon","coordinates":[[[[127.004246,37.467143],[127.004905,37.465843],[127.00447,37.464073],[127.008711,37.457765],[127.010584,37.456169],[127.01451,37.454861],[127.021503,37.456226],[127.025995,37.457817],[127.028731,37.462028],[127.029928,37.465352],[127.031922,37.465519],[127.034602,37.464172],[127.033749,37.461184],[127.034173,37.460275],[127.034924,37.460175],[127.037067,37.455474],[127.036267,37.454262],[127.035776,37.452196],[127.037744,37.449419],[127.038206,37.445859],[127.037483,37.443267],[127.036431,37.441833],[127.035172,37.440942],[127.035574,37.439004],[127.037068,37.438275],[127.040053,37.438237],[127.04109,37.437769],[127.046442,37.43299],[127.047225,37.43204],[127.047369,37.430702],[127.042016,37.428103],[127.04177,37.424034],[127.042547,37.422553],[127.041893,37.417934],[127.042077,37.415539],[127.038654,37.413841],[127.035016,37.413996],[127.029695,37.412727],[127.028554,37.412132],[127.026047,37.411989],[127.021811,37.412314],[127.016886,37.413513],[127.013317,37.413874],[127.013791,37.412964],[127.012187,37.411901],[127.00899,37.412306],[127.005172,37.407864],[127.001942,37.406684],[126.999683,37.404616],[126.994273,37.405008],[126.99208,37.407642],[126.989975,37.408211],[126.988244,37.407941],[126.985766,37.406639],[126.982371,37.400685],[126.980121,37.403114],[126.977334,37.403041],[126.978641,37.405303],[126.976111,37.406132],[126.975261,37.412709],[126.973747,37.415132],[126.970718,37.416943],[126.966889,37.417302],[126.963917,37.41895],[126.962448,37.420914],[126.960931,37.426085],[126.961801,37.426779],[126.962154,37.429209],[126.963956,37.431258],[126.963197,37.434853],[126.964032,37.437601],[126.965478,37.439223],[126.965398,37.440232],[126.963803,37.440787],[126.964382,37.442577],[126.963942,37.445246],[126.96429,37.446267],[126.967663,37.448381],[126.970569,37.449453],[126.971753,37.451737],[126.97458,37.454413],[126.982034,37.456663],[126.987261,37.457601],[126.991332,37.460136],[126.99429,37.461421],[126.996769,37.461873],[126.997371,37.463687],[126.996282,37.466651],[126.996752,37.467072],[127.002735,37.467125],[127.003675,37.46772],[127.004246,37.467143]]]]},"properties":{"id":"31110","title":"과천시"}},{"type":"Feature","geometry":{"type":"MultiPolygon","coordinates":[[[[126.872955,37.488301],[126.876043,37.489047],[126.87679,37.488571],[126.876262,37.48724],[126.874556,37.485367],[126.872895,37.486252],[126.871763,37.485269],[126.872787,37.483489],[126.872744,37.482425],[126.873379,37.482434],[126.878011,37.473828],[126.884574,37.465648],[126.882858,37.464261],[126.885121,37.462473],[126.887122,37.462904],[126.888876,37.460947],[126.886128,37.4609],[126.885444,37.460125],[126.886317,37.456289],[126.88888,37.454728],[126.889653,37.453599],[126.889642,37.452315],[126.893983,37.452717],[126.895641,37.448293],[126.895782,37.445633],[126.898488,37.442699],[126.899585,37.440367],[126.898978,37.438702],[126.899689,37.437787],[126.899843,37.434658],[126.898112,37.431234],[126.895795,37.430566],[126.894328,37.429089],[126.894215,37.427801],[126.894578,37.427415],[126.896149,37.427871],[126.896765,37.427572],[126.896434,37.425184],[126.894034,37.422319],[126.891861,37.420519],[126.890431,37.420382],[126.889002,37.418374],[126.889707,37.41728],[126.889199,37.415246],[126.889356,37.413283],[126.888989,37.411423],[126.887617,37.410834],[126.885647,37.411685],[126.884733,37.411663],[126.880935,37.41085],[126.879909,37.41014],[126.879166,37.408996],[126.876071,37.410678],[126.872214,37.411795],[126.871161,37.412711],[126.870242,37.408138],[126.870413,37.407036],[126.872921,37.40654],[126.874557,37.406969],[126.87586,37.40648],[126.877633,37.405055],[126.876918,37.401929],[126.874731,37.401616],[126.870763,37.402187],[126.862273,37.401524],[126.859175,37.401794],[126.855111,37.403442],[126.85291,37.408305],[126.84927,37.410577],[126.847175,37.411384],[126.846373,37.412345],[126.844693,37.42064],[126.844992,37.422015],[126.842024,37.429099],[126.841447,37.434687],[126.839782,37.436585],[126.837797,37.437005],[126.837566,37.4417],[126.837884,37.444536],[126.838306,37.447025],[126.839076,37.447202],[126.838422,37.450703],[126.838396,37.455515],[126.837205,37.455766],[126.83445,37.459897],[126.833081,37.460295],[126.832396,37.459436],[126.829149,37.458579],[126.828573,37.459562],[126.826101,37.459479],[126.826785,37.461736],[126.827797,37.463242],[126.830998,37.46574],[126.832996,37.465865],[126.833601,37.468012],[126.832314,37.472291],[126.832262,37.476311],[126.833052,37.477246],[126.834637,37.474421],[126.83842,37.475368],[126.842782,37.474972],[126.845033,37.473559],[126.845361,37.473812],[126.845987,37.480696],[126.846602,37.481671],[126.849332,37.481843],[126.850843,37.481523],[126.8527,37.481819],[126.856539,37.485706],[126.857971,37.486085],[126.861768,37.490326],[126.864518,37.491203],[126.866194,37.492539],[126.867589,37.494816],[126.869503,37.494328],[126.869366,37.492019],[126.870335,37.489545],[126.872955,37.488301]]]]},"properties":{"id":"31060","title":"광명시"}},{"type":"Feature","geometry":{"type":"MultiPolygon","coordinates":[[[[127.355225,37.534809],[127.363963,37.530665],[127.369678,37.524241],[127.37261,37.51997],[127.375826,37.512462],[127.379839,37.505838],[127.382901,37.501692],[127.384521,37.500119],[127.384304,37.499678],[127.38552,37.498254],[127.382109,37.494901],[127.380377,37.490043],[127.381642,37.487587],[127.382307,37.487287],[127.383667,37.485571],[127.388761,37.475851],[127.388697,37.474274],[127.386674,37.470163],[127.387512,37.466052],[127.386792,37.464405],[127.385473,37.462842],[127.385079,37.461041],[127.385436,37.459995],[127.383462,37.458731],[127.38181,37.458295],[127.377981,37.458749],[127.374701,37.458389],[127.36911,37.456839],[127.369677,37.454909],[127.372465,37.451846],[127.372788,37.448611],[127.372386,37.444972],[127.378956,37.443681],[127.381747,37.443663],[127.382896,37.442866],[127.382742,37.44147],[127.384065,37.434915],[127.389301,37.429258],[127.393164,37.42702],[127.395668,37.426141],[127.397441,37.424782],[127.398445,37.423669],[127.39835,37.422786],[127.398753,37.422064],[127.400387,37.421383],[127.40124,37.420244],[127.400858,37.418525],[127.399644,37.417619],[127.398224,37.415725],[127.398887,37.414243],[127.404725,37.409799],[127.410112,37.407528],[127.411495,37.406226],[127.412846,37.403347],[127.412815,37.401914],[127.412197,37.40043],[127.413787,37.395901],[127.420242,37.386859],[127.421581,37.386071],[127.424368,37.385754],[127.429552,37.387817],[127.434953,37.38659],[127.442331,37.387374],[127.443279,37.387217],[127.444636,37.385626],[127.445242,37.381155],[127.443451,37.37617],[127.443716,37.369276],[127.443999,37.365608],[127.445071,37.363595],[127.44586,37.363529],[127.445766,37.362055],[127.442497,37.358361],[127.4381,37.356223],[127.435109,37.354266],[127.433735,37.350394],[127.430259,37.346846],[127.426517,37.344692],[127.421434,37.34294],[127.421042,37.342531],[127.421005,37.339918],[127.420494,37.338204],[127.41488,37.334187],[127.412521,37.334033],[127.408086,37.331038],[127.406824,37.330115],[127.405094,37.32731],[127.403635,37.326662],[127.400057,37.327408],[127.393803,37.323559],[127.392328,37.321983],[127.392338,37.3206],[127.390935,37.319771],[127.38706,37.31877],[127.378651,37.319171],[127.377892,37.319529],[127.377012,37.320726],[127.375945,37.320648],[127.372732,37.31873],[127.372074,37.316885],[127.36986,37.315175],[127.368799,37.314908],[127.364557,37.316039],[127.363328,37.31592],[127.363454,37.312425],[127.364762,37.310024],[127.364812,37.3086],[127.364085,37.307652],[127.359541,37.306774],[127.357811,37.305842],[127.35696,37.303583],[127.354384,37.301459],[127.354317,37.300586],[127.356792,37.299087],[127.35736,37.297657],[127.356922,37.294335],[127.355936,37.294553],[127.354254,37.294225],[127.353821,37.293262],[127.352529,37.292013],[127.348517,37.290115],[127.346444,37.290508],[127.345691,37.291123],[127.342985,37.291167],[127.340027,37.288054],[127.342331,37.286308],[127.342876,37.283351],[127.343353,37.282789],[127.345988,37.280444],[127.348388,37.279222],[127.349048,37.276778],[127.344948,37.273947],[127.342338,37.272761],[127.340522,37.2726],[127.338689,37.270548],[127.330392,37.27024],[127.322534,37.274114],[127.318962,37.274574],[127.310989,37.27357],[127.310423,37.272856],[127.306793,37.271374],[127.30373,37.270658],[127.30241,37.268977],[127.302588,37.266962],[127.302185,37.266184],[127.300213,37.265216],[127.298358,37.265018],[127.296575,37.265308],[127.295564,37.266768],[127.295089,37.269369],[127.29234,37.271444],[127.289463,37.271298],[127.285661,37.270081],[127.284822,37.269056],[127.281664,37.268672],[127.279239,37.269741],[127.279385,37.27069],[127.278746,37.27203],[127.275994,37.273492],[127.276004,37.274776],[127.277209,37.275778],[127.280709,37.277117],[127.281732,37.277939],[127.281149,37.280283],[127.28011,37.28142],[127.279697,37.285539],[127.277642,37.290001],[127.281152,37.296539],[127.281457,37.29787],[127.279766,37.302771],[127.278529,37.304992],[127.278993,37.305679],[127.277221,37.308467],[127.280116,37.313659],[127.281917,37.315484],[127.283013,37.315869],[127.283327,37.318445],[127.282972,37.320203],[127.279605,37.327996],[127.279364,37.329942],[127.279846,37.332113],[127.281594,37.334902],[127.282965,37.336295],[127.283435,37.338195],[127.283193,37.343025],[127.28269,37.344189],[127.283108,37.345101],[127.280552,37.345879],[127.276538,37.343807],[127.27501,37.342612],[127.268576,37.342176],[127.26483,37.342563],[127.263628,37.344016],[127.263025,37.345847],[127.261408,37.348256],[127.258444,37.349587],[127.254125,37.350732],[127.247211,37.355643],[127.244836,37.355232],[127.242312,37.353617],[127.240852,37.354282],[127.23909,37.355673],[127.238634,37.35771],[127.238726,37.360121],[127.237932,37.360442],[127.234938,37.357957],[127.230391,37.35852],[127.227827,37.357979],[127.224478,37.355242],[127.22263,37.354466],[127.219464,37.354495],[127.219173,37.355333],[127.218475,37.355735],[127.217187,37.355364],[127.216901,37.355055],[127.217355,37.352917],[127.222045,37.348764],[127.222738,37.347327],[127.222338,37.346363],[127.2222,37.346137],[127.220533,37.347375],[127.219425,37.346502],[127.217225,37.341001],[127.215854,37.338999],[127.213075,37.337481],[127.211877,37.337366],[127.208287,37.33075],[127.201928,37.328324],[127.200322,37.328908],[127.197296,37.333617],[127.196753,37.336099],[127.198205,37.339341],[127.197974,37.341404],[127.196018,37.344336],[127.191815,37.347235],[127.186778,37.345387],[127.178827,37.343183],[127.177036,37.344393],[127.173921,37.344614],[127.163197,37.343376],[127.161764,37.343045],[127.158272,37.340986],[127.152921,37.339939],[127.146957,37.33718],[127.143843,37.336685],[127.141438,37.336854],[127.139806,37.339153],[127.137686,37.339804],[127.136419,37.341135],[127.136139,37.342419],[127.137373,37.344508],[127.133173,37.348472],[127.132597,37.349541],[127.132913,37.351149],[127.134308,37.351785],[127.134541,37.352906],[127.133633,37.355433],[127.134836,37.35792],[127.137318,37.359455],[127.139803,37.360094],[127.142068,37.35941],[127.144082,37.359418],[127.149383,37.361125],[127.152784,37.363457],[127.154176,37.365754],[127.154829,37.367958],[127.157456,37.369454],[127.160592,37.372682],[127.161246,37.376328],[127.160875,37.377391],[127.161822,37.37969],[127.167921,37.380299],[127.173365,37.382713],[127.176557,37.385206],[127.17716,37.38714],[127.168261,37.392592],[127.168215,37.395481],[127.169166,37.396173],[127.173875,37.4055],[127.177319,37.409836],[127.177901,37.412562],[127.177761,37.413951],[127.180501,37.415771],[127.183159,37.415023],[127.184736,37.415552],[127.185317,37.416297],[127.185582,37.418531],[127.190306,37.421912],[127.191819,37.422244],[127.194336,37.424675],[127.194467,37.425355],[127.193405,37.426143],[127.194391,37.429782],[127.195434,37.430947],[127.194574,37.431925],[127.193836,37.433784],[127.193649,37.439165],[127.195819,37.443587],[127.194842,37.451171],[127.191664,37.457033],[127.189379,37.458347],[127.187297,37.458172],[127.184755,37.458831],[127.182158,37.463783],[127.181716,37.465536],[127.182188,37.467814],[127.18205,37.470603],[127.180926,37.473439],[127.180459,37.473985],[127.177217,37.47544],[127.175333,37.477123],[127.1758,37.484746],[127.177723,37.487206],[127.178394,37.485376],[127.18388,37.483953],[127.185654,37.481158],[127.188584,37.480339],[127.191797,37.480706],[127.198403,37.479601],[127.200243,37.480719],[127.200965,37.482304],[127.200678,37.482921],[127.201832,37.484088],[127.202115,37.483135],[127.204047,37.480582],[127.205019,37.480301],[127.21555,37.482301],[127.218697,37.481629],[127.220822,37.480638],[127.221338,37.479939],[127.226982,37.478326],[127.228391,37.477479],[127.244357,37.476578],[127.246751,37.479424],[127.247015,37.480523],[127.246949,37.481019],[127.245103,37.481689],[127.24443,37.485097],[127.246332,37.486043],[127.248538,37.486314],[127.25044,37.485499],[127.253605,37.485055],[127.253702,37.48657],[127.25594,37.488568],[127.257212,37.488547],[127.258431,37.48968],[127.259188,37.491052],[127.259073,37.492228],[127.257894,37.494421],[127.255063,37.498025],[127.253242,37.503233],[127.254621,37.506312],[127.262134,37.507381],[127.2683,37.506363],[127.274613,37.508411],[127.277549,37.510351],[127.27796,37.511292],[127.28028,37.513142],[127.283564,37.514373],[127.285701,37.514398],[127.287345,37.50673],[127.289888,37.505701],[127.294841,37.505678],[127.302154,37.508638],[127.305403,37.512233],[127.306764,37.514715],[127.306688,37.519438],[127.308493,37.519713],[127.309323,37.520702],[127.308931,37.527127],[127.312952,37.528495],[127.314966,37.528516],[127.316678,37.529359],[127.324237,37.535051],[127.326412,37.535666],[127.331446,37.535409],[127.33434,37.534815],[127.340415,37.534735],[127.343814,37.535707],[127.346247,37.535862],[127.349607,37.535862],[127.353806,37.535182],[127.355225,37.534809]]]]},"properties":{"id":"31250","title":"광주시"}},{"type":"Feature","geometry":{"type":"MultiPolygon","coordinates":[[[[127.146058,37.644246],[127.149401,37.639378],[127.149156,37.634631],[127.148823,37.633578],[127.147039,37.631465],[127.144728,37.630058],[127.142827,37.62322],[127.143486,37.620658],[127.145951,37.618145],[127.146294,37.61705],[127.146484,37.615685],[127.145528,37.613447],[127.147898,37.609964],[127.148072,37.60609],[127.150603,37.599944],[127.153656,37.597431],[127.156122,37.596288],[127.159314,37.595635],[127.163804,37.595755],[127.16665,37.594823],[127.168272,37.593433],[127.168953,37.591793],[127.16847,37.590834],[127.166135,37.589869],[127.162619,37.589689],[127.160986,37.58838],[127.16049,37.586772],[127.161257,37.58537],[127.16237,37.584585],[127.165568,37.584184],[127.170598,37.581029],[127.168648,37.578997],[127.166747,37.578976],[127.162555,37.57673],[127.156899,37.572954],[127.14895,37.568434],[127.137666,37.568424],[127.134266,37.567954],[127.12861,37.56616],[127.122956,37.56349],[127.117303,37.559426],[127.115226,37.55676],[127.112297,37.559],[127.108543,37.558245],[127.106396,37.556462],[127.104929,37.556422],[127.101859,37.559494],[127.101122,37.561051],[127.10423,37.571388],[127.10313,37.572279],[127.101665,37.572401],[127.100888,37.573763],[127.101144,37.576071],[127.103025,37.578907],[127.102894,37.579907],[127.10344,37.580595],[127.108967,37.583379],[127.110155,37.58743],[127.113095,37.592857],[127.116664,37.594017],[127.116877,37.595497],[127.1141,37.600129],[127.118047,37.604602],[127.118095,37.605472],[127.116698,37.608849],[127.117374,37.612245],[127.116672,37.616015],[127.117252,37.616742],[127.116193,37.618948],[127.111305,37.620692],[127.105556,37.620371],[127.104909,37.621567],[127.104066,37.621653],[127.104328,37.623271],[127.105964,37.627331],[127.111371,37.631228],[127.112203,37.632643],[127.112483,37.636489],[127.111257,37.642375],[127.111849,37.643446],[127.113039,37.643584],[127.113832,37.643232],[127.115629,37.643783],[127.126656,37.641436],[127.13159,37.641907],[127.139155,37.645886],[127.140419,37.646081],[127.141855,37.645887],[127.145803,37.64435],[127.146058,37.644246]]]]},"properties":{"id":"31120","title":"구리시"}},{"type":"Feature","geometry":{"type":"MultiPolygon","coordinates":[[[[126.941709,37.378656],[126.946502,37.375761],[126.945648,37.374342],[126.94574,37.373306],[126.947932,37.369311],[126.95353,37.365946],[126.955102,37.366284],[126.957018,37.366035],[126.962061,37.361635],[126.961683,37.358793],[126.960573,37.356562],[126.961772,37.355791],[126.961917,37.354608],[126.961524,37.352094],[126.95946,37.348156],[126.958356,37.347128],[126.957679,37.344371],[126.953258,37.340819],[126.948323,37.340319],[126.948032,37.326743],[126.945272,37.3202],[126.937948,37.322917],[126.935793,37.322853],[126.935028,37.320735],[126.932695,37.318643],[126.929312,37.316749],[126.93006,37.312857],[126.930557,37.311903],[126.931505,37.311498],[126.932703,37.309246],[126.932907,37.308399],[126.932343,37.307876],[126.930857,37.307209],[126.92517,37.306907],[126.922317,37.306347],[126.920795,37.305463],[126.91634,37.305054],[126.914964,37.30554],[126.914646,37.312432],[126.915367,37.313695],[126.915685,37.315506],[126.914027,37.315928],[126.91256,37.315567],[126.910235,37.316673],[126.910291,37.317493],[126.911621,37.317809],[126.911846,37.318341],[126.907646,37.32182],[126.898577,37.320214],[126.89385,37.319696],[126.891537,37.31991],[126.887366,37.31777],[126.88531,37.319571],[126.882713,37.321064],[126.88128,37.321089],[126.880819,37.32053],[126.878011,37.319572],[126.874286,37.321082],[126.874769,37.321866],[126.874418,37.322596],[126.87321,37.32309],[126.872888,37.326676],[126.873561,37.328938],[126.877053,37.332699],[126.881586,37.334515],[126.880964,37.335316],[126.88545,37.338799],[126.886484,37.341593],[126.886893,37.346936],[126.888583,37.349208],[126.891884,37.351879],[126.893788,37.355322],[126.894147,37.356719],[126.895826,37.358973],[126.896378,37.359485],[126.900713,37.358893],[126.903775,37.359956],[126.906439,37.361528],[126.91042,37.368585],[126.910206,37.369767],[126.912349,37.373483],[126.913555,37.373212],[126.915323,37.375469],[126.919332,37.377039],[126.92198,37.376821],[126.932801,37.377602],[126.935702,37.375892],[126.937074,37.376195],[126.939934,37.375923],[126.940959,37.377124],[126.940475,37.378631],[126.941709,37.378656]]]]},"properties":{"id":"31160","title":"군포시"}},{"type":"Feature","geometry":{"type":"MultiPolygon","coordinates":[[[[126.549919,37.596112],[126.548708,37.598108],[126.547218,37.602209],[126.547555,37.604851],[126.54866,37.606359],[126.550558,37.601496],[126.550758,37.597427],[126.550188,37.596226],[126.549919,37.596112]]],[[[126.579678,37.76234],[126.593773,37.761156],[126.608122,37.766566],[126.619208,37.775855],[126.625503,37.779137],[126.632077,37.780941],[126.663034,37.780683],[126.665106,37.769328],[126.675433,37.752953],[126.68029,37.731687],[126.680183,37.726822],[126.678195,37.717467],[126.674991,37.71173],[126.673951,37.700299],[126.673609,37.700302],[126.672462,37.696011],[126.670356,37.685117],[126.671043,37.68155],[126.672592,37.678041],[126.675639,37.673558],[126.677971,37.67152],[126.69202,37.6641],[126.714523,37.653504],[126.724837,37.648943],[126.729187,37.648525],[126.732603,37.647478],[126.734684,37.646362],[126.736322,37.643113],[126.740402,37.640315],[126.741958,37.638441],[126.746036,37.635242],[126.751367,37.632763],[126.754585,37.632059],[126.768562,37.625158],[126.786151,37.614881],[126.797167,37.607774],[126.802581,37.605033],[126.798053,37.600208],[126.797082,37.597739],[126.797515,37.595042],[126.800287,37.592042],[126.801164,37.589398],[126.800739,37.58784],[126.793441,37.58452],[126.793695,37.581594],[126.787048,37.58558],[126.784113,37.582585],[126.78205,37.583838],[126.780082,37.584335],[126.772752,37.585095],[126.767667,37.588232],[126.766754,37.587222],[126.763824,37.585856],[126.7634,37.585084],[126.758792,37.585031],[126.757985,37.585328],[126.75565,37.582893],[126.755539,37.581422],[126.756056,37.580903],[126.755726,37.580328],[126.752481,37.579811],[126.749573,37.581151],[126.749633,37.582722],[126.749055,37.584862],[126.747239,37.586796],[126.744781,37.59065],[126.739404,37.592945],[126.739013,37.593703],[126.736774,37.592974],[126.736746,37.59099],[126.736265,37.590507],[126.729902,37.592215],[126.725462,37.591875],[126.722044,37.595814],[126.716377,37.599407],[126.715814,37.601681],[126.714067,37.603854],[126.711274,37.605012],[126.709603,37.60513],[126.708408,37.604911],[126.704681,37.602475],[126.704003,37.604655],[126.706125,37.607677],[126.706186,37.60989],[126.705447,37.612054],[126.704744,37.611679],[126.700905,37.614271],[126.699932,37.615601],[126.694469,37.620339],[126.68887,37.622016],[126.683734,37.62523],[126.682836,37.62478],[126.680879,37.627522],[126.680702,37.62844],[126.679134,37.629587],[126.674705,37.629879],[126.674147,37.63205],[126.672422,37.633842],[126.666974,37.635939],[126.665489,37.636235],[126.664615,37.63597],[126.662748,37.63676],[126.661631,37.636632],[126.660412,37.637334],[126.654009,37.638214],[126.651507,37.637283],[126.651775,37.636454],[126.651505,37.635147],[126.650415,37.63263],[126.647564,37.628933],[126.64711,37.627478],[126.645697,37.628413],[126.644645,37.628516],[126.637191,37.626703],[126.637376,37.62499],[126.636574,37.62049],[126.633732,37.619245],[126.632169,37.61763],[126.63212,37.615125],[126.629333,37.610583],[126.62779,37.606401],[126.625657,37.603579],[126.623274,37.602483],[126.620916,37.603686],[126.616488,37.603718],[126.615522,37.605682],[126.614356,37.606287],[126.60947,37.604544],[126.607066,37.601699],[126.603629,37.598993],[126.591564,37.593012],[126.591722,37.592663],[126.574842,37.58835],[126.574307,37.589311],[126.560908,37.600566],[126.559589,37.599686],[126.55979,37.601236],[126.557305,37.60562],[126.556425,37.605738],[126.55451,37.609339],[126.555094,37.610933],[126.555316,37.614959],[126.55049,37.628189],[126.547304,37.634271],[126.544163,37.637972],[126.541377,37.638071],[126.539234,37.639653],[126.537226,37.644714],[126.538254,37.644808],[126.535361,37.650879],[126.531484,37.6548],[126.531617,37.655161],[126.53773,37.656553],[126.541815,37.658995],[126.543357,37.660776],[126.54416,37.662923],[126.542816,37.664017],[126.540463,37.665035],[126.539596,37.665941],[126.539568,37.666923],[126.540353,37.668224],[126.539723,37.669257],[126.534607,37.671742],[126.527864,37.673337],[126.526827,37.674252],[126.530048,37.677607],[126.531202,37.679747],[126.533478,37.685477],[126.533876,37.688948],[126.533468,37.693959],[126.531864,37.702346],[126.530987,37.704739],[126.530287,37.706097],[126.528131,37.707989],[126.524207,37.709919],[126.522249,37.712704],[126.521626,37.714414],[126.521955,37.719658],[126.522947,37.724176],[126.529951,37.741205],[126.531034,37.747462],[126.530689,37.749993],[126.528651,37.752967],[126.525358,37.756755],[126.520832,37.760026],[126.51834,37.76279],[126.519671,37.765823],[126.522021,37.767454],[126.5245,37.768455],[126.51705,37.771029],[126.517998,37.777069],[126.522783,37.790098],[126.55468,37.777619],[126.575345,37.762704],[126.579678,37.76234]]]]},"properties":{"id":"31230","title":"김포시"}},{"type":"Feature","geometry":{"type":"MultiPolygon","coordinates":[[[[127.273479,37.773832],[127.277452,37.774768],[127.280999,37.775108],[127.285356,37.774674],[127.294336,37.775165],[127.302593,37.773478],[127.306677,37.77044],[127.311378,37.768149],[127.316205,37.768911],[127.32046,37.766115],[127.328902,37.75783],[127.332445,37.753714],[127.333951,37.752717],[127.332499,37.750081],[127.333349,37.747502],[127.335172,37.744019],[127.335995,37.742818],[127.339814,37.739411],[127.341638,37.738757],[127.342495,37.737628],[127.343697,37.732679],[127.342898,37.729212],[127.344662,37.727856],[127.34925,37.726617],[127.355449,37.723612],[127.354754,37.722411],[127.354082,37.719314],[127.3545,37.716493],[127.35364,37.712261],[127.353827,37.710909],[127.354527,37.710285],[127.355221,37.708355],[127.354873,37.706824],[127.353597,37.705494],[127.353353,37.70436],[127.358727,37.699235],[127.359051,37.698297],[127.358396,37.696452],[127.358647,37.694569],[127.363608,37.69349],[127.370046,37.693029],[127.37206,37.692239],[127.371476,37.69106],[127.370885,37.690729],[127.366492,37.68967],[127.366206,37.689068],[127.366505,37.687733],[127.368388,37.685655],[127.369904,37.685038],[127.374322,37.682096],[127.374659,37.681419],[127.373682,37.678719],[127.375066,37.67667],[127.376646,37.675277],[127.377472,37.675004],[127.379275,37.677278],[127.380986,37.677263],[127.379598,37.674087],[127.377481,37.665625],[127.375594,37.655238],[127.372298,37.648992],[127.371243,37.647668],[127.37151,37.647652],[127.371256,37.646634],[127.367317,37.64052],[127.363152,37.636776],[127.358177,37.634277],[127.353223,37.628749],[127.350202,37.624534],[127.345368,37.613034],[127.341858,37.593259],[127.338106,37.584899],[127.337262,37.583935],[127.336528,37.581399],[127.331502,37.571115],[127.325299,37.56069],[127.31864,37.551842],[127.314922,37.547572],[127.310434,37.540412],[127.307573,37.532734],[127.306424,37.52825],[127.305923,37.521873],[127.306761,37.51951],[127.306762,37.514708],[127.305403,37.512233],[127.302154,37.508638],[127.295054,37.505741],[127.292624,37.5055],[127.289888,37.505701],[127.287345,37.50673],[127.28463,37.521062],[127.281279,37.525112],[127.273607,37.528638],[127.264873,37.532058],[127.259135,37.53561],[127.250781,37.539739],[127.247277,37.541322],[127.242168,37.542918],[127.238134,37.546243],[127.236226,37.550453],[127.23459,37.555622],[127.23223,37.559874],[127.228635,37.563097],[127.222098,37.564867],[127.220679,37.566164],[127.220201,37.566864],[127.219813,37.573717],[127.213368,37.576938],[127.204584,37.586925],[127.202161,37.589115],[127.196486,37.591079],[127.183333,37.591717],[127.18017,37.58802],[127.170598,37.581029],[127.165568,37.584184],[127.16237,37.584585],[127.161257,37.58537],[127.16049,37.586772],[127.161122,37.588543],[127.162619,37.589689],[127.166135,37.589869],[127.167869,37.590479],[127.168885,37.591635],[127.168864,37.592496],[127.16665,37.594823],[127.163255,37.5959],[127.160424,37.595555],[127.156122,37.596288],[127.153656,37.597431],[127.150603,37.599944],[127.148072,37.60609],[127.147898,37.609964],[127.145528,37.613447],[127.146484,37.615685],[127.145951,37.618145],[127.143486,37.620658],[127.142896,37.622461],[127.142902,37.624262],[127.144728,37.630058],[127.147039,37.631465],[127.148823,37.633578],[127.149156,37.634631],[127.149401,37.639378],[127.146058,37.644246],[127.141855,37.645887],[127.139739,37.646009],[127.132957,37.642901],[127.13159,37.641907],[127.126656,37.641436],[127.115629,37.643783],[127.113832,37.643232],[127.112538,37.643621],[127.111849,37.643446],[127.111257,37.642375],[127.109898,37.642488],[127.107692,37.644967],[127.106576,37.645377],[127.1028,37.645205],[127.098908,37.644034],[127.09457,37.644571],[127.092466,37.64971],[127.093266,37.650618],[127.094008,37.652729],[127.091132,37.658243],[127.091207,37.659335],[127.092174,37.660793],[127.094142,37.663299],[127.095411,37.66389],[127.09468,37.664921],[127.094581,37.666172],[127.095749,37.67062],[127.09353,37.676739],[127.09219,37.67803],[127.091947,37.67919],[127.092919,37.681552],[127.096423,37.685637],[127.095996,37.689071],[127.093037,37.689966],[127.090605,37.689581],[127.086531,37.689912],[127.085177,37.69039],[127.083853,37.693867],[127.081105,37.696137],[127.080233,37.699513],[127.083976,37.701883],[127.095039,37.702734],[127.098153,37.703601],[127.103914,37.707214],[127.10719,37.707578],[127.108447,37.708197],[127.109311,37.709817],[127.108867,37.711854],[127.109027,37.713354],[127.111576,37.717255],[127.112256,37.717759],[127.114007,37.717765],[127.115044,37.717313],[127.116356,37.718014],[127.118066,37.72086],[127.121227,37.722145],[127.123063,37.721932],[127.123759,37.722755],[127.125784,37.727469],[127.125919,37.73044],[127.125478,37.733351],[127.123874,37.734995],[127.123687,37.735663],[127.123694,37.738955],[127.125349,37.742762],[127.128637,37.746223],[127.128363,37.74728],[127.128638,37.748081],[127.136342,37.74952],[127.138368,37.747416],[127.142674,37.747933],[127.146525,37.749855],[127.147256,37.751987],[127.146172,37.75552],[127.146774,37.756024],[127.148307,37.756112],[127.152875,37.753521],[127.155309,37.75113],[127.157972,37.749217],[127.16381,37.746929],[127.165945,37.747341],[127.170861,37.748937],[127.17286,37.750052],[127.17124,37.75109],[127.17303,37.754656],[127.172515,37.757728],[127.176718,37.759407],[127.179041,37.762719],[127.182824,37.764398],[127.185321,37.764502],[127.189504,37.762388],[127.194124,37.762984],[127.196685,37.761655],[127.202108,37.765295],[127.203639,37.764716],[127.205144,37.763245],[127.2072,37.76389],[127.20818,37.765447],[127.207925,37.767339],[127.210269,37.769443],[127.211642,37.769369],[127.213249,37.767735],[127.21265,37.764709],[127.212997,37.762816],[127.214659,37.760858],[127.217442,37.75871],[127.222809,37.757663],[127.223555,37.756517],[127.222507,37.755132],[127.223219,37.754373],[127.225123,37.75346],[127.228349,37.754499],[127.229306,37.755948],[127.233569,37.758453],[127.236177,37.761241],[127.236784,37.762834],[127.240053,37.763035],[127.243823,37.763982],[127.253516,37.767521],[127.259002,37.768689],[127.259943,37.768298],[127.261213,37.774513],[127.262276,37.776664],[127.265486,37.779144],[127.265736,37.780526],[127.269061,37.778883],[127.273413,37.773918],[127.273479,37.773832]]]]},"properties":{"id":"31130","title":"남양주시"}},{"type":"Feature","geometry":{"type":"MultiPolygon","coordinates":[[[[127.063656,37.975981],[127.066136,37.975232],[127.076802,37.976685],[127.080842,37.976385],[127.086189,37.974021],[127.089384,37.971685],[127.091379,37.971626],[127.09316,37.969439],[127.094181,37.966808],[127.092373,37.958809],[127.094964,37.956401],[127.098341,37.954777],[127.099272,37.952929],[127.098815,37.951515],[127.096432,37.948013],[127.096738,37.946652],[127.096212,37.944715],[127.09544,37.944255],[127.09961,37.941812],[127.108582,37.939605],[127.109284,37.936956],[127.112349,37.932899],[127.116211,37.929193],[127.116843,37.926012],[127.120395,37.921404],[127.120523,37.917272],[127.121502,37.91652],[127.126425,37.915911],[127.127767,37.916081],[127.12861,37.916756],[127.130111,37.916655],[127.13335,37.91548],[127.134666,37.913875],[127.139499,37.913798],[127.145466,37.912016],[127.146646,37.910807],[127.147969,37.906769],[127.147409,37.905274],[127.14779,37.902562],[127.149732,37.901587],[127.15006,37.900361],[127.149271,37.898127],[127.154997,37.895592],[127.155022,37.895042],[127.153247,37.890978],[127.14945,37.885694],[127.147631,37.87975],[127.147856,37.878543],[127.14684,37.87622],[127.145588,37.875446],[127.140838,37.875876],[127.136016,37.874458],[127.135049,37.87381],[127.131332,37.873364],[127.129639,37.874104],[127.128287,37.873953],[127.126842,37.87317],[127.123575,37.869976],[127.123229,37.866976],[127.119681,37.86588],[127.116749,37.866081],[127.111622,37.864816],[127.110879,37.862105],[127.108859,37.860383],[127.108309,37.860368],[127.107266,37.862514],[127.10151,37.86669],[127.10042,37.867024],[127.098441,37.86635],[127.097805,37.866495],[127.095261,37.867803],[127.09357,37.869967],[127.088364,37.872198],[127.085845,37.872252],[127.082309,37.871444],[127.08058,37.870102],[127.079307,37.869968],[127.078171,37.870194],[127.076215,37.871699],[127.074991,37.872133],[127.07324,37.872107],[127.064453,37.869905],[127.062816,37.869086],[127.061224,37.868934],[127.060395,37.869393],[127.05968,37.87097],[127.059305,37.870551],[127.058159,37.873431],[127.053921,37.875559],[127.053093,37.87746],[127.048209,37.883183],[127.047585,37.885003],[127.048132,37.887418],[127.047951,37.888517],[127.045249,37.895437],[127.044587,37.894505],[127.043714,37.894447],[127.038756,37.895642],[127.028777,37.898875],[127.024978,37.898085],[127.021409,37.898651],[127.020636,37.899282],[127.020841,37.900237],[127.018579,37.901697],[127.012316,37.903359],[127.010632,37.904833],[127.010279,37.905806],[127.010666,37.90668],[127.01045,37.909896],[127.007972,37.911959],[127.006221,37.915221],[127.008666,37.917338],[127.012931,37.918662],[127.013374,37.919545],[127.013568,37.920887],[127.010964,37.922698],[127.009201,37.925059],[127.009725,37.92823],[127.013672,37.929842],[127.016858,37.936707],[127.020249,37.939175],[127.023536,37.939823],[127.026062,37.941264],[127.02777,37.94375],[127.028932,37.949174],[127.027773,37.953787],[127.028832,37.955877],[127.033373,37.957245],[127.035011,37.957362],[127.036365,37.956938],[127.038926,37.957532],[127.041828,37.960062],[127.043181,37.965016],[127.04543,37.970061],[127.044896,37.970719],[127.044669,37.972494],[127.046104,37.973881],[127.047333,37.974214],[127.049542,37.975862],[127.049453,37.978862],[127.052151,37.979491],[127.053299,37.980717],[127.056169,37.980012],[127.064148,37.97917],[127.063793,37.976675],[127.063656,37.975981]]]]},"properties":{"id":"31080","title":"동두천시"}},{"type":"Feature","geometry":{"type":"MultiPolygon","coordinates":[[[[126.771552,37.548318],[126.77258,37.548753],[126.775293,37.548971],[126.776744,37.548204],[126.777906,37.546668],[126.786946,37.545983],[126.79434,37.541448],[126.793803,37.539994],[126.794425,37.535829],[126.799462,37.537725],[126.798802,37.539606],[126.799274,37.540632],[126.80185,37.542716],[126.804412,37.543247],[126.807394,37.543579],[126.812334,37.540737],[126.822119,37.540677],[126.821933,37.53505],[126.825313,37.529959],[126.82707,37.529708],[126.828214,37.529029],[126.828428,37.526702],[126.828149,37.525833],[126.826127,37.524296],[126.825496,37.52336],[126.825617,37.52008],[126.823476,37.514898],[126.823904,37.509095],[126.824694,37.508321],[126.822347,37.506324],[126.82255,37.505685],[126.821564,37.502156],[126.81964,37.49921],[126.816097,37.497644],[126.814283,37.498268],[126.813012,37.4964],[126.814575,37.493193],[126.817889,37.491535],[126.820912,37.490717],[126.823587,37.487742],[126.821292,37.486177],[126.818997,37.479162],[126.818256,37.478164],[126.81721,37.478135],[126.816411,37.477537],[126.814965,37.47586],[126.814629,37.474649],[126.81764,37.473188],[126.818633,37.474081],[126.818416,37.474928],[126.819423,37.476328],[126.826267,37.476201],[126.831748,37.477651],[126.833052,37.477246],[126.832262,37.476311],[126.832314,37.472291],[126.833601,37.468012],[126.832996,37.465865],[126.830998,37.46574],[126.827797,37.463242],[126.826785,37.461736],[126.826101,37.459479],[126.823187,37.458383],[126.811138,37.460168],[126.808895,37.462128],[126.806556,37.462116],[126.804059,37.461508],[126.803189,37.461695],[126.800868,37.462908],[126.801001,37.463791],[126.794745,37.465726],[126.792429,37.46529],[126.789207,37.465644],[126.785147,37.470025],[126.784341,37.471258],[126.784304,37.472393],[126.779694,37.471456],[126.777764,37.471819],[126.774595,37.471421],[126.773692,37.471968],[126.767753,37.471743],[126.767081,37.47365],[126.76516,37.475182],[126.759159,37.47692],[126.754961,37.48092],[126.755549,37.482873],[126.754342,37.483678],[126.749994,37.485413],[126.749201,37.485127],[126.746876,37.485407],[126.742411,37.486914],[126.742411,37.490113],[126.741802,37.494482],[126.74376,37.501616],[126.741626,37.508825],[126.745933,37.515207],[126.750035,37.514348],[126.751996,37.515338],[126.752043,37.516425],[126.753436,37.51687],[126.756283,37.516606],[126.756996,37.516364],[126.757001,37.515879],[126.759406,37.515564],[126.760276,37.515916],[126.760542,37.516712],[126.760145,37.518005],[126.760607,37.519795],[126.760217,37.524861],[126.76026,37.532877],[126.760833,37.539056],[126.763619,37.547274],[126.766527,37.553111],[126.766204,37.554242],[126.76737,37.553132],[126.767465,37.551951],[126.771494,37.548356],[126.771552,37.548318]]]]},"properties":{"id":"31050","title":"부천시"}},{"type":"Feature","geometry":{"type":"MultiPolygon","coordinates":[[[[127.133872,37.416964],[127.143368,37.41509],[127.149255,37.410798],[127.151487,37.410339],[127.155638,37.411099],[127.15696,37.410582],[127.159949,37.408439],[127.165065,37.406458],[127.172584,37.405224],[127.174209,37.405751],[127.169166,37.396173],[127.168215,37.395481],[127.168245,37.392633],[127.17716,37.38714],[127.176557,37.385206],[127.173243,37.382652],[127.167921,37.380299],[127.161822,37.37969],[127.160875,37.377391],[127.161246,37.376328],[127.160592,37.372682],[127.157456,37.369454],[127.154829,37.367958],[127.154176,37.365754],[127.152746,37.36342],[127.149383,37.361125],[127.145053,37.359541],[127.142068,37.35941],[127.139803,37.360094],[127.137318,37.359455],[127.134836,37.35792],[127.133633,37.355433],[127.134541,37.352906],[127.134308,37.351785],[127.132913,37.351149],[127.132597,37.349541],[127.133173,37.348472],[127.137373,37.344508],[127.136139,37.342419],[127.136419,37.341135],[127.137872,37.339722],[127.135746,37.339599],[127.130516,37.337508],[127.122774,37.337018],[127.122108,37.336519],[127.120997,37.334488],[127.116924,37.333375],[127.113702,37.335675],[127.109137,37.335762],[127.104637,37.338093],[127.102409,37.340303],[127.102438,37.3419],[127.101874,37.343027],[127.100156,37.342626],[127.097855,37.342889],[127.093265,37.346797],[127.091058,37.347808],[127.085951,37.351659],[127.083328,37.351838],[127.080703,37.350119],[127.078086,37.349611],[127.076239,37.350566],[127.074009,37.355454],[127.07218,37.357163],[127.070598,37.357987],[127.062972,37.360444],[127.058134,37.360746],[127.055727,37.359954],[127.054292,37.360125],[127.053093,37.360924],[127.05319,37.363163],[127.052669,37.363792],[127.046735,37.367429],[127.046082,37.368297],[127.030604,37.372048],[127.027916,37.37196],[127.028201,37.379194],[127.029754,37.379542],[127.032277,37.381424],[127.037416,37.389699],[127.038496,37.392226],[127.0371,37.4013],[127.038027,37.402065],[127.043245,37.403885],[127.044998,37.40349],[127.05068,37.4035],[127.056148,37.40243],[127.063194,37.398507],[127.071737,37.397807],[127.074805,37.398017],[127.078269,37.399157],[127.083796,37.397058],[127.088776,37.401536],[127.089062,37.403034],[127.091794,37.404264],[127.092474,37.404102],[127.092471,37.405303],[127.094756,37.406978],[127.099854,37.407872],[127.100264,37.408806],[127.102446,37.409722],[127.105321,37.40845],[127.107109,37.40706],[127.11258,37.407536],[127.115931,37.40865],[127.118287,37.410509],[127.117517,37.412079],[127.117863,37.414932],[127.120541,37.416451],[127.122079,37.416901],[127.133296,37.417037],[127.133872,37.416964]]]]},"properties":{"id":"31023","title":"성남시 분당구"}},{"type":"Feature","geometry":{"type":"MultiPolygon","coordinates":[[[[127.157428,37.471138],[127.162449,37.471171],[127.166643,37.469656],[127.166469,37.469152],[127.16843,37.468771],[127.170675,37.469467],[127.171943,37.47073],[127.173034,37.47123],[127.175626,37.471961],[127.176086,37.471332],[127.17693,37.471603],[127.173876,37.46585],[127.166348,37.460528],[127.160931,37.454175],[127.156907,37.445006],[127.152286,37.442567],[127.144535,37.439645],[127.136398,37.43533],[127.126257,37.433041],[127.118454,37.432344],[127.117996,37.426205],[127.116979,37.421987],[127.117312,37.421371],[127.119277,37.421191],[127.119761,37.41903],[127.118959,37.416599],[127.119206,37.415661],[127.117863,37.414932],[127.117517,37.412079],[127.118287,37.410509],[127.116681,37.409056],[127.111504,37.407302],[127.107109,37.40706],[127.105321,37.40845],[127.102446,37.409722],[127.100264,37.408806],[127.099854,37.407872],[127.094756,37.406978],[127.092471,37.405303],[127.092474,37.404102],[127.091794,37.404264],[127.089062,37.403034],[127.088776,37.401536],[127.083796,37.397058],[127.078269,37.399157],[127.074805,37.398017],[127.071737,37.397807],[127.063194,37.398507],[127.056148,37.40243],[127.05068,37.4035],[127.044998,37.40349],[127.043245,37.403885],[127.042264,37.40729],[127.042762,37.408299],[127.046649,37.410739],[127.047113,37.412955],[127.046843,37.413748],[127.04429,37.414416],[127.041981,37.415719],[127.041893,37.417934],[127.042547,37.422553],[127.041833,37.423807],[127.041783,37.425139],[127.041957,37.427836],[127.042472,37.428454],[127.047015,37.430764],[127.04958,37.43027],[127.053458,37.428809],[127.061145,37.429985],[127.065698,37.429158],[127.069615,37.430612],[127.073843,37.437408],[127.072212,37.439383],[127.071626,37.441524],[127.072138,37.442263],[127.076011,37.442139],[127.080172,37.441051],[127.081444,37.441231],[127.082432,37.441579],[127.083805,37.443416],[127.087855,37.444894],[127.088327,37.448628],[127.088821,37.449749],[127.09354,37.455888],[127.095223,37.456394],[127.099306,37.456678],[127.103942,37.460051],[127.104472,37.46103],[127.104341,37.462174],[127.106672,37.462411],[127.11182,37.461644],[127.113334,37.461087],[127.112763,37.46053],[127.113955,37.459517],[127.115496,37.458698],[127.116895,37.45864],[127.116989,37.461485],[127.117475,37.462201],[127.124488,37.466644],[127.125199,37.467833],[127.124878,37.469597],[127.126681,37.468622],[127.130545,37.467739],[127.1328,37.468394],[127.132856,37.474626],[127.136397,37.47417],[127.154601,37.473521],[127.154492,37.471766],[127.156762,37.47125],[127.157428,37.471138]]]]},"properties":{"id":"31021","title":"성남시 수정구"}},{"type":"Feature","geometry":{"type":"MultiPolygon","coordinates":[[[[127.181032,37.473231],[127.18205,37.470603],[127.182188,37.467814],[127.181716,37.465536],[127.182158,37.463783],[127.184755,37.458831],[127.187297,37.458172],[127.189379,37.458347],[127.191664,37.457033],[127.194842,37.451171],[127.195819,37.443611],[127.193649,37.439165],[127.193836,37.433784],[127.194574,37.431925],[127.195434,37.430947],[127.194391,37.429782],[127.193405,37.426143],[127.194467,37.425355],[127.194336,37.424675],[127.191819,37.422244],[127.190306,37.421912],[127.185582,37.418531],[127.185317,37.416297],[127.184736,37.415552],[127.183159,37.415023],[127.180501,37.415771],[127.177761,37.413951],[127.177583,37.410689],[127.176892,37.409072],[127.174209,37.405751],[127.172584,37.405224],[127.165065,37.406458],[127.159949,37.408439],[127.15696,37.410582],[127.155638,37.411099],[127.151487,37.410339],[127.149255,37.410798],[127.143368,37.41509],[127.141957,37.415501],[127.133296,37.417037],[127.122079,37.416901],[127.119206,37.415661],[127.118959,37.416599],[127.119721,37.418815],[127.119694,37.420342],[127.119049,37.421368],[127.117676,37.421257],[127.117109,37.421458],[127.116979,37.421987],[127.117996,37.426205],[127.118454,37.432344],[127.126257,37.433041],[127.136398,37.43533],[127.144535,37.439645],[127.152286,37.442567],[127.156907,37.445006],[127.160931,37.454175],[127.166348,37.460528],[127.174096,37.466151],[127.17693,37.471603],[127.176086,37.471332],[127.175626,37.471961],[127.178754,37.474808],[127.180459,37.473985],[127.181016,37.473263],[127.181032,37.473231]]]]},"properties":{"id":"31022","title":"성남시 중원구"}},{"type":"Feature","geometry":{"type":"MultiPolygon","coordinates":[[[[126.942387,37.30034],[126.95096,37.30042],[126.957796,37.302161],[126.960805,37.302333],[126.963619,37.299758],[126.967999,37.294254],[126.968953,37.289574],[126.969958,37.288433],[126.96963,37.286627],[126.974668,37.28555],[126.978398,37.286641],[126.981278,37.283662],[126.9836,37.283821],[126.986927,37.28274],[126.987257,37.282174],[126.986147,37.278319],[126.988056,37.275152],[126.993245,37.277362],[126.99823,37.269624],[126.997817,37.269588],[126.998541,37.266558],[127.001167,37.263797],[127.003711,37.264225],[127.007027,37.263891],[127.00971,37.267054],[127.009829,37.267846],[127.013372,37.265926],[127.013241,37.264679],[127.013768,37.263957],[127.020609,37.264724],[127.031814,37.26166],[127.030478,37.25819],[127.036676,37.256521],[127.039585,37.254027],[127.042171,37.250981],[127.039157,37.247032],[127.040228,37.244251],[127.039314,37.243561],[127.036884,37.240181],[127.036778,37.2393],[127.037435,37.238539],[127.037321,37.237257],[127.034627,37.23657],[127.029915,37.231728],[127.026247,37.230747],[127.025109,37.231012],[127.02329,37.230746],[127.023277,37.225887],[127.021871,37.224544],[127.020719,37.225522],[127.014046,37.226703],[127.011383,37.226361],[127.008442,37.227019],[127.003327,37.230195],[127.002833,37.230001],[127.00336,37.228884],[127.001118,37.226519],[126.998766,37.225751],[126.997003,37.229254],[126.989466,37.231686],[126.989212,37.232132],[126.989533,37.233555],[126.987674,37.23424],[126.987426,37.233366],[126.986756,37.233519],[126.985099,37.231789],[126.981065,37.232527],[126.978953,37.230365],[126.972897,37.228728],[126.970476,37.22936],[126.969358,37.230781],[126.96788,37.234818],[126.964128,37.237191],[126.960914,37.238198],[126.957565,37.240013],[126.957975,37.242932],[126.956841,37.244661],[126.956175,37.246761],[126.952894,37.248747],[126.952497,37.251729],[126.950592,37.252462],[126.949825,37.254062],[126.950083,37.25571],[126.946756,37.257457],[126.939075,37.256669],[126.935794,37.256861],[126.935207,37.257397],[126.935173,37.258091],[126.932296,37.260811],[126.930639,37.261075],[126.928962,37.269522],[126.927061,37.271336],[126.926981,37.272061],[126.928538,37.276504],[126.927287,37.278805],[126.928446,37.283505],[126.929142,37.285974],[126.930601,37.286382],[126.931837,37.287866],[126.933037,37.291576],[126.934163,37.292398],[126.937133,37.293371],[126.93961,37.295397],[126.939357,37.296615],[126.937967,37.296868],[126.934097,37.29902],[126.932381,37.300864],[126.932606,37.30231],[126.932933,37.303042],[126.934335,37.303339],[126.936583,37.302836],[126.937167,37.302084],[126.940084,37.301532],[126.942387,37.30034]]]]},"properties":{"id":"31012","title":"수원시 권선구"}},{"type":"Feature","geometry":{"type":"MultiPolygon","coordinates":[[[[127.049822,37.315855],[127.052848,37.316083],[127.057632,37.315591],[127.058772,37.312435],[127.060566,37.310963],[127.060395,37.309602],[127.058166,37.304791],[127.060504,37.304088],[127.060835,37.303565],[127.060999,37.302195],[127.06011,37.299436],[127.060255,37.296654],[127.078974,37.293282],[127.079763,37.295117],[127.082809,37.297667],[127.086503,37.298292],[127.089629,37.298252],[127.088947,37.296259],[127.089204,37.293385],[127.088285,37.293175],[127.087989,37.290936],[127.088037,37.289912],[127.088993,37.28847],[127.089312,37.286871],[127.087625,37.285689],[127.085598,37.28503],[127.084415,37.285655],[127.082594,37.285274],[127.075451,37.282633],[127.071287,37.280594],[127.069784,37.278865],[127.06785,37.274595],[127.065915,37.272827],[127.064354,37.26992],[127.068979,37.267962],[127.070579,37.266617],[127.072067,37.266159],[127.077317,37.265686],[127.082393,37.268174],[127.084876,37.269912],[127.085511,37.268797],[127.086225,37.264864],[127.084489,37.262554],[127.082059,37.262074],[127.080778,37.259903],[127.08096,37.258493],[127.083645,37.258782],[127.084667,37.256475],[127.083635,37.254954],[127.082113,37.254262],[127.081751,37.2527],[127.082663,37.251635],[127.082317,37.249671],[127.08006,37.247402],[127.076137,37.247428],[127.07071,37.246444],[127.069295,37.245985],[127.067896,37.244684],[127.065473,37.24369],[127.066917,37.240185],[127.065147,37.240127],[127.060021,37.236303],[127.059436,37.235175],[127.058316,37.234184],[127.052697,37.231276],[127.052509,37.231541],[127.053775,37.23233],[127.053586,37.233398],[127.051528,37.234325],[127.046078,37.232846],[127.043793,37.236805],[127.044047,37.238572],[127.042097,37.239032],[127.037435,37.238539],[127.036778,37.2393],[127.037059,37.240507],[127.039314,37.243561],[127.040228,37.244251],[127.039157,37.247032],[127.042171,37.250981],[127.039585,37.254027],[127.036676,37.256521],[127.040561,37.265158],[127.033177,37.266996],[127.035549,37.268245],[127.037232,37.271083],[127.03689,37.271577],[127.03681,37.273851],[127.037258,37.274966],[127.040313,37.275162],[127.040857,37.275568],[127.045638,37.274173],[127.043913,37.275309],[127.043574,37.27963],[127.042742,37.28162],[127.041816,37.282717],[127.041751,37.284073],[127.043272,37.285323],[127.042922,37.285978],[127.041171,37.285569],[127.040478,37.284922],[127.0401,37.283825],[127.038673,37.283534],[127.039212,37.285693],[127.042503,37.288411],[127.041152,37.290937],[127.038084,37.293008],[127.035895,37.293565],[127.034083,37.293362],[127.035231,37.294189],[127.032978,37.297827],[127.032581,37.300493],[127.033324,37.304773],[127.033185,37.306893],[127.032391,37.309641],[127.032966,37.311691],[127.03464,37.313723],[127.036605,37.315172],[127.038645,37.31782],[127.038851,37.320485],[127.03982,37.320995],[127.043189,37.318695],[127.049002,37.316136],[127.049822,37.315855]]]]},"properties":{"id":"31014","title":"수원시 영통구"}},{"type":"Feature","geometry":{"type":"MultiPolygon","coordinates":[[[[127.025134,37.348379],[127.026229,37.348423],[127.027999,37.347707],[127.033389,37.344552],[127.03193,37.342103],[127.031338,37.338544],[127.031506,37.336802],[127.032715,37.33522],[127.034039,37.334453],[127.035861,37.33165],[127.036629,37.329395],[127.037404,37.328403],[127.038061,37.328335],[127.036926,37.326868],[127.037058,37.326198],[127.037805,37.324672],[127.039475,37.322719],[127.039699,37.320946],[127.038851,37.320485],[127.038645,37.31782],[127.036605,37.315172],[127.034132,37.313216],[127.032966,37.311691],[127.032391,37.309641],[127.033309,37.305289],[127.032581,37.300493],[127.032978,37.297827],[127.035231,37.294189],[127.034083,37.293362],[127.03165,37.292513],[127.026688,37.291369],[127.02482,37.289081],[127.0242,37.289417],[127.021883,37.287659],[127.020484,37.287134],[127.017579,37.287619],[127.01632,37.288602],[127.01464,37.289127],[127.00948,37.285512],[127.005631,37.286381],[127.002523,37.287936],[127.000683,37.289652],[126.997023,37.288782],[126.990489,37.286351],[126.989128,37.288597],[126.987728,37.289841],[126.986549,37.288698],[126.984698,37.291028],[126.977338,37.288359],[126.978398,37.286641],[126.975369,37.285604],[126.96963,37.286627],[126.969958,37.288433],[126.968953,37.289574],[126.967999,37.294254],[126.963619,37.299758],[126.960805,37.302333],[126.962034,37.30241],[126.963238,37.303521],[126.964969,37.305448],[126.966218,37.307796],[126.966858,37.31082],[126.966729,37.314909],[126.967066,37.317803],[126.96837,37.318656],[126.969012,37.320129],[126.967178,37.322285],[126.966624,37.323951],[126.967614,37.324785],[126.969737,37.328139],[126.971306,37.331764],[126.974577,37.329375],[126.981604,37.326578],[126.982919,37.326676],[126.985157,37.328797],[126.989663,37.330143],[126.989959,37.330677],[126.989746,37.332413],[126.991631,37.33401],[126.99331,37.334488],[127.000664,37.338568],[127.005193,37.339317],[127.008901,37.339304],[127.012353,37.344976],[127.012602,37.346979],[127.014283,37.349428],[127.018191,37.350952],[127.019757,37.351045],[127.024164,37.348679],[127.025134,37.348379]]]]},"properties":{"id":"31011","title":"수원시 장안구"}},{"type":"Feature","geometry":{"type":"MultiPolygon","coordinates":[[[[127.041152,37.290937],[127.042503,37.288411],[127.039212,37.285693],[127.038673,37.283534],[127.0401,37.283825],[127.040478,37.284922],[127.041171,37.285569],[127.042922,37.285978],[127.043272,37.285323],[127.041751,37.284073],[127.041816,37.282717],[127.042742,37.28162],[127.043574,37.27963],[127.043913,37.275309],[127.045638,37.274173],[127.040857,37.275568],[127.040313,37.275162],[127.037258,37.274966],[127.03681,37.273851],[127.03689,37.271577],[127.037232,37.271083],[127.035549,37.268245],[127.033177,37.266996],[127.040561,37.265158],[127.036676,37.256521],[127.030478,37.25819],[127.031814,37.26166],[127.020609,37.264724],[127.013768,37.263957],[127.013241,37.264679],[127.013372,37.265926],[127.009829,37.267846],[127.00971,37.267054],[127.007027,37.263891],[127.003711,37.264225],[127.001167,37.263797],[126.998541,37.266558],[126.997817,37.269588],[126.99823,37.269624],[126.993245,37.277362],[126.988056,37.275152],[126.986147,37.278319],[126.987257,37.282174],[126.98697,37.282699],[126.9836,37.283821],[126.981278,37.283662],[126.978398,37.286641],[126.977338,37.288359],[126.984698,37.291028],[126.986549,37.288698],[126.987728,37.289841],[126.989128,37.288597],[126.990489,37.286351],[126.997023,37.288782],[127.000683,37.289652],[127.002523,37.287936],[127.005631,37.286381],[127.00948,37.285512],[127.014308,37.289059],[127.01632,37.288602],[127.017579,37.287619],[127.020484,37.287134],[127.021883,37.287659],[127.0242,37.289417],[127.02482,37.289081],[127.026688,37.291369],[127.034083,37.293362],[127.035895,37.293565],[127.038084,37.293008],[127.040763,37.291377],[127.041152,37.290937]]]]},"properties":{"id":"31013","title":"수원시 팔달구"}},{"type":"Feature","geometry":{"type":"MultiPolygon","coordinates":[[[[126.78425,37.471537],[126.785147,37.470025],[126.789207,37.465644],[126.792429,37.46529],[126.794745,37.465726],[126.798829,37.46458],[126.801001,37.463791],[126.800868,37.462908],[126.803403,37.461642],[126.808895,37.462128],[126.811138,37.460168],[126.823187,37.458383],[126.826101,37.459479],[126.828573,37.459562],[126.829149,37.458579],[126.832396,37.459436],[126.833081,37.460295],[126.83445,37.459897],[126.837205,37.455766],[126.838396,37.455515],[126.838422,37.450703],[126.839076,37.447202],[126.838306,37.447025],[126.837884,37.444536],[126.837566,37.4417],[126.837797,37.437005],[126.839782,37.436585],[126.841447,37.434687],[126.842024,37.429099],[126.844992,37.422015],[126.844693,37.42064],[126.846373,37.412345],[126.847175,37.411384],[126.84927,37.410577],[126.85291,37.408305],[126.855111,37.403442],[126.857482,37.40225],[126.862191,37.401525],[126.870399,37.402181],[126.874731,37.401616],[126.876918,37.401929],[126.877097,37.400439],[126.87767,37.399792],[126.877784,37.39683],[126.875389,37.395417],[126.879232,37.384041],[126.880268,37.382462],[126.881632,37.376809],[126.881644,37.375917],[126.88072,37.374736],[126.879525,37.373725],[126.876141,37.372118],[126.875084,37.369909],[126.865028,37.361861],[126.857039,37.360572],[126.855833,37.359453],[126.850976,37.361042],[126.849389,37.364166],[126.848271,37.364769],[126.847177,37.364146],[126.841471,37.362795],[126.841636,37.363219],[126.840597,37.363713],[126.83245,37.36217],[126.830135,37.362491],[126.828925,37.363625],[126.826001,37.364503],[126.824281,37.365906],[126.821485,37.363866],[126.820237,37.361774],[126.816556,37.357722],[126.814628,37.356972],[126.813543,37.357222],[126.812055,37.356427],[126.811516,37.355629],[126.809248,37.355134],[126.807542,37.35569],[126.803688,37.353647],[126.801259,37.354427],[126.79969,37.354397],[126.796792,37.353392],[126.795415,37.35507],[126.794308,37.353847],[126.791704,37.352518],[126.790288,37.350272],[126.790599,37.347948],[126.792396,37.343239],[126.791032,37.342444],[126.788333,37.339267],[126.785527,37.338001],[126.781571,37.340174],[126.774017,37.341412],[126.772364,37.343184],[126.771125,37.34265],[126.768395,37.342374],[126.767204,37.34272],[126.760793,37.341034],[126.757599,37.338002],[126.749719,37.333557],[126.747632,37.324833],[126.74655,37.324723],[126.738544,37.32967],[126.71985,37.310079],[126.717539,37.308284],[126.71154,37.309007],[126.705571,37.310762],[126.692181,37.318906],[126.685188,37.320077],[126.681235,37.319961],[126.680685,37.319657],[126.676449,37.320205],[126.676271,37.321808],[126.674663,37.324602],[126.671243,37.329038],[126.619067,37.314486],[126.616175,37.313773],[126.614905,37.31389],[126.614404,37.314452],[126.616113,37.31509],[126.620499,37.315707],[126.685912,37.333948],[126.6913,37.335773],[126.691609,37.337085],[126.691208,37.339298],[126.689823,37.340032],[126.685717,37.341143],[126.688506,37.348756],[126.693593,37.348357],[126.701384,37.350434],[126.703199,37.35125],[126.700432,37.353653],[126.700708,37.354798],[126.728047,37.383932],[126.730972,37.386569],[126.732955,37.386222],[126.742012,37.382567],[126.743305,37.384524],[126.743138,37.385724],[126.742431,37.384609],[126.74181,37.384484],[126.740049,37.385285],[126.740901,37.386995],[126.737478,37.388339],[126.735218,37.3872],[126.734205,37.387927],[126.733916,37.389078],[126.734675,37.390376],[126.738137,37.393895],[126.743929,37.398361],[126.756864,37.396846],[126.762039,37.397414],[126.762733,37.39697],[126.763699,37.394378],[126.764319,37.394108],[126.772795,37.39414],[126.777042,37.391869],[126.778877,37.393173],[126.779126,37.393835],[126.770948,37.395061],[126.76648,37.394963],[126.766294,37.395397],[126.766903,37.396436],[126.766561,37.397099],[126.763904,37.399297],[126.750517,37.400669],[126.749003,37.403762],[126.751152,37.40695],[126.753324,37.408307],[126.754353,37.412829],[126.755402,37.41344],[126.755703,37.415302],[126.754362,37.41751],[126.755046,37.41821],[126.753254,37.422702],[126.758681,37.425802],[126.760323,37.426326],[126.762234,37.426833],[126.762287,37.426297],[126.764526,37.426034],[126.769161,37.427471],[126.770708,37.430313],[126.770495,37.433353],[126.77114,37.434774],[126.771203,37.436479],[126.769355,37.442173],[126.771111,37.446414],[126.770333,37.4475],[126.770966,37.448802],[126.773742,37.450517],[126.779037,37.451061],[126.780432,37.454978],[126.778056,37.457],[126.778529,37.462036],[126.77982,37.465831],[126.779434,37.468301],[126.777867,37.470023],[126.777891,37.470758],[126.778197,37.471795],[126.780395,37.471494],[126.784304,37.472393],[126.78425,37.471537]],[[126.788273,37.395167],[126.784476,37.392141],[126.783411,37.392335],[126.781213,37.394353],[126.780791,37.394248],[126.78427,37.391594],[126.789511,37.395471],[126.791567,37.393114],[126.789398,37.39714],[126.788867,37.403805],[126.790457,37.404857],[126.79199,37.405296],[126.791527,37.405601],[126.788601,37.404246],[126.788368,37.40207],[126.786015,37.402889],[126.787847,37.407764],[126.787064,37.406868],[126.785916,37.403043],[126.78633,37.40236],[126.788177,37.401664],[126.788606,37.401025],[126.789262,37.397895],[126.789044,37.396352],[126.788273,37.395167]]]]},"properties":{"id":"31150","title":"시흥시"}},{"type":"Feature","geometry":{"type":"MultiPolygon","coordinates":[[[[126.460544,37.087988],[126.458345,37.088148],[126.456185,37.089034],[126.455565,37.090005],[126.455444,37.09119],[126.458574,37.093005],[126.460659,37.089638],[126.460977,37.088405],[126.460553,37.08799],[126.460544,37.087988]]],[[[126.449525,37.095304],[126.448675,37.095914],[126.447083,37.098935],[126.447177,37.10024],[126.448163,37.100779],[126.448795,37.101676],[126.448776,37.104489],[126.45045,37.101708],[126.450054,37.100803],[126.450226,37.099764],[126.453683,37.097199],[126.452124,37.095987],[126.449533,37.095306],[126.449525,37.095304]]],[[[126.386108,37.116468],[126.388214,37.115125],[126.390382,37.115191],[126.394019,37.113169],[126.393344,37.112599],[126.392693,37.11274],[126.392687,37.111919],[126.394545,37.107456],[126.395229,37.102046],[126.394585,37.100654],[126.392465,37.09917],[126.391546,37.099359],[126.388905,37.101722],[126.383971,37.103578],[126.379785,37.105707],[126.379924,37.10813],[126.378991,37.111587],[126.379834,37.113778],[126.380318,37.114311],[126.386095,37.116476],[126.386108,37.116468]]],[[[126.631263,37.185999],[126.630542,37.185722],[126.630452,37.186297],[126.631735,37.187762],[126.632952,37.188674],[126.634271,37.188417],[126.631775,37.186221],[126.631263,37.185999]]],[[[126.543822,37.205922],[126.544647,37.205986],[126.543997,37.205901],[126.543822,37.205922]]],[[[126.543822,37.205922],[126.542328,37.20558],[126.542271,37.203922],[126.541614,37.202681],[126.538146,37.198483],[126.536877,37.197841],[126.535528,37.198036],[126.533815,37.199102],[126.539731,37.207051],[126.543715,37.205935],[126.543822,37.205922]]],[[[126.617579,37.223812],[126.615179,37.223542],[126.614615,37.223864],[126.614632,37.225324],[126.616662,37.227061],[126.618066,37.224923],[126.617635,37.22382],[126.617579,37.223812]]],[[[126.61251,37.278581],[126.61175,37.278347],[126.609791,37.279382],[126.61251,37.278581]]],[[[126.630416,37.280306],[126.634813,37.276716],[126.635211,37.274977],[126.632969,37.276498],[126.629704,37.279621],[126.630416,37.280306]]],[[[126.630416,37.280306],[126.630729,37.280607],[126.630416,37.280306]]],[[[126.61251,37.278581],[126.62888,37.284098],[126.630061,37.280518],[126.629115,37.280202],[126.62612,37.282687],[126.625622,37.282689],[126.612981,37.278443],[126.61251,37.278581]]],[[[126.585585,37.290962],[126.586554,37.291175],[126.58636,37.290996],[126.585585,37.290962]]],[[[126.585585,37.290962],[126.582812,37.29],[126.582175,37.288465],[126.582547,37.286921],[126.583858,37.284559],[126.584397,37.284603],[126.589033,37.29017],[126.59047,37.289634],[126.609791,37.279382],[126.608481,37.279768],[126.589215,37.289974],[126.585136,37.285189],[126.585543,37.284042],[126.586417,37.286047],[126.588549,37.285255],[126.590054,37.283512],[126.598293,37.277593],[126.611716,37.272512],[126.618564,37.26713],[126.62426,37.264048],[126.624635,37.265163],[126.624195,37.266352],[126.625167,37.267803],[126.635892,37.270569],[126.636761,37.271156],[126.636337,37.271971],[126.636788,37.272396],[126.642972,37.269023],[126.639285,37.264474],[126.640716,37.261963],[126.641483,37.262596],[126.6396,37.264674],[126.643041,37.268572],[126.643548,37.267672],[126.643368,37.269606],[126.64268,37.271313],[126.640325,37.274094],[126.631167,37.280942],[126.640428,37.274316],[126.642655,37.271908],[126.643636,37.269681],[126.643952,37.266658],[126.642307,37.26313],[126.638617,37.259509],[126.637551,37.257917],[126.636788,37.255152],[126.636998,37.253064],[126.642624,37.241154],[126.652081,37.230273],[126.653017,37.228538],[126.654608,37.22507],[126.655359,37.215509],[126.654995,37.209624],[126.65278,37.199752],[126.652062,37.198197],[126.646529,37.191447],[126.645049,37.192245],[126.642712,37.195788],[126.641898,37.198601],[126.642537,37.200873],[126.642394,37.202365],[126.6416,37.204372],[126.642457,37.206015],[126.64484,37.206219],[126.646103,37.20697],[126.646937,37.208455],[126.646824,37.210961],[126.640787,37.215195],[126.637402,37.216649],[126.629224,37.218263],[126.626049,37.202399],[126.628992,37.218543],[126.627027,37.218589],[126.626368,37.219139],[126.625948,37.221031],[126.626388,37.221468],[126.623419,37.22666],[126.623321,37.234016],[126.624313,37.235059],[126.624077,37.235515],[126.622134,37.23619],[126.620939,37.235641],[126.619303,37.233281],[126.619097,37.232102],[126.620118,37.231009],[126.619977,37.230384],[126.6188,37.229504],[126.615056,37.231005],[126.613264,37.233041],[126.610873,37.233943],[126.609673,37.232848],[126.609934,37.230742],[126.60682,37.230118],[126.602591,37.230443],[126.600302,37.228217],[126.59193,37.233681],[126.588892,37.233611],[126.588907,37.232871],[126.591086,37.232399],[126.596019,37.229679],[126.603437,37.223955],[126.604496,37.223842],[126.609877,37.220558],[126.611309,37.219098],[126.613373,37.211979],[126.615203,37.209454],[126.612402,37.208353],[126.607404,37.211806],[126.604879,37.212316],[126.604009,37.209878],[126.599457,37.201509],[126.595363,37.198347],[126.599423,37.201627],[126.604084,37.21022],[126.60267,37.208112],[126.601688,37.208743],[126.604824,37.212412],[126.601288,37.22146],[126.600541,37.221343],[126.600312,37.217644],[126.595181,37.214302],[126.590768,37.213497],[126.589345,37.213857],[126.588764,37.21461],[126.588728,37.215689],[126.586736,37.220631],[126.58475,37.221326],[126.57645,37.22032],[126.576711,37.219217],[126.575882,37.216661],[126.572885,37.210092],[126.571218,37.208096],[126.569396,37.206719],[126.568316,37.204525],[126.568045,37.201357],[126.569175,37.200427],[126.569581,37.199254],[126.563037,37.194075],[126.563023,37.193203],[126.562688,37.192976],[126.562178,37.19315],[126.560584,37.198398],[126.556866,37.201987],[126.553675,37.203889],[126.552715,37.202955],[126.550298,37.202756],[126.549969,37.203977],[126.551292,37.204904],[126.549481,37.205556],[126.544647,37.205986],[126.545216,37.20672],[126.545578,37.209252],[126.544736,37.212746],[126.543554,37.214261],[126.544027,37.214991],[126.547686,37.215583],[126.553536,37.214431],[126.555939,37.215708],[126.557109,37.21788],[126.553181,37.222671],[126.551998,37.223522],[126.54587,37.223736],[126.541619,37.224591],[126.540822,37.2289],[126.542701,37.228002],[126.544422,37.229428],[126.544447,37.231408],[126.543971,37.232363],[126.544389,37.233434],[126.547615,37.233752],[126.554026,37.233448],[126.556414,37.234122],[126.558007,37.235674],[126.559772,37.236108],[126.562988,37.236549],[126.568236,37.236335],[126.569289,37.236985],[126.567298,37.237018],[126.565469,37.238356],[126.564352,37.240237],[126.560993,37.242261],[126.561465,37.246142],[126.561413,37.249688],[126.562943,37.251862],[126.563002,37.255285],[126.559254,37.260715],[126.559496,37.261993],[126.558643,37.266797],[126.557742,37.267428],[126.556781,37.267306],[126.553302,37.272236],[126.550416,37.275],[126.550483,37.275819],[126.548278,37.280044],[126.542877,37.281089],[126.539596,37.282505],[126.538969,37.286095],[126.537824,37.286752],[126.534016,37.287675],[126.532806,37.288948],[126.534416,37.289329],[126.543204,37.284826],[126.549927,37.283102],[126.555691,37.283527],[126.55662,37.28292],[126.557571,37.280728],[126.557218,37.280304],[126.556175,37.280896],[126.555052,37.280928],[126.554193,37.280347],[126.554209,37.279769],[126.556412,37.276646],[126.561673,37.277339],[126.564694,37.278367],[126.566534,37.279545],[126.567844,37.280781],[126.568325,37.282571],[126.57115,37.28544],[126.577203,37.29015],[126.576087,37.293592],[126.573645,37.296321],[126.571699,37.296724],[126.571708,37.29774],[126.572856,37.297751],[126.574559,37.296686],[126.575614,37.295085],[126.577853,37.293096],[126.605138,37.309235],[126.605656,37.309768],[126.6053,37.310245],[126.605493,37.311748],[126.606139,37.312616],[126.607501,37.313215],[126.610066,37.313431],[126.610602,37.313057],[126.614404,37.314452],[126.614905,37.31389],[126.616175,37.313773],[126.610858,37.311337],[126.578048,37.292819],[126.579126,37.292033],[126.582975,37.290881],[126.585205,37.290945],[126.585585,37.290962]]],[[[126.830135,37.362491],[126.83245,37.36217],[126.840597,37.363713],[126.841636,37.363219],[126.840848,37.361809],[126.840492,37.360123],[126.836631,37.355737],[126.83698,37.352467],[126.83441,37.349987],[126.834735,37.347835],[126.838949,37.344553],[126.839825,37.344132],[126.842204,37.344346],[126.842641,37.343876],[126.842569,37.343045],[126.840809,37.341169],[126.838041,37.33976],[126.836749,37.338213],[126.838617,37.335861],[126.838944,37.334652],[126.841805,37.333555],[126.840968,37.331893],[126.841092,37.328402],[126.841591,37.328269],[126.840972,37.320375],[126.843144,37.317579],[126.842567,37.315301],[126.84183,37.306612],[126.841086,37.305714],[126.835211,37.303642],[126.824155,37.304182],[126.822623,37.303926],[126.817799,37.300325],[126.816802,37.298043],[126.812646,37.295517],[126.802496,37.295768],[126.789366,37.293412],[126.788866,37.295112],[126.78451,37.294384],[126.783823,37.292579],[126.782532,37.29171],[126.775801,37.291776],[126.775324,37.292554],[126.76764,37.292531],[126.744878,37.299084],[126.740605,37.30086],[126.739335,37.298843],[126.732674,37.300757],[126.732848,37.302664],[126.731551,37.303429],[126.729938,37.30347],[126.721466,37.305887],[126.717539,37.308284],[126.71985,37.310079],[126.738544,37.32967],[126.74655,37.324723],[126.747632,37.324833],[126.749719,37.333557],[126.757599,37.338002],[126.760793,37.341034],[126.767204,37.34272],[126.768395,37.342374],[126.771125,37.34265],[126.772364,37.343184],[126.774017,37.341412],[126.781571,37.340174],[126.785527,37.338001],[126.788333,37.339267],[126.791032,37.342444],[126.792396,37.343239],[126.790599,37.347948],[126.790288,37.350272],[126.791704,37.352518],[126.794308,37.353847],[126.795415,37.35507],[126.796792,37.353392],[126.79969,37.354397],[126.801259,37.354427],[126.803688,37.353647],[126.807542,37.35569],[126.809248,37.355134],[126.811516,37.355629],[126.812055,37.356427],[126.813543,37.357222],[126.814628,37.356972],[126.816556,37.357722],[126.820237,37.361774],[126.821485,37.363866],[126.824281,37.365906],[126.826001,37.364503],[126.828925,37.363625],[126.830135,37.362491]]]]},"properties":{"id":"31092","title":"안산시 단원구"}},{"type":"Feature","geometry":{"type":"MultiPolygon","coordinates":[[[[126.881302,37.377445],[126.883793,37.376451],[126.884465,37.376902],[126.88617,37.37675],[126.890628,37.375431],[126.892122,37.367908],[126.893998,37.36618],[126.894807,37.361297],[126.896378,37.359485],[126.894147,37.356719],[126.893788,37.355322],[126.891884,37.351879],[126.888583,37.349208],[126.886893,37.346936],[126.886484,37.341593],[126.88545,37.338799],[126.880964,37.335316],[126.881586,37.334515],[126.877053,37.332699],[126.873561,37.328938],[126.872888,37.326676],[126.87321,37.32309],[126.874418,37.322596],[126.874769,37.321866],[126.874286,37.321082],[126.878011,37.319572],[126.880819,37.32053],[126.88128,37.321089],[126.882713,37.321064],[126.88531,37.319571],[126.887366,37.31777],[126.891537,37.31991],[126.89385,37.319696],[126.898577,37.320214],[126.907646,37.32182],[126.911846,37.318341],[126.911621,37.317809],[126.910291,37.317493],[126.910235,37.316673],[126.91256,37.315567],[126.914027,37.315928],[126.915685,37.315506],[126.915367,37.313695],[126.914646,37.312432],[126.914964,37.30554],[126.91634,37.305054],[126.920795,37.305463],[126.922069,37.306266],[126.924877,37.306862],[126.930236,37.307222],[126.930582,37.305217],[126.931372,37.303966],[126.932933,37.303042],[126.932381,37.300864],[126.935436,37.298036],[126.939357,37.296615],[126.939586,37.295315],[126.937133,37.293371],[126.934163,37.292398],[126.933037,37.291576],[126.931299,37.28696],[126.929142,37.285974],[126.927287,37.278805],[126.917975,37.285309],[126.91545,37.289758],[126.914253,37.290807],[126.912737,37.290184],[126.906506,37.289959],[126.900928,37.291427],[126.898635,37.2897],[126.897249,37.289347],[126.894387,37.287101],[126.893127,37.285172],[126.889842,37.281985],[126.884109,37.283398],[126.879042,37.285613],[126.877361,37.28435],[126.8771,37.28285],[126.875834,37.281285],[126.873609,37.279769],[126.872232,37.279459],[126.871185,37.280581],[126.867917,37.281313],[126.863239,37.281509],[126.861961,37.280662],[126.861943,37.279446],[126.862219,37.275382],[126.863135,37.274098],[126.863133,37.273061],[126.858856,37.273602],[126.852852,37.272384],[126.849094,37.26866],[126.843914,37.267485],[126.843113,37.267717],[126.840966,37.268907],[126.838681,37.271894],[126.837609,37.274402],[126.838103,37.276129],[126.835807,37.277524],[126.830809,37.27815],[126.828899,37.278866],[126.827826,37.280149],[126.826653,37.28465],[126.82549,37.28679],[126.821725,37.290902],[126.81633,37.294103],[126.817306,37.299704],[126.822157,37.303732],[126.824155,37.304182],[126.835472,37.303673],[126.841086,37.305714],[126.841802,37.306483],[126.842567,37.315301],[126.843144,37.317579],[126.840972,37.320375],[126.841591,37.328269],[126.841092,37.328402],[126.840968,37.331893],[126.841805,37.333555],[126.838944,37.334652],[126.838617,37.335861],[126.836749,37.338213],[126.838041,37.33976],[126.840809,37.341169],[126.842569,37.343045],[126.842641,37.343876],[126.842204,37.344346],[126.839825,37.344132],[126.838949,37.344553],[126.834735,37.347835],[126.83441,37.349987],[126.83698,37.352467],[126.836631,37.355737],[126.840492,37.360123],[126.841469,37.362795],[126.847177,37.364146],[126.848271,37.364769],[126.849389,37.364166],[126.850976,37.361042],[126.855833,37.359453],[126.857039,37.360572],[126.865028,37.361861],[126.875084,37.369909],[126.876141,37.372118],[126.879525,37.373725],[126.88072,37.374736],[126.881644,37.375917],[126.881632,37.376809],[126.881302,37.377445]]]]},"properties":{"id":"31091","title":"안산시 상록구"}},{"type":"Feature","geometry":{"type":"MultiPolygon","coordinates":[[[[127.269259,37.152669],[127.269367,37.151614],[127.268641,37.149814],[127.268856,37.147155],[127.272348,37.144643],[127.27357,37.143198],[127.27269,37.142605],[127.27184,37.140985],[127.272385,37.136164],[127.273505,37.134449],[127.274245,37.133664],[127.277724,37.134304],[127.282512,37.133919],[127.286996,37.132349],[127.288045,37.131179],[127.289179,37.127897],[127.291306,37.12773],[127.292445,37.127038],[127.293033,37.123302],[127.294467,37.121604],[127.29586,37.120836],[127.299118,37.116867],[127.299776,37.114031],[127.301009,37.111482],[127.303331,37.111112],[127.304363,37.108919],[127.304071,37.108295],[127.308394,37.105521],[127.310593,37.105308],[127.314168,37.108984],[127.317855,37.110876],[127.31998,37.113231],[127.31999,37.114267],[127.327072,37.119657],[127.328896,37.119294],[127.33008,37.118561],[127.331003,37.11599],[127.333618,37.111982],[127.336367,37.11142],[127.339717,37.109577],[127.343411,37.104228],[127.344774,37.103318],[127.347392,37.103811],[127.349568,37.102489],[127.351834,37.100435],[127.35327,37.100221],[127.354262,37.100754],[127.355347,37.104202],[127.358016,37.107109],[127.359059,37.107592],[127.368735,37.106788],[127.373124,37.105864],[127.373762,37.105101],[127.374226,37.102695],[127.37601,37.101336],[127.376871,37.101155],[127.378831,37.103039],[127.379263,37.105101],[127.38163,37.105963],[127.38702,37.106212],[127.387655,37.107309],[127.390493,37.107899],[127.392108,37.106799],[127.395824,37.102047],[127.39777,37.098102],[127.397957,37.096254],[127.398863,37.095386],[127.401717,37.093655],[127.405118,37.094342],[127.407449,37.09378],[127.412655,37.090257],[127.415318,37.088942],[127.415974,37.089493],[127.416553,37.091568],[127.416037,37.09603],[127.419522,37.097482],[127.422235,37.097999],[127.423596,37.09899],[127.424102,37.10002],[127.421021,37.106357],[127.423877,37.109716],[127.423677,37.110546],[127.423823,37.111523],[127.424425,37.111918],[127.424351,37.113417],[127.420156,37.11569],[127.418676,37.115691],[127.416522,37.114644],[127.415645,37.11485],[127.41306,37.116274],[127.412584,37.117211],[127.41252,37.119524],[127.414538,37.122747],[127.415468,37.122789],[127.421007,37.126126],[127.42168,37.128553],[127.423955,37.131152],[127.42678,37.137287],[127.425473,37.14195],[127.42741,37.145241],[127.427754,37.146438],[127.42745,37.1468],[127.432642,37.148921],[127.43413,37.148334],[127.441734,37.148392],[127.447422,37.145136],[127.451169,37.140121],[127.454444,37.134418],[127.458465,37.13033],[127.461715,37.130029],[127.462816,37.130656],[127.470902,37.129687],[127.474342,37.127722],[127.476563,37.127038],[127.493354,37.123825],[127.496857,37.124445],[127.498131,37.123863],[127.498942,37.12318],[127.50002,37.116025],[127.500681,37.115482],[127.50245,37.115119],[127.503559,37.114267],[127.504183,37.112575],[127.503741,37.109531],[127.504824,37.108211],[127.507577,37.106118],[127.510638,37.10533],[127.513554,37.105687],[127.515644,37.102042],[127.515686,37.101356],[127.511973,37.099783],[127.511761,37.098387],[127.514838,37.092571],[127.51608,37.088353],[127.51573,37.085552],[127.516591,37.081625],[127.513892,37.078235],[127.514755,37.076988],[127.514812,37.076226],[127.512951,37.072067],[127.51133,37.070204],[127.506924,37.069601],[127.506817,37.068633],[127.508042,37.066064],[127.509928,37.066434],[127.50883,37.064466],[127.506033,37.061527],[127.504801,37.060478],[127.497865,37.057268],[127.493578,37.056763],[127.488156,37.055407],[127.486992,37.054438],[127.485804,37.054912],[127.484369,37.053845],[127.483423,37.053615],[127.475325,37.05299],[127.471901,37.053796],[127.468212,37.053487],[127.467464,37.052489],[127.468384,37.05035],[127.461202,37.046846],[127.457585,37.043634],[127.456857,37.042213],[127.457194,37.040221],[127.457711,37.040264],[127.458864,37.039457],[127.459699,37.03813],[127.459639,37.035643],[127.456863,37.030031],[127.459118,37.027445],[127.459744,37.025064],[127.458368,37.020474],[127.457412,37.020342],[127.454845,37.021388],[127.453709,37.021249],[127.450933,37.019304],[127.448333,37.016538],[127.448874,37.014987],[127.448605,37.013131],[127.447149,37.011965],[127.447089,37.010885],[127.444564,37.012002],[127.440835,37.012106],[127.437049,37.008254],[127.437108,37.006584],[127.436539,37.005598],[127.433039,37.004584],[127.428824,37.002193],[127.421239,37.003959],[127.42035,37.003764],[127.4192,37.002966],[127.418565,37.001959],[127.41496,36.999972],[127.411343,37.000182],[127.40684,36.998324],[127.40254,36.998915],[127.397303,36.998428],[127.395511,36.998747],[127.394213,36.998375],[127.393107,36.997433],[127.391914,36.994787],[127.391685,36.993959],[127.392199,36.993435],[127.391314,36.991654],[127.385506,36.984815],[127.384972,36.983637],[127.386095,36.981407],[127.389379,36.980081],[127.393969,36.977201],[127.396473,36.974721],[127.396341,36.973282],[127.401534,36.967678],[127.397466,36.964646],[127.396498,36.964526],[127.393034,36.965634],[127.387268,36.964463],[127.384818,36.959624],[127.379615,36.95873],[127.378723,36.957895],[127.378299,36.956112],[127.378738,36.954092],[127.378212,36.952085],[127.376677,36.950359],[127.375787,36.949894],[127.375658,36.94866],[127.373066,36.948956],[127.372015,36.949906],[127.361763,36.949496],[127.359526,36.948799],[127.357612,36.947688],[127.355784,36.950631],[127.355709,36.951397],[127.353997,36.952673],[127.349631,36.952794],[127.344843,36.94932],[127.342394,36.946318],[127.342515,36.945714],[127.340606,36.943115],[127.333196,36.940352],[127.330321,36.937575],[127.326812,36.935936],[127.32423,36.935907],[127.316211,36.934721],[127.31481,36.932535],[127.313301,36.931242],[127.308994,36.929388],[127.300195,36.929401],[127.296415,36.930068],[127.29553,36.930503],[127.295634,36.931287],[127.294969,36.930667],[127.295213,36.929747],[127.298252,36.923215],[127.300572,36.91956],[127.303365,36.91639],[127.301517,36.911709],[127.299995,36.909875],[127.297369,36.903961],[127.293753,36.900312],[127.290322,36.897698],[127.289941,36.89505],[127.290298,36.894328],[127.288029,36.893775],[127.286147,36.894338],[127.284546,36.895324],[127.279157,36.90041],[127.279813,36.901985],[127.279755,36.904446],[127.278841,36.90625],[127.274575,36.908684],[127.273451,36.911453],[127.270293,36.913271],[127.261624,36.914714],[127.258609,36.915874],[127.253132,36.922436],[127.248908,36.921211],[127.248935,36.919039],[127.248148,36.918527],[127.244049,36.917599],[127.239408,36.919464],[127.237661,36.920558],[127.236347,36.923723],[127.235517,36.924031],[127.233888,36.923593],[127.22838,36.924514],[127.220328,36.930449],[127.217698,36.929409],[127.210451,36.930539],[127.209858,36.931234],[127.209727,36.93273],[127.210406,36.934684],[127.211396,36.93561],[127.211559,36.937809],[127.211247,36.938557],[127.206263,36.942909],[127.206867,36.946134],[127.204272,36.949842],[127.202144,36.951711],[127.198822,36.952293],[127.195453,36.951947],[127.190751,36.952486],[127.189282,36.953552],[127.180408,36.956746],[127.179075,36.957812],[127.178756,36.960768],[127.178276,36.962255],[127.177761,36.962526],[127.175179,36.962322],[127.171912,36.963256],[127.165531,36.961661],[127.163445,36.962736],[127.155402,36.964427],[127.154424,36.966226],[127.159181,36.969755],[127.156205,36.970008],[127.152363,36.969364],[127.150084,36.96943],[127.148624,36.969639],[127.146987,36.970948],[127.144259,36.971141],[127.136573,36.968293],[127.13565,36.967456],[127.129663,36.966418],[127.124321,36.96836],[127.122446,36.968353],[127.120584,36.969977],[127.120214,36.970347],[127.121949,36.971576],[127.124805,36.97619],[127.124462,36.97684],[127.133948,36.976856],[127.137175,36.978538],[127.14114,36.979002],[127.141141,36.979741],[127.137922,36.981925],[127.133952,36.985453],[127.132866,36.987661],[127.135567,36.990596],[127.135667,36.993282],[127.141675,36.995139],[127.144566,36.997181],[127.149533,36.997959],[127.154366,36.997742],[127.151443,37.004057],[127.148863,37.005971],[127.147519,37.008297],[127.146128,37.009389],[127.144926,37.009282],[127.144439,37.013194],[127.145288,37.01686],[127.148303,37.018388],[127.152332,37.021393],[127.152693,37.027817],[127.152345,37.028376],[127.149797,37.029848],[127.143812,37.032675],[127.128011,37.033531],[127.125698,37.033862],[127.122214,37.035141],[127.11886,37.031712],[127.116796,37.027073],[127.116178,37.027038],[127.110484,37.029764],[127.107307,37.032389],[127.105658,37.034896],[127.105716,37.036103],[127.109825,37.040893],[127.111996,37.041999],[127.113671,37.041899],[127.11932,37.046146],[127.122036,37.050577],[127.123905,37.052107],[127.12756,37.053031],[127.130257,37.058759],[127.127151,37.063609],[127.124982,37.06472],[127.122451,37.063597],[127.122056,37.063002],[127.11894,37.062041],[127.117019,37.062881],[127.115031,37.064721],[127.113671,37.065083],[127.10607,37.06509],[127.103576,37.066192],[127.102932,37.067708],[127.102016,37.068626],[127.102359,37.073176],[127.104352,37.074553],[127.103622,37.075887],[127.107728,37.076658],[127.114834,37.075904],[127.120761,37.076358],[127.124756,37.077975],[127.126371,37.081713],[127.123484,37.091236],[127.126351,37.090664],[127.131358,37.091106],[127.133409,37.092147],[127.134857,37.09212],[127.137195,37.089084],[127.142372,37.08774],[127.145893,37.090801],[127.154623,37.090821],[127.160751,37.089453],[127.166097,37.086287],[127.173773,37.086425],[127.17633,37.087714],[127.178511,37.087337],[127.18327,37.085861],[127.185946,37.083648],[127.18647,37.084583],[127.187895,37.085303],[127.188369,37.086902],[127.189528,37.087356],[127.191884,37.08742],[127.195016,37.089294],[127.196941,37.092458],[127.198358,37.096501],[127.204352,37.102276],[127.207246,37.103447],[127.20834,37.104368],[127.20948,37.105844],[127.209845,37.10779],[127.208759,37.109422],[127.208324,37.111063],[127.212489,37.111957],[127.215292,37.11144],[127.219086,37.113161],[127.223241,37.112909],[127.225838,37.113852],[127.226684,37.114553],[127.226708,37.115048],[127.229528,37.117215],[127.233613,37.117468],[127.234856,37.119268],[127.234858,37.120051],[127.236482,37.121139],[127.243151,37.122569],[127.245903,37.122102],[127.250824,37.123119],[127.252843,37.128106],[127.253007,37.129935],[127.252752,37.130972],[127.251396,37.132939],[127.25165,37.134731],[127.252541,37.135414],[127.253821,37.138007],[127.253032,37.140784],[127.25117,37.142761],[127.250694,37.145402],[127.253888,37.147954],[127.255363,37.151294],[127.260093,37.151959],[127.264192,37.155726],[127.266637,37.155306],[127.268848,37.15431],[127.269259,37.152669]]]]},"properties":{"id":"31220","title":"안성시"}},{"type":"Feature","geometry":{"type":"MultiPolygon","coordinates":[[[[126.965044,37.438754],[126.964032,37.437601],[126.963197,37.434853],[126.963956,37.431258],[126.962154,37.429209],[126.961801,37.426779],[126.960931,37.426085],[126.962448,37.420914],[126.963917,37.41895],[126.966889,37.417302],[126.970718,37.416943],[126.973747,37.415132],[126.975261,37.412709],[126.976111,37.406132],[126.978641,37.405303],[126.977334,37.403041],[126.980121,37.403114],[126.982855,37.400484],[126.982855,37.399916],[126.979771,37.396303],[126.981762,37.394379],[126.981682,37.393987],[126.980926,37.393176],[126.97562,37.390171],[126.974151,37.388469],[126.972927,37.386759],[126.972023,37.380075],[126.968093,37.376099],[126.965013,37.371467],[126.964765,37.370187],[126.96594,37.368485],[126.964384,37.36497],[126.966157,37.363322],[126.966169,37.362232],[126.962061,37.361635],[126.957018,37.366035],[126.955102,37.366284],[126.95353,37.365946],[126.947932,37.369311],[126.94574,37.373306],[126.945648,37.374342],[126.946502,37.375761],[126.939159,37.380399],[126.939082,37.38146],[126.941281,37.385848],[126.941779,37.389871],[126.941338,37.391822],[126.940982,37.391823],[126.939718,37.393499],[126.931463,37.397442],[126.927781,37.401092],[126.928241,37.40492],[126.927371,37.408283],[126.925299,37.410551],[126.925657,37.411822],[126.926468,37.412533],[126.927439,37.412027],[126.928781,37.412595],[126.929764,37.415042],[126.93825,37.414444],[126.941829,37.419125],[126.947303,37.421386],[126.947829,37.421163],[126.948588,37.422033],[126.948651,37.42351],[126.947695,37.425093],[126.947644,37.426188],[126.949032,37.4317],[126.948155,37.43863],[126.949284,37.43825],[126.956368,37.438754],[126.958999,37.439127],[126.963803,37.440787],[126.965398,37.440232],[126.965478,37.439223],[126.965044,37.438754]]]]},"properties":{"id":"31042","title":"안양시 동안구"}},{"type":"Feature","geometry":{"type":"MultiPolygon","coordinates":[[[[126.939364,37.436026],[126.94022,37.435712],[126.94509,37.437088],[126.948155,37.43863],[126.949032,37.4317],[126.947644,37.426188],[126.947695,37.425093],[126.948651,37.42351],[126.948588,37.422033],[126.947829,37.421163],[126.947303,37.421386],[126.941829,37.419125],[126.93825,37.414444],[126.929764,37.415042],[126.928781,37.412595],[126.927439,37.412027],[126.926468,37.412533],[126.925657,37.411822],[126.925299,37.410551],[126.927371,37.408283],[126.928241,37.40492],[126.927781,37.401092],[126.931463,37.397442],[126.939718,37.393499],[126.940982,37.391823],[126.941338,37.391822],[126.941779,37.389871],[126.941281,37.385848],[126.939007,37.381105],[126.939273,37.380252],[126.941709,37.378656],[126.940475,37.378631],[126.940959,37.377124],[126.939934,37.375923],[126.937074,37.376195],[126.935702,37.375892],[126.932801,37.377602],[126.92198,37.376821],[126.918446,37.376945],[126.915323,37.375469],[126.913555,37.373212],[126.912349,37.373483],[126.910206,37.369767],[126.91042,37.368585],[126.906439,37.361528],[126.903775,37.359956],[126.900713,37.358893],[126.896378,37.359485],[126.894807,37.361297],[126.893998,37.36618],[126.892122,37.367908],[126.890628,37.375431],[126.88617,37.37675],[126.884465,37.376902],[126.883793,37.376451],[126.881302,37.377445],[126.880268,37.382462],[126.879232,37.384041],[126.875389,37.395417],[126.877784,37.39683],[126.87767,37.399792],[126.877097,37.400439],[126.876918,37.401929],[126.877633,37.405055],[126.87586,37.40648],[126.874557,37.406969],[126.872921,37.40654],[126.870413,37.407036],[126.870242,37.408138],[126.871161,37.412711],[126.872214,37.411795],[126.876071,37.410678],[126.879166,37.408996],[126.879909,37.41014],[126.880935,37.41085],[126.884733,37.411663],[126.885647,37.411685],[126.887617,37.410834],[126.888989,37.411423],[126.889356,37.413283],[126.889199,37.415246],[126.889707,37.41728],[126.889002,37.418374],[126.890431,37.420382],[126.891861,37.420519],[126.894034,37.422319],[126.896434,37.425184],[126.896765,37.427572],[126.896149,37.427871],[126.894578,37.427415],[126.894215,37.427801],[126.894328,37.429089],[126.895795,37.430566],[126.898112,37.431234],[126.899843,37.434658],[126.899689,37.437787],[126.898978,37.438702],[126.901931,37.436336],[126.903472,37.434163],[126.907254,37.433518],[126.909396,37.43386],[126.911141,37.435976],[126.911203,37.437201],[126.912309,37.438579],[126.913891,37.439307],[126.918163,37.440087],[126.920699,37.44152],[126.922763,37.444041],[126.923253,37.445773],[126.92828,37.449353],[126.928399,37.450212],[126.930357,37.447334],[126.930163,37.446378],[126.930554,37.445468],[126.934898,37.443209],[126.937864,37.440198],[126.937273,37.438632],[126.938575,37.436415],[126.939364,37.436026]]]]},"properties":{"id":"31041","title":"안양시 만안구"}},{"type":"Feature","geometry":{"type":"MultiPolygon","coordinates":[[[[126.978332,37.937822],[126.979948,37.937362],[126.983215,37.938648],[126.986121,37.938545],[126.987382,37.936454],[126.992688,37.935326],[126.994169,37.933961],[126.99648,37.933582],[126.997689,37.934142],[127.00003,37.936321],[127.001362,37.936062],[127.001115,37.933504],[127.004494,37.931949],[127.004459,37.931478],[127.006313,37.929712],[127.008614,37.92906],[127.009725,37.92823],[127.009201,37.925059],[127.010964,37.922698],[127.013568,37.920887],[127.012931,37.918662],[127.008666,37.917338],[127.006221,37.915221],[127.007972,37.911959],[127.01045,37.909896],[127.010666,37.90668],[127.010279,37.905806],[127.010632,37.904833],[127.012316,37.903359],[127.018579,37.901697],[127.020841,37.900237],[127.020636,37.899282],[127.021409,37.898651],[127.024978,37.898085],[127.028777,37.898875],[127.038756,37.895642],[127.043714,37.894447],[127.044587,37.894505],[127.045249,37.895437],[127.047951,37.888517],[127.048132,37.887418],[127.047585,37.885003],[127.048209,37.883183],[127.053093,37.87746],[127.053921,37.875559],[127.058159,37.873431],[127.059305,37.870551],[127.05968,37.87097],[127.060497,37.869267],[127.062179,37.868933],[127.064453,37.869905],[127.07324,37.872107],[127.074991,37.872133],[127.076215,37.871699],[127.078171,37.870194],[127.079307,37.869968],[127.08058,37.870102],[127.082309,37.871444],[127.085845,37.872252],[127.088364,37.872198],[127.09357,37.869967],[127.095261,37.867803],[127.097805,37.866495],[127.098441,37.86635],[127.10042,37.867024],[127.10151,37.86669],[127.107266,37.862514],[127.108309,37.860368],[127.108859,37.860383],[127.110686,37.853636],[127.114799,37.85052],[127.116414,37.842756],[127.11603,37.838902],[127.117182,37.834561],[127.118096,37.833304],[127.118297,37.832205],[127.120457,37.830683],[127.121794,37.828304],[127.122193,37.825467],[127.120928,37.823965],[127.120132,37.817112],[127.120782,37.815514],[127.121423,37.815039],[127.121957,37.812046],[127.119632,37.809476],[127.118637,37.809072],[127.117331,37.805552],[127.117029,37.804385],[127.11771,37.79599],[127.112735,37.788176],[127.105948,37.783253],[127.105743,37.78034],[127.103538,37.77935],[127.102946,37.778414],[127.090764,37.775973],[127.084427,37.773536],[127.080463,37.770313],[127.076193,37.768848],[127.073776,37.768606],[127.06666,37.76432],[127.060299,37.762117],[127.05636,37.761678],[127.053932,37.761877],[127.051186,37.761112],[127.047963,37.762681],[127.04178,37.766666],[127.036503,37.767461],[127.033825,37.768434],[127.027241,37.766454],[127.017436,37.768861],[127.016217,37.768562],[127.013929,37.766285],[127.008513,37.762399],[127.005836,37.762772],[127.002046,37.762619],[127.001694,37.761429],[127.00242,37.755159],[127.003033,37.753996],[127.005382,37.751987],[127.00621,37.75051],[127.006641,37.747699],[127.00251,37.744659],[127.003022,37.743599],[127.002375,37.740797],[127.005665,37.733743],[127.007741,37.733058],[127.010451,37.728003],[127.012232,37.726084],[127.012129,37.723588],[127.010473,37.721922],[127.013329,37.718328],[127.012764,37.716615],[127.011675,37.715579],[127.012117,37.713687],[127.016221,37.70847],[127.017384,37.707994],[127.017298,37.706361],[127.018205,37.705145],[127.013879,37.698801],[127.012125,37.697378],[127.010622,37.696963],[127.009711,37.6934],[127.008068,37.690645],[127.008664,37.68445],[127.004591,37.685074],[126.996971,37.682646],[126.993514,37.680057],[126.992198,37.679627],[126.990789,37.679846],[126.98241,37.685179],[126.979122,37.686296],[126.97495,37.686646],[126.968599,37.68978],[126.965787,37.691617],[126.961898,37.692265],[126.957896,37.691633],[126.955072,37.6931],[126.953734,37.692622],[126.95139,37.688035],[126.947117,37.686781],[126.945213,37.685825],[126.943041,37.679877],[126.943087,37.678922],[126.944585,37.676824],[126.942877,37.671994],[126.940894,37.671029],[126.938197,37.670613],[126.932132,37.671474],[126.928641,37.671526],[126.916015,37.670203],[126.911223,37.668685],[126.907752,37.670232],[126.905456,37.675177],[126.906304,37.675448],[126.908791,37.673828],[126.911453,37.674767],[126.912789,37.675975],[126.914631,37.681545],[126.914196,37.684986],[126.915258,37.688203],[126.922319,37.700353],[126.922035,37.700966],[126.922236,37.703615],[126.923356,37.706427],[126.92535,37.708653],[126.924564,37.711842],[126.921534,37.713228],[126.921726,37.71403],[126.923312,37.715995],[126.924873,37.720194],[126.923987,37.721608],[126.923065,37.724752],[126.923378,37.728698],[126.921733,37.729229],[126.92163,37.730256],[126.92207,37.731788],[126.923317,37.732861],[126.928566,37.736162],[126.930631,37.736037],[126.93114,37.73765],[126.930457,37.740037],[126.930362,37.744145],[126.933072,37.745886],[126.929096,37.748485],[126.930997,37.750593],[126.931803,37.753637],[126.931131,37.755164],[126.928986,37.755984],[126.927969,37.757029],[126.931123,37.764913],[126.933365,37.767706],[126.932397,37.770443],[126.934171,37.771244],[126.93526,37.773556],[126.935149,37.775771],[126.933976,37.778606],[126.934552,37.781955],[126.936801,37.784121],[126.937669,37.785548],[126.93795,37.786971],[126.931943,37.789005],[126.92817,37.786032],[126.926425,37.785184],[126.920842,37.788141],[126.920201,37.789529],[126.918664,37.790203],[126.911275,37.791278],[126.90863,37.791278],[126.906303,37.790573],[126.903582,37.790709],[126.906406,37.799361],[126.906022,37.80239],[126.906674,37.8033],[126.911897,37.804977],[126.911714,37.80816],[126.90869,37.810722],[126.90856,37.811495],[126.909985,37.81666],[126.906351,37.819182],[126.901954,37.824837],[126.902812,37.82671],[126.908939,37.82879],[126.911015,37.828548],[126.912014,37.830971],[126.912944,37.835882],[126.912317,37.837183],[126.91127,37.838054],[126.912372,37.840474],[126.914924,37.84132],[126.918779,37.841672],[126.924024,37.841383],[126.925973,37.839808],[126.927281,37.837648],[126.927753,37.837664],[126.931974,37.838206],[126.934136,37.838873],[126.935171,37.839522],[126.936674,37.841331],[126.93455,37.843924],[126.933659,37.846077],[126.93559,37.849948],[126.937634,37.850624],[126.939403,37.852633],[126.938371,37.854439],[126.938476,37.855129],[126.942076,37.861242],[126.945838,37.865908],[126.946242,37.867757],[126.945613,37.86885],[126.94451,37.869713],[126.944374,37.870668],[126.944691,37.874447],[126.946209,37.880352],[126.947238,37.88238],[126.947426,37.884428],[126.946922,37.886211],[126.945412,37.888769],[126.947634,37.894225],[126.948233,37.896841],[126.946718,37.898098],[126.9461,37.89949],[126.946665,37.901384],[126.949606,37.906238],[126.950647,37.907342],[126.953683,37.909126],[126.954699,37.911258],[126.953557,37.913671],[126.949289,37.917334],[126.94954,37.918401],[126.954527,37.92045],[126.957982,37.920941],[126.959846,37.92003],[126.961625,37.921049],[126.962056,37.921932],[126.961566,37.924222],[126.963767,37.926313],[126.964844,37.928727],[126.964274,37.931809],[126.96468,37.938433],[126.971601,37.942119],[126.972503,37.942085],[126.975512,37.938884],[126.978332,37.937822]]]]},"properties":{"id":"31260","title":"양주시"}},{"type":"Feature","geometry":{"type":"MultiPolygon","coordinates":[[[[127.371506,37.64763],[127.371243,37.647668],[127.37151,37.647652],[127.371506,37.64763]]],[[[127.371506,37.64763],[127.373245,37.647599],[127.374427,37.648818],[127.379928,37.65164],[127.382059,37.650834],[127.391222,37.650424],[127.398105,37.651299],[127.399808,37.652925],[127.401816,37.6558],[127.407332,37.659602],[127.408837,37.660223],[127.41154,37.660252],[127.413715,37.661163],[127.415911,37.663262],[127.420452,37.663279],[127.421724,37.663655],[127.425099,37.665576],[127.428146,37.670792],[127.430693,37.668668],[127.43251,37.667821],[127.433193,37.666792],[127.43981,37.661987],[127.441466,37.65965],[127.43852,37.657695],[127.434846,37.653723],[127.43808,37.648098],[127.441101,37.646675],[127.441246,37.645516],[127.440207,37.645037],[127.440517,37.644072],[127.444109,37.643769],[127.448808,37.641184],[127.454199,37.641414],[127.455112,37.640914],[127.455922,37.639651],[127.455246,37.63891],[127.455821,37.636441],[127.458108,37.629816],[127.458819,37.628802],[127.462421,37.625088],[127.468533,37.62483],[127.471,37.62198],[127.472187,37.616433],[127.471221,37.611344],[127.47316,37.607381],[127.472011,37.596429],[127.469631,37.592497],[127.470535,37.588737],[127.469361,37.587083],[127.470406,37.580013],[127.472842,37.577569],[127.48342,37.574811],[127.485591,37.575217],[127.488302,37.574795],[127.489176,37.573718],[127.497088,37.571147],[127.498516,37.572316],[127.506526,37.575272],[127.50694,37.576365],[127.507861,37.57676],[127.511177,37.576541],[127.516908,37.580989],[127.518663,37.583358],[127.519042,37.585026],[127.521889,37.586383],[127.524502,37.586712],[127.535982,37.585809],[127.538145,37.584352],[127.547952,37.585477],[127.55337,37.586677],[127.554205,37.584972],[127.554925,37.58459],[127.559918,37.583485],[127.56155,37.587675],[127.559686,37.592271],[127.559357,37.594594],[127.561523,37.597015],[127.562902,37.599422],[127.562683,37.604613],[127.56618,37.607067],[127.569551,37.608429],[127.570164,37.609485],[127.570474,37.613362],[127.565229,37.619727],[127.563363,37.620256],[127.5597,37.622867],[127.559402,37.628497],[127.560162,37.629841],[127.56417,37.632571],[127.571417,37.632001],[127.577116,37.633033],[127.578711,37.632831],[127.580655,37.633398],[127.582873,37.634719],[127.583486,37.63559],[127.583256,37.640134],[127.584861,37.642303],[127.585972,37.642853],[127.590834,37.643573],[127.598824,37.646885],[127.600314,37.647861],[127.602194,37.651537],[127.609031,37.649882],[127.609963,37.6478],[127.612781,37.646025],[127.615504,37.647031],[127.616827,37.64669],[127.618106,37.64585],[127.618829,37.644075],[127.621992,37.642428],[127.623936,37.642125],[127.625888,37.643078],[127.627317,37.642733],[127.630116,37.639842],[127.636931,37.635879],[127.638712,37.633008],[127.639433,37.632643],[127.641325,37.632442],[127.644387,37.632968],[127.646988,37.632737],[127.646917,37.630596],[127.647314,37.629333],[127.64949,37.624652],[127.651532,37.622939],[127.653394,37.622306],[127.655645,37.622295],[127.657408,37.62256],[127.661707,37.624322],[127.663845,37.623796],[127.664404,37.622933],[127.664727,37.620243],[127.667521,37.617251],[127.674203,37.613618],[127.678758,37.610033],[127.683368,37.608213],[127.68948,37.603968],[127.691628,37.602041],[127.691679,37.601335],[127.696189,37.600794],[127.697115,37.59875],[127.700836,37.596117],[127.700519,37.595306],[127.697431,37.591848],[127.698198,37.590889],[127.702165,37.589091],[127.706349,37.588405],[127.707265,37.586772],[127.707895,37.586353],[127.723125,37.590626],[127.738893,37.587559],[127.744704,37.587878],[127.747533,37.589947],[127.754106,37.592065],[127.757061,37.589317],[127.757984,37.586812],[127.761284,37.587591],[127.764616,37.585855],[127.766571,37.582669],[127.768964,37.581861],[127.771484,37.581947],[127.784438,37.578119],[127.787861,37.578909],[127.790078,37.580614],[127.791003,37.581999],[127.79132,37.583642],[127.792644,37.585053],[127.79408,37.585255],[127.798972,37.583041],[127.803006,37.579493],[127.804347,37.57794],[127.804872,37.575057],[127.805633,37.574091],[127.809613,37.573447],[127.814153,37.566006],[127.813767,37.56527],[127.81413,37.564152],[127.820611,37.5628],[127.82623,37.560711],[127.827042,37.560608],[127.828001,37.561258],[127.83232,37.561566],[127.839511,37.559217],[127.840351,37.558124],[127.840389,37.556791],[127.844756,37.553583],[127.848076,37.552302],[127.848113,37.550334],[127.847618,37.549523],[127.845138,37.547725],[127.844972,37.545694],[127.845925,37.544646],[127.845946,37.544093],[127.843044,37.541918],[127.842023,37.538901],[127.837301,37.538191],[127.833626,37.539208],[127.828907,37.537128],[127.822527,37.53846],[127.820752,37.537844],[127.817088,37.53741],[127.814855,37.537425],[127.813781,37.537864],[127.809581,37.537862],[127.806232,37.53492],[127.806473,37.531171],[127.805014,37.530165],[127.802834,37.529421],[127.796344,37.528582],[127.795036,37.52489],[127.795771,37.52417],[127.794487,37.522505],[127.791293,37.519892],[127.788787,37.518552],[127.787823,37.5172],[127.787117,37.514976],[127.785496,37.513311],[127.783704,37.512138],[127.781119,37.513062],[127.778715,37.510721],[127.778738,37.510085],[127.776748,37.508091],[127.774849,37.50666],[127.77179,37.505185],[127.765437,37.502764],[127.759905,37.503266],[127.759422,37.495423],[127.760035,37.492891],[127.76351,37.492165],[127.765301,37.493073],[127.774689,37.491746],[127.776066,37.488545],[127.778023,37.488017],[127.780188,37.488651],[127.781289,37.486358],[127.781891,37.483734],[127.784846,37.47869],[127.78958,37.474797],[127.795151,37.472583],[127.799787,37.472383],[127.800974,37.470037],[127.800714,37.467861],[127.799427,37.465564],[127.797615,37.464014],[127.79647,37.463722],[127.796266,37.463044],[127.797229,37.456904],[127.799382,37.45177],[127.799372,37.445818],[127.798816,37.445045],[127.799361,37.439292],[127.800897,37.43842],[127.801996,37.437165],[127.803355,37.43433],[127.804006,37.428849],[127.802312,37.427293],[127.798951,37.427307],[127.797773,37.426855],[127.795021,37.424981],[127.793644,37.422509],[127.792184,37.418447],[127.791791,37.414161],[127.789594,37.406984],[127.787823,37.405325],[127.787639,37.402626],[127.782227,37.392421],[127.784094,37.38883],[127.782744,37.387127],[127.780373,37.386835],[127.779836,37.386446],[127.776658,37.383326],[127.775792,37.378956],[127.778,37.371047],[127.773535,37.3699],[127.76708,37.369525],[127.762873,37.369977],[127.760006,37.368208],[127.759599,37.36706],[127.756758,37.367013],[127.752261,37.36946],[127.745734,37.36889],[127.741982,37.370323],[127.741065,37.371617],[127.736106,37.373482],[127.732607,37.3754],[127.729866,37.376241],[127.728429,37.375185],[127.725842,37.372292],[127.724152,37.371557],[127.72311,37.372002],[127.720477,37.371712],[127.719836,37.371276],[127.718104,37.371411],[127.716364,37.370062],[127.709201,37.371347],[127.707064,37.370421],[127.702196,37.372958],[127.701254,37.37405],[127.700155,37.379249],[127.703114,37.380739],[127.704013,37.385526],[127.703093,37.387784],[127.70383,37.391209],[127.705236,37.393263],[127.714334,37.398413],[127.714927,37.400023],[127.714111,37.404899],[127.710618,37.406994],[127.708907,37.409814],[127.708089,37.410306],[127.700221,37.407522],[127.695339,37.403293],[127.693076,37.401868],[127.690872,37.401388],[127.686828,37.39889],[127.683982,37.398223],[127.68486,37.406102],[127.686534,37.405997],[127.68791,37.411803],[127.685583,37.41346],[127.68345,37.414284],[127.673742,37.411975],[127.668782,37.412178],[127.658288,37.41684],[127.654288,37.413005],[127.652955,37.410538],[127.653255,37.40903],[127.652351,37.407944],[127.64787,37.405307],[127.645855,37.404769],[127.643266,37.405858],[127.642224,37.406803],[127.642224,37.407884],[127.635348,37.413463],[127.626687,37.413498],[127.623153,37.410198],[127.620859,37.409576],[127.619937,37.409751],[127.617671,37.413825],[127.612926,37.415634],[127.601321,37.421056],[127.597695,37.420959],[127.593832,37.420231],[127.592031,37.421048],[127.591123,37.42221],[127.590394,37.422263],[127.589022,37.422202],[127.587274,37.421122],[127.587116,37.420029],[127.58805,37.418719],[127.588364,37.417364],[127.586388,37.414617],[127.584479,37.413879],[127.58378,37.415007],[127.58379,37.416108],[127.58302,37.416936],[127.579491,37.415902],[127.577393,37.414168],[127.57185,37.411733],[127.571156,37.412721],[127.564962,37.412644],[127.56431,37.413979],[127.562554,37.415498],[127.55631,37.416729],[127.551568,37.414291],[127.5506,37.411415],[127.543298,37.409873],[127.542269,37.411119],[127.54155,37.411413],[127.536621,37.411704],[127.534529,37.418851],[127.531379,37.425872],[127.52958,37.428825],[127.527863,37.430689],[127.525273,37.432835],[127.519125,37.43647],[127.511514,37.438124],[127.506845,37.440426],[127.50395,37.437134],[127.502118,37.436385],[127.498492,37.433962],[127.496924,37.432298],[127.489551,37.433639],[127.487046,37.433223],[127.482709,37.429982],[127.481667,37.427014],[127.479812,37.424022],[127.473225,37.422294],[127.469476,37.423905],[127.468685,37.425293],[127.468763,37.425972],[127.467942,37.426421],[127.465495,37.427243],[127.460848,37.427497],[127.45549,37.428435],[127.452363,37.429616],[127.447602,37.432704],[127.442483,37.434284],[127.435541,37.434405],[127.433554,37.435989],[127.428765,37.436479],[127.422807,37.439447],[127.419972,37.437542],[127.414995,37.432083],[127.409762,37.431399],[127.407233,37.430149],[127.40263,37.425202],[127.401262,37.421814],[127.400272,37.421423],[127.399011,37.421766],[127.39835,37.422786],[127.398445,37.423669],[127.397441,37.424782],[127.395668,37.426141],[127.393164,37.42702],[127.389301,37.429258],[127.384065,37.434915],[127.382742,37.44147],[127.382929,37.442704],[127.382525,37.443237],[127.381747,37.443663],[127.378956,37.443681],[127.372386,37.444972],[127.372788,37.448611],[127.372465,37.451846],[127.369677,37.454909],[127.36911,37.456839],[127.374701,37.458389],[127.377981,37.458749],[127.382342,37.458356],[127.385436,37.459995],[127.385079,37.461041],[127.385473,37.462842],[127.386792,37.464405],[127.387512,37.466052],[127.386674,37.470163],[127.388697,37.474274],[127.388849,37.475355],[127.383667,37.485571],[127.382307,37.487287],[127.381642,37.487587],[127.380377,37.490043],[127.382109,37.494901],[127.38552,37.498254],[127.384304,37.499678],[127.384521,37.500119],[127.382901,37.501692],[127.379839,37.505838],[127.375826,37.512462],[127.37261,37.51997],[127.369678,37.524241],[127.364041,37.530583],[127.355225,37.534809],[127.349607,37.535862],[127.343814,37.535707],[127.340415,37.534735],[127.33434,37.534815],[127.331446,37.535409],[127.326412,37.535666],[127.323239,37.534504],[127.316678,37.529359],[127.314966,37.528516],[127.312952,37.528495],[127.308931,37.527127],[127.309323,37.520702],[127.309026,37.520054],[127.306761,37.51951],[127.305923,37.521873],[127.306746,37.530026],[127.310434,37.540412],[127.314922,37.547572],[127.31864,37.551842],[127.325299,37.56069],[127.328795,37.56648],[127.33302,37.574084],[127.336528,37.581399],[127.337262,37.583935],[127.338106,37.584899],[127.341559,37.592404],[127.342526,37.595744],[127.345368,37.613034],[127.350202,37.624534],[127.353223,37.628749],[127.358177,37.634277],[127.363152,37.636776],[127.367317,37.64052],[127.370775,37.645708],[127.371482,37.647505],[127.371506,37.64763]]]]},"properties":{"id":"31380","title":"양평군"}},{"type":"Feature","geometry":{"type":"MultiPolygon","coordinates":[[[[127.525273,37.432835],[127.529436,37.428991],[127.531368,37.425894],[127.534529,37.418851],[127.536621,37.411704],[127.54155,37.411413],[127.542269,37.411119],[127.543298,37.409873],[127.5506,37.411415],[127.551568,37.414291],[127.55631,37.416729],[127.562554,37.415498],[127.56431,37.413979],[127.564962,37.412644],[127.571156,37.412721],[127.57185,37.411733],[127.577393,37.414168],[127.579491,37.415902],[127.58302,37.416936],[127.58379,37.416108],[127.58378,37.415007],[127.584479,37.413879],[127.586388,37.414617],[127.588364,37.417364],[127.58805,37.418719],[127.587116,37.420029],[127.587274,37.421122],[127.589022,37.422202],[127.590394,37.422263],[127.591123,37.42221],[127.592031,37.421048],[127.593832,37.420231],[127.597695,37.420959],[127.601321,37.421056],[127.612926,37.415634],[127.617671,37.413825],[127.619937,37.409751],[127.620859,37.409576],[127.623153,37.410198],[127.626687,37.413498],[127.635348,37.413463],[127.642224,37.407884],[127.642224,37.406803],[127.643266,37.405858],[127.645855,37.404769],[127.64787,37.405307],[127.652351,37.407944],[127.653255,37.40903],[127.652955,37.410538],[127.654288,37.413005],[127.658288,37.41684],[127.668782,37.412178],[127.673742,37.411975],[127.68345,37.414284],[127.685583,37.41346],[127.68791,37.411803],[127.686534,37.405997],[127.68486,37.406102],[127.683982,37.398223],[127.686828,37.39889],[127.690872,37.401388],[127.693076,37.401868],[127.695339,37.403293],[127.700221,37.407522],[127.708089,37.410306],[127.708907,37.409814],[127.710618,37.406994],[127.714111,37.404899],[127.714927,37.400023],[127.714334,37.398413],[127.705236,37.393263],[127.70383,37.391209],[127.703093,37.387784],[127.704013,37.385526],[127.703114,37.380739],[127.700155,37.379249],[127.701254,37.37405],[127.702196,37.372958],[127.707064,37.370421],[127.709201,37.371347],[127.716364,37.370062],[127.718104,37.371411],[127.719836,37.371276],[127.720477,37.371712],[127.72311,37.372002],[127.724152,37.371557],[127.725842,37.372292],[127.728429,37.375185],[127.729866,37.376241],[127.732607,37.3754],[127.736106,37.373482],[127.741065,37.371617],[127.741982,37.370323],[127.745734,37.36889],[127.752261,37.36946],[127.756758,37.367013],[127.759599,37.36706],[127.761217,37.363598],[127.759354,37.359728],[127.759765,37.356275],[127.760758,37.352635],[127.758351,37.350789],[127.757884,37.346408],[127.75848,37.343115],[127.759088,37.341735],[127.760693,37.340817],[127.762731,37.334349],[127.760443,37.332079],[127.759784,37.330098],[127.760441,37.329304],[127.762772,37.323411],[127.762936,37.322497],[127.762096,37.321139],[127.766792,37.310758],[127.768281,37.309338],[127.76832,37.306693],[127.767682,37.302892],[127.764469,37.301803],[127.762144,37.302242],[127.757556,37.300131],[127.756693,37.298901],[127.754613,37.297742],[127.750656,37.297977],[127.749883,37.297159],[127.749576,37.295303],[127.750038,37.291962],[127.752948,37.28878],[127.753531,37.288977],[127.754299,37.287779],[127.755537,37.285009],[127.756569,37.280195],[127.758184,37.277279],[127.759084,37.277046],[127.760485,37.272901],[127.759857,37.265267],[127.757489,37.260261],[127.757221,37.258923],[127.757611,37.258251],[127.752671,37.252609],[127.749967,37.248209],[127.747916,37.243571],[127.746883,37.239973],[127.746915,37.229767],[127.747179,37.227157],[127.748127,37.225549],[127.749207,37.221938],[127.748935,37.218336],[127.746359,37.214477],[127.744751,37.213646],[127.74413,37.214861],[127.743508,37.214576],[127.740452,37.211991],[127.73674,37.210193],[127.735256,37.208067],[127.735578,37.205528],[127.734443,37.203214],[127.733145,37.20166],[127.732501,37.1958],[127.729463,37.192337],[127.727969,37.188631],[127.728301,37.187729],[127.726407,37.18254],[127.722798,37.181569],[127.722175,37.181834],[127.721519,37.183062],[127.718502,37.183826],[127.716904,37.18343],[127.709653,37.172192],[127.708676,37.170938],[127.70678,37.170333],[127.704855,37.16752],[127.704591,37.166513],[127.704893,37.166052],[127.704813,37.16268],[127.704273,37.157648],[127.700604,37.153757],[127.698462,37.152596],[127.696238,37.15212],[127.695006,37.150715],[127.694083,37.145596],[127.694535,37.141259],[127.695484,37.140422],[127.688593,37.135541],[127.686798,37.135056],[127.683158,37.136142],[127.680642,37.135654],[127.674745,37.136271],[127.670212,37.136108],[127.666004,37.139455],[127.662454,37.139188],[127.659943,37.139915],[127.657499,37.14197],[127.655755,37.144038],[127.655365,37.145426],[127.652368,37.148046],[127.648089,37.150605],[127.646036,37.151081],[127.645097,37.150901],[127.639668,37.152373],[127.630273,37.154099],[127.628315,37.155286],[127.630575,37.159567],[127.632998,37.161976],[127.630524,37.165249],[127.626741,37.166014],[127.625741,37.165042],[127.619469,37.162182],[127.618467,37.162223],[127.616029,37.163333],[127.61515,37.163978],[127.613983,37.166004],[127.614371,37.16944],[127.612797,37.17337],[127.611425,37.174532],[127.605246,37.177979],[127.602756,37.181652],[127.600259,37.183085],[127.599252,37.183128],[127.597238,37.188453],[127.59568,37.189883],[127.593361,37.189635],[127.591492,37.188406],[127.587488,37.187077],[127.580444,37.187466],[127.578396,37.188952],[127.576059,37.188599],[127.573828,37.187166],[127.572486,37.184532],[127.5728,37.183678],[127.574423,37.182465],[127.577602,37.177242],[127.577797,37.176277],[127.57709,37.175163],[127.575578,37.17472],[127.570827,37.170177],[127.568966,37.173692],[127.566746,37.176023],[127.559062,37.180767],[127.558294,37.179925],[127.557745,37.177427],[127.552851,37.17536],[127.54675,37.173862],[127.539385,37.175443],[127.536591,37.17348],[127.527817,37.172886],[127.526814,37.173576],[127.526805,37.17546],[127.523215,37.180442],[127.521061,37.181793],[127.517145,37.182433],[127.517362,37.184289],[127.520137,37.188419],[127.528024,37.197079],[127.52902,37.197787],[127.530723,37.198004],[127.531032,37.198796],[127.531286,37.199937],[127.530581,37.20373],[127.531575,37.205452],[127.531484,37.207876],[127.528252,37.219844],[127.528607,37.222385],[127.527876,37.225976],[127.526555,37.22767],[127.526033,37.227607],[127.525478,37.239358],[127.525572,37.239916],[127.528743,37.241704],[127.535989,37.245195],[127.537211,37.247451],[127.537081,37.250934],[127.535755,37.253494],[127.532458,37.257536],[127.53164,37.264739],[127.529644,37.269479],[127.528865,37.27413],[127.529934,37.275463],[127.53102,37.279964],[127.534193,37.289398],[127.536687,37.289513],[127.542636,37.294591],[127.542906,37.296337],[127.545576,37.301032],[127.546171,37.309977],[127.54592,37.31114],[127.544656,37.312357],[127.542719,37.313112],[127.533516,37.314118],[127.528885,37.316236],[127.52696,37.318653],[127.527905,37.319196],[127.527905,37.320881],[127.525125,37.323488],[127.525039,37.324047],[127.525456,37.325577],[127.526167,37.325574],[127.527368,37.326388],[127.527952,37.327647],[127.525989,37.329854],[127.520848,37.329805],[127.515399,37.337743],[127.513915,37.339115],[127.505617,37.338069],[127.502042,37.338195],[127.499593,37.340493],[127.498124,37.341259],[127.496458,37.341712],[127.493258,37.341178],[127.489631,37.342697],[127.487412,37.347387],[127.485242,37.349787],[127.481088,37.353],[127.477238,37.356708],[127.476076,37.356794],[127.472865,37.358844],[127.472455,37.359903],[127.470497,37.361697],[127.464893,37.358552],[127.463991,37.358278],[127.462905,37.358959],[127.460159,37.358203],[127.450969,37.352872],[127.44865,37.352588],[127.443688,37.357825],[127.442497,37.358361],[127.445766,37.362055],[127.445845,37.362844],[127.44586,37.363529],[127.445071,37.363595],[127.443999,37.365608],[127.443716,37.369276],[127.443451,37.37617],[127.445242,37.381155],[127.444636,37.385626],[127.443279,37.387217],[127.442331,37.387374],[127.434953,37.38659],[127.429552,37.387817],[127.424368,37.385754],[127.421581,37.386071],[127.420242,37.386859],[127.413787,37.395901],[127.412197,37.40043],[127.412815,37.401914],[127.412846,37.403347],[127.411181,37.40665],[127.410112,37.407528],[127.409491,37.407521],[127.404095,37.410206],[127.398887,37.414243],[127.398223,37.41571],[127.401281,37.419397],[127.40124,37.420244],[127.400272,37.421423],[127.401262,37.421814],[127.40263,37.425202],[127.407233,37.430149],[127.409762,37.431399],[127.414995,37.432083],[127.419972,37.437542],[127.422807,37.439447],[127.428765,37.436479],[127.433554,37.435989],[127.435541,37.434405],[127.442483,37.434284],[127.447602,37.432704],[127.452363,37.429616],[127.45549,37.428435],[127.460848,37.427497],[127.465495,37.427243],[127.467942,37.426421],[127.468763,37.425972],[127.468685,37.425293],[127.469476,37.423905],[127.473225,37.422294],[127.479812,37.424022],[127.481667,37.427014],[127.482709,37.429982],[127.487046,37.433223],[127.489551,37.433639],[127.496924,37.432298],[127.498492,37.433962],[127.502118,37.436385],[127.50395,37.437134],[127.506845,37.440426],[127.511514,37.438124],[127.519125,37.43647],[127.524261,37.433471],[127.525273,37.432835]]]]},"properties":{"id":"31280","title":"여주시"}},{"type":"Feature","geometry":{"type":"MultiPolygon","coordinates":[[[[127.095127,38.281384],[127.095037,38.281081],[127.100257,38.281036],[127.103641,38.280589],[127.104515,38.279113],[127.103637,38.277737],[127.101017,38.275599],[127.100814,38.274586],[127.101405,38.273679],[127.10363,38.272596],[127.109653,38.271654],[127.110729,38.270975],[127.110546,38.269362],[127.10908,38.26733],[127.109191,38.263242],[127.108004,38.261128],[127.108069,38.258299],[127.110589,38.251866],[127.111566,38.247388],[127.110007,38.244944],[127.110533,38.241574],[127.112346,38.238141],[127.11357,38.236818],[127.115734,38.236566],[127.1168,38.236997],[127.12083,38.233887],[127.123049,38.232804],[127.126701,38.23409],[127.129551,38.233547],[127.130581,38.232751],[127.131157,38.232754],[127.134526,38.23365],[127.135095,38.234125],[127.135726,38.236484],[127.139351,38.237242],[127.14207,38.237355],[127.146341,38.239331],[127.147293,38.240061],[127.147656,38.2412],[127.14734,38.241652],[127.148923,38.242344],[127.153244,38.241867],[127.153539,38.241193],[127.158062,38.239064],[127.159018,38.239213],[127.163294,38.238481],[127.161492,38.234767],[127.162911,38.232441],[127.160764,38.228353],[127.160069,38.226004],[127.160201,38.225404],[127.161842,38.223631],[127.161799,38.222751],[127.160553,38.220221],[127.159714,38.219546],[127.164701,38.215661],[127.166432,38.215396],[127.171166,38.213493],[127.172049,38.211959],[127.172116,38.209691],[127.175135,38.205484],[127.173456,38.201673],[127.172596,38.201276],[127.169617,38.198124],[127.1697,38.197652],[127.180549,38.186131],[127.174582,38.180383],[127.175211,38.179381],[127.1752,38.176336],[127.174096,38.174777],[127.172485,38.169905],[127.174053,38.165524],[127.174316,38.160303],[127.175486,38.154685],[127.177022,38.152472],[127.176729,38.149147],[127.17568,38.146568],[127.173807,38.14427],[127.172892,38.141184],[127.173994,38.140513],[127.174598,38.138419],[127.175249,38.128475],[127.17394,38.124029],[127.171526,38.121958],[127.173119,38.120205],[127.180626,38.118372],[127.182122,38.11581],[127.182698,38.11409],[127.183134,38.105114],[127.18278,38.103509],[127.184096,38.091576],[127.191037,38.085585],[127.192093,38.08338],[127.191672,38.080735],[127.189535,38.076399],[127.189768,38.070967],[127.190263,38.069237],[127.188804,38.064539],[127.18354,38.063781],[127.176269,38.066098],[127.172862,38.066309],[127.169548,38.064744],[127.167747,38.062259],[127.166363,38.061623],[127.164025,38.061737],[127.160545,38.063053],[127.156772,38.063327],[127.151809,38.058818],[127.148907,38.057801],[127.147601,38.058438],[127.146346,38.060719],[127.146142,38.062781],[127.147618,38.068473],[127.147491,38.0695],[127.144451,38.072457],[127.143375,38.073051],[127.142478,38.073016],[127.141733,38.072823],[127.138469,38.07014],[127.138101,38.069106],[127.138195,38.06645],[127.136582,38.065472],[127.13424,38.065199],[127.128278,38.060276],[127.126587,38.059549],[127.123804,38.061124],[127.120288,38.06165],[127.118195,38.061371],[127.115721,38.060293],[127.111892,38.051125],[127.113092,38.048693],[127.118073,38.043565],[127.117642,38.042569],[127.114638,38.039794],[127.115074,38.039274],[127.118891,38.038713],[127.12117,38.038878],[127.125728,38.03745],[127.127124,38.037358],[127.130452,38.037676],[127.133849,38.039013],[127.136967,38.038528],[127.137477,38.038088],[127.137449,38.034935],[127.137121,38.033881],[127.135229,38.031354],[127.135265,38.029613],[127.136167,38.028473],[127.139483,38.021037],[127.146653,38.014475],[127.146737,38.009731],[127.147307,38.007038],[127.146963,38.003413],[127.145524,38.001027],[127.145484,37.999499],[127.147333,37.996837],[127.144189,37.992161],[127.142983,37.991469],[127.140569,37.992204],[127.134917,37.989522],[127.131596,37.987447],[127.131745,37.986122],[127.130739,37.984545],[127.123817,37.980505],[127.120272,37.97894],[127.118013,37.982775],[127.11807,37.983815],[127.117404,37.985219],[127.112146,37.988759],[127.100798,37.989238],[127.10056,37.988019],[127.096945,37.985307],[127.090771,37.984633],[127.089796,37.983285],[127.091466,37.97821],[127.092416,37.977117],[127.092758,37.97453],[127.091234,37.971628],[127.089384,37.971685],[127.086189,37.974021],[127.080842,37.976385],[127.076802,37.976685],[127.066136,37.975232],[127.063656,37.975981],[127.064148,37.97917],[127.056169,37.980012],[127.053299,37.980717],[127.052151,37.979491],[127.049453,37.978862],[127.049542,37.975862],[127.047333,37.974214],[127.044965,37.973089],[127.044635,37.971972],[127.04543,37.970061],[127.043181,37.965016],[127.041828,37.960062],[127.038926,37.957532],[127.036365,37.956938],[127.035011,37.957362],[127.033373,37.957245],[127.028832,37.955877],[127.027773,37.953787],[127.028932,37.949174],[127.02777,37.94375],[127.026062,37.941264],[127.023536,37.939823],[127.020249,37.939175],[127.016858,37.936707],[127.013672,37.929842],[127.009725,37.92823],[127.008614,37.92906],[127.006313,37.929712],[127.004459,37.931478],[127.004494,37.931949],[127.001115,37.933504],[127.001362,37.936062],[127.000903,37.936317],[126.999217,37.935845],[126.997689,37.934142],[126.99648,37.933582],[126.994169,37.933961],[126.992688,37.935326],[126.987382,37.936454],[126.986121,37.938545],[126.983215,37.938648],[126.979948,37.937362],[126.978332,37.937822],[126.975512,37.938884],[126.972503,37.942085],[126.974699,37.942969],[126.976301,37.944548],[126.977284,37.951563],[126.985065,37.955723],[126.98851,37.956463],[126.989069,37.957512],[126.98822,37.961899],[126.990921,37.967678],[126.993633,37.967873],[126.997479,37.967532],[127.001721,37.968285],[127.003071,37.969702],[127.003746,37.971123],[127.002755,37.973469],[127.004694,37.9753],[127.006325,37.975264],[127.007415,37.973867],[127.010537,37.975372],[127.012077,37.97748],[127.012094,37.982612],[127.013565,37.984784],[127.015485,37.985522],[127.017107,37.986963],[127.016064,37.991969],[127.014844,37.992772],[127.013276,37.993636],[127.010309,37.993232],[127.004884,37.993949],[127.000467,37.9964],[126.999645,37.997209],[126.998345,37.99987],[126.99496,38.001416],[126.993461,38.002798],[126.992947,38.004147],[126.991598,38.005804],[126.989137,38.007812],[126.989602,38.010001],[126.989382,38.010591],[126.979058,38.008547],[126.977362,38.007351],[126.975295,38.00688],[126.973886,38.007782],[126.972218,38.007529],[126.969428,38.002742],[126.960163,37.996428],[126.957693,37.991927],[126.95525,37.989572],[126.938182,37.980873],[126.93249,37.981777],[126.913692,37.987698],[126.909717,37.988295],[126.909713,37.991223],[126.906244,37.993574],[126.904017,37.99439],[126.895624,37.994903],[126.892949,37.993285],[126.892426,37.991884],[126.892178,37.984677],[126.89328,37.97747],[126.894284,37.974139],[126.895376,37.97421],[126.895491,37.973869],[126.895515,37.969743],[126.891806,37.967381],[126.886984,37.966237],[126.881293,37.966996],[126.873831,37.970243],[126.872455,37.971094],[126.870066,37.973843],[126.867565,37.975796],[126.858503,37.982416],[126.852803,37.986003],[126.849088,37.986616],[126.847113,37.986079],[126.841431,37.981542],[126.840127,37.978987],[126.839103,37.975474],[126.838242,37.966596],[126.837511,37.962991],[126.835788,37.960195],[126.83578,37.963787],[126.831219,37.963615],[126.830438,37.961824],[126.828313,37.959832],[126.820737,37.957459],[126.818872,37.958519],[126.816868,37.960976],[126.816903,37.962062],[126.817538,37.962204],[126.818761,37.964103],[126.816302,37.966852],[126.814078,37.968843],[126.812685,37.969298],[126.811634,37.968808],[126.809194,37.968999],[126.807065,37.971465],[126.806655,37.972691],[126.809157,37.973164],[126.810738,37.974205],[126.809375,37.97505],[126.808368,37.9748],[126.806637,37.976681],[126.806248,37.980242],[126.802741,37.982658],[126.80021,37.987499],[126.800622,37.989375],[126.801467,37.990038],[126.800754,37.991749],[126.797777,37.992742],[126.796394,37.993695],[126.793072,37.992263],[126.793169,37.991421],[126.792408,37.990078],[126.790119,37.988139],[126.786802,37.988018],[126.786338,37.989549],[126.78678,37.993735],[126.790083,37.998953],[126.802621,37.999119],[126.802468,37.999679],[126.806091,37.999275],[126.811219,37.999449],[126.816845,38.002586],[126.819763,38.005078],[126.820751,38.007368],[126.823277,38.008836],[126.823402,38.009314],[126.822456,38.011452],[126.820894,38.011586],[126.822423,38.015151],[126.826213,38.017763],[126.82588,38.018457],[126.825177,38.018749],[126.824648,38.020292],[126.826002,38.024237],[126.829447,38.024153],[126.828888,38.023707],[126.827738,38.023878],[126.826903,38.022845],[126.825653,38.019815],[126.827691,38.019527],[126.831809,38.022829],[126.833949,38.025673],[126.84073,38.032907],[126.848867,38.033409],[126.851292,38.032367],[126.855409,38.032088],[126.85369,38.033176],[126.852376,38.03509],[126.852607,38.038064],[126.854814,38.040433],[126.852689,38.043089],[126.852535,38.053103],[126.857534,38.053109],[126.858363,38.053974],[126.858351,38.060318],[126.853119,38.060311],[126.854979,38.061221],[126.858144,38.06174],[126.865915,38.068035],[126.867122,38.070232],[126.869569,38.077765],[126.868896,38.08012],[126.866174,38.081088],[126.865338,38.081676],[126.86494,38.0827],[126.860243,38.085676],[126.858687,38.090115],[126.859075,38.091822],[126.859851,38.092311],[126.861548,38.092123],[126.863238,38.09438],[126.861727,38.095432],[126.857672,38.096973],[126.85607,38.099661],[126.857702,38.10038],[126.859219,38.102827],[126.859208,38.103912],[126.86099,38.106891],[126.86237,38.108329],[126.867445,38.111151],[126.87216,38.112642],[126.877089,38.113096],[126.88323,38.115842],[126.88414,38.116709],[126.883937,38.117262],[126.885487,38.12421],[126.888932,38.128797],[126.90207,38.13413],[126.902403,38.135573],[126.904703,38.137893],[126.917058,38.136718],[126.921873,38.133445],[126.923847,38.130321],[126.925173,38.12895],[126.927852,38.127314],[126.931282,38.127749],[126.932139,38.129331],[126.932349,38.131651],[126.938919,38.133129],[126.940299,38.133933],[126.950443,38.135398],[126.957531,38.134654],[126.96086,38.136074],[126.960858,38.139677],[126.963775,38.139766],[126.965032,38.137891],[126.966406,38.137391],[126.967083,38.138792],[126.966489,38.139057],[126.968342,38.143488],[126.969449,38.14347],[126.969356,38.144836],[126.967979,38.14746],[126.962948,38.150322],[126.959447,38.153137],[126.959846,38.153309],[126.959617,38.153518],[126.955626,38.156027],[126.951098,38.15814],[126.949437,38.159595],[126.949435,38.162342],[126.951593,38.164899],[126.95304,38.165282],[126.953785,38.164968],[126.953555,38.164235],[126.952197,38.163838],[126.951996,38.162362],[126.953964,38.162317],[126.965598,38.171103],[126.965675,38.174769],[126.965118,38.175585],[126.96521,38.176843],[126.966357,38.179298],[126.968004,38.179663],[126.968947,38.180647],[126.969042,38.181915],[126.967114,38.186626],[126.964875,38.188728],[126.96449,38.191811],[126.96542,38.191882],[126.966536,38.192868],[126.966533,38.198952],[126.967836,38.199383],[126.973029,38.198979],[126.974935,38.199435],[126.975272,38.200942],[126.974415,38.200942],[126.974396,38.204546],[126.977317,38.204546],[126.979521,38.205139],[126.981744,38.209166],[126.983655,38.210599],[126.983654,38.213287],[126.980082,38.217498],[126.980174,38.21868],[126.981215,38.219717],[126.98024,38.221195],[126.978825,38.222153],[126.981745,38.227345],[126.983406,38.227592],[126.986313,38.2271],[126.987221,38.226844],[126.98907,38.225375],[126.990651,38.227154],[126.98977,38.22851],[126.990669,38.229368],[126.991591,38.229472],[126.997878,38.22557],[126.999733,38.223592],[127.004712,38.22151],[127.005982,38.225453],[127.00642,38.225832],[127.009311,38.226151],[127.010208,38.227348],[127.010716,38.230824],[127.012358,38.234524],[127.013908,38.236921],[127.020113,38.238923],[127.023514,38.24161],[127.0234,38.243074],[127.02045,38.245828],[127.026164,38.245903],[127.028128,38.244987],[127.036572,38.249802],[127.037778,38.251334],[127.039308,38.255283],[127.041796,38.259112],[127.046946,38.259614],[127.054716,38.25879],[127.05555,38.259075],[127.056212,38.26014],[127.058534,38.262193],[127.060397,38.263129],[127.060949,38.26247],[127.061676,38.262452],[127.066207,38.263653],[127.0705,38.267129],[127.074274,38.271584],[127.076482,38.272178],[127.076945,38.272995],[127.07665,38.274218],[127.075025,38.277426],[127.07577,38.278029],[127.082994,38.280195],[127.084362,38.280194],[127.086004,38.278987],[127.087068,38.27902],[127.092119,38.280165],[127.092211,38.282205],[127.094176,38.281788],[127.095127,38.281384]]]]},"properties":{"id":"31350","title":"연천군"}},{"type":"Feature","geometry":{"type":"MultiPolygon","coordinates":[[[[127.027228,37.200435],[127.029624,37.199801],[127.033074,37.200164],[127.036803,37.199951],[127.041475,37.197485],[127.042517,37.197644],[127.046583,37.196046],[127.050058,37.196],[127.051725,37.196995],[127.054454,37.197491],[127.056719,37.197284],[127.060582,37.199461],[127.064436,37.19905],[127.066321,37.195416],[127.065418,37.193162],[127.065645,37.192265],[127.067106,37.191033],[127.0667,37.188345],[127.065189,37.186403],[127.065535,37.18529],[127.066429,37.184193],[127.071185,37.184033],[127.071739,37.183204],[127.072187,37.180702],[127.072027,37.176145],[127.070581,37.173111],[127.071303,37.168236],[127.075763,37.163824],[127.077867,37.162426],[127.080163,37.161595],[127.08867,37.160602],[127.089334,37.160957],[127.089154,37.160494],[127.094861,37.158554],[127.098353,37.155347],[127.100783,37.146125],[127.103038,37.143863],[127.100875,37.142378],[127.098035,37.13938],[127.097449,37.138335],[127.097931,37.137353],[127.097649,37.136786],[127.094925,37.136292],[127.092382,37.136763],[127.090908,37.136584],[127.089095,37.135918],[127.087754,37.134793],[127.091231,37.13115],[127.090967,37.129898],[127.088928,37.127899],[127.086451,37.126684],[127.079991,37.125959],[127.079237,37.126371],[127.079127,37.128122],[127.074882,37.126332],[127.074218,37.125557],[127.073013,37.125323],[127.07154,37.12564],[127.068886,37.128074],[127.067129,37.12685],[127.066321,37.12876],[127.066402,37.131193],[127.065108,37.131194],[127.064928,37.131942],[127.057442,37.132533],[127.055656,37.133595],[127.052639,37.13165],[127.052578,37.130292],[127.052052,37.129885],[127.05006,37.129345],[127.049143,37.129782],[127.045322,37.128608],[127.045659,37.126717],[127.045377,37.126112],[127.04442,37.126319],[127.038279,37.131989],[127.037413,37.133575],[127.037481,37.135017],[127.037065,37.136173],[127.035805,37.136396],[127.033994,37.137397],[127.032155,37.140726],[127.030929,37.144497],[127.031285,37.146741],[127.027798,37.15286],[127.027804,37.154189],[127.028964,37.155464],[127.030602,37.156283],[127.030029,37.158522],[127.02528,37.164817],[127.0247,37.165277],[127.022904,37.16534],[127.0204,37.166823],[127.017477,37.167681],[127.013245,37.167536],[127.006894,37.168428],[127.001946,37.171704],[127.001434,37.172785],[126.995145,37.174947],[126.995128,37.17715],[126.997104,37.17934],[126.999232,37.180647],[126.999829,37.180579],[127.000414,37.179656],[126.998934,37.178476],[126.998951,37.177764],[127.000724,37.177435],[127.002513,37.178337],[127.004756,37.180507],[127.005071,37.181282],[127.00274,37.181805],[127.002335,37.182093],[127.002543,37.182719],[127.00542,37.185499],[127.005949,37.186491],[127.008343,37.185837],[127.009785,37.187301],[127.007848,37.192212],[127.007893,37.192964],[127.013491,37.195018],[127.018616,37.195833],[127.025059,37.198026],[127.027363,37.19971],[127.026857,37.200332],[127.027228,37.200435]]]]},"properties":{"id":"31140","title":"오산시"}},{"type":"Feature","geometry":{"type":"MultiPolygon","coordinates":[[[[127.139285,37.319106],[127.142676,37.317021],[127.143081,37.31602],[127.142593,37.31484],[127.143075,37.312875],[127.143559,37.312262],[127.145227,37.311512],[127.147758,37.307995],[127.148454,37.305985],[127.152041,37.306197],[127.153755,37.305915],[127.15664,37.304677],[127.163305,37.304245],[127.167598,37.302274],[127.168031,37.299422],[127.169874,37.299694],[127.170116,37.298342],[127.171364,37.296674],[127.171711,37.295268],[127.17129,37.293718],[127.170328,37.293015],[127.170271,37.291864],[127.171734,37.290618],[127.174461,37.28956],[127.177128,37.282258],[127.175493,37.277593],[127.174236,37.275198],[127.173027,37.274372],[127.172359,37.269877],[127.171686,37.269048],[127.17363,37.261449],[127.175393,37.258608],[127.170155,37.255021],[127.162917,37.254697],[127.159298,37.254054],[127.158849,37.249531],[127.158101,37.247784],[127.153653,37.243951],[127.150518,37.242946],[127.149569,37.241947],[127.149172,37.240794],[127.150212,37.236603],[127.153056,37.233158],[127.154632,37.2323],[127.155721,37.230325],[127.156207,37.227628],[127.152428,37.223364],[127.15076,37.222925],[127.150184,37.222358],[127.149793,37.221726],[127.150691,37.22001],[127.150254,37.219733],[127.143236,37.21861],[127.136685,37.215533],[127.13379,37.215885],[127.132844,37.216502],[127.119341,37.219329],[127.117708,37.220011],[127.115116,37.219133],[127.104638,37.219834],[127.095458,37.218342],[127.088933,37.216605],[127.086912,37.217263],[127.082296,37.219864],[127.078409,37.222627],[127.075921,37.225581],[127.074581,37.228151],[127.072647,37.229113],[127.071544,37.229036],[127.068964,37.230439],[127.069139,37.232396],[127.06745,37.239705],[127.066917,37.240185],[127.065473,37.24369],[127.067896,37.244684],[127.069815,37.246207],[127.076137,37.247428],[127.08006,37.247402],[127.081727,37.248762],[127.082504,37.250116],[127.082663,37.251635],[127.081751,37.2527],[127.082113,37.254262],[127.083635,37.254954],[127.084667,37.256475],[127.083645,37.258782],[127.08096,37.258493],[127.080778,37.259903],[127.082059,37.262074],[127.084489,37.262554],[127.086225,37.264864],[127.085511,37.268797],[127.084876,37.269912],[127.082393,37.268174],[127.077317,37.265686],[127.072067,37.266159],[127.070579,37.266617],[127.068979,37.267962],[127.064354,37.26992],[127.065559,37.272306],[127.066974,37.274116],[127.067571,37.274364],[127.068929,37.276546],[127.069784,37.278865],[127.071287,37.280594],[127.075451,37.282633],[127.082594,37.285274],[127.084415,37.285655],[127.085598,37.28503],[127.087625,37.285689],[127.089312,37.286871],[127.088993,37.28847],[127.088037,37.289912],[127.087989,37.290936],[127.088285,37.293175],[127.089204,37.293385],[127.089039,37.297174],[127.089629,37.298252],[127.093157,37.30157],[127.093241,37.306546],[127.091834,37.308914],[127.095422,37.3144],[127.098608,37.313248],[127.099116,37.313778],[127.098654,37.316221],[127.100244,37.318765],[127.099873,37.320108],[127.098552,37.319964],[127.097464,37.320533],[127.097727,37.320855],[127.103171,37.323448],[127.111894,37.323681],[127.113149,37.322031],[127.113187,37.320952],[127.124358,37.321179],[127.127265,37.318445],[127.128168,37.318555],[127.128743,37.319051],[127.128401,37.319343],[127.129559,37.320331],[127.136542,37.324711],[127.137529,37.3242],[127.137022,37.323321],[127.137607,37.320991],[127.138574,37.319296],[127.139003,37.319241],[127.139285,37.319106]]]]},"properties":{"id":"31192","title":"용인시 기흥구"}},{"type":"Feature","geometry":{"type":"MultiPolygon","coordinates":[[[[127.055239,37.359964],[127.058134,37.360746],[127.062972,37.360444],[127.070598,37.357987],[127.07218,37.357163],[127.074009,37.355454],[127.076239,37.350566],[127.078086,37.349611],[127.080703,37.350119],[127.083328,37.351838],[127.085951,37.351659],[127.091058,37.347808],[127.093265,37.346797],[127.097855,37.342889],[127.100156,37.342626],[127.101874,37.343027],[127.102438,37.3419],[127.102409,37.340303],[127.104637,37.338093],[127.109137,37.335762],[127.113702,37.335675],[127.116924,37.333375],[127.120997,37.334488],[127.122108,37.336519],[127.122774,37.337018],[127.129416,37.337321],[127.135746,37.339599],[127.138702,37.339722],[127.140223,37.338783],[127.141438,37.336854],[127.142262,37.336618],[127.141769,37.332735],[127.141783,37.327861],[127.142444,37.325707],[127.140287,37.32415],[127.13863,37.324945],[127.137529,37.3242],[127.136542,37.324711],[127.135725,37.324485],[127.129559,37.320331],[127.128401,37.319343],[127.128743,37.319051],[127.128168,37.318555],[127.127265,37.318445],[127.124358,37.321179],[127.113187,37.320952],[127.113149,37.322031],[127.111894,37.323681],[127.103171,37.323448],[127.097464,37.320533],[127.098552,37.319964],[127.099873,37.320108],[127.100244,37.318765],[127.098654,37.316221],[127.099116,37.313778],[127.098608,37.313248],[127.095422,37.3144],[127.091834,37.308914],[127.093241,37.306546],[127.093157,37.30157],[127.089629,37.298252],[127.086503,37.298292],[127.082809,37.297667],[127.079763,37.295117],[127.078974,37.293282],[127.060255,37.296654],[127.06011,37.299436],[127.060999,37.302195],[127.060835,37.303565],[127.060504,37.304088],[127.058166,37.304791],[127.060395,37.309602],[127.060566,37.310963],[127.058772,37.312435],[127.05769,37.315546],[127.052848,37.316083],[127.049822,37.315855],[127.043189,37.318695],[127.039699,37.320946],[127.039475,37.322719],[127.037805,37.324672],[127.037047,37.326245],[127.036926,37.326868],[127.038061,37.328335],[127.037404,37.328403],[127.036629,37.329395],[127.035861,37.33165],[127.034039,37.334453],[127.032715,37.33522],[127.031506,37.336802],[127.031338,37.338544],[127.03193,37.342103],[127.033389,37.344552],[127.027999,37.347707],[127.026229,37.348423],[127.024164,37.348679],[127.019757,37.351045],[127.018191,37.350952],[127.016486,37.356207],[127.016552,37.357715],[127.017705,37.359677],[127.024081,37.364217],[127.026166,37.36861],[127.027888,37.369412],[127.027916,37.37196],[127.029656,37.372131],[127.046082,37.368297],[127.046735,37.367429],[127.052669,37.363792],[127.05319,37.363163],[127.053093,37.360924],[127.055052,37.359995],[127.055239,37.359964]]]]},"properties":{"id":"31193","title":"용인시 수지구"}},{"type":"Feature","geometry":{"type":"MultiPolygon","coordinates":[[[[127.238719,37.359269],[127.23909,37.355673],[127.240852,37.354282],[127.242312,37.353617],[127.244836,37.355232],[127.247211,37.355643],[127.254125,37.350732],[127.258444,37.349587],[127.261408,37.348256],[127.263025,37.345847],[127.263628,37.344016],[127.26483,37.342563],[127.268576,37.342176],[127.27501,37.342612],[127.276538,37.343807],[127.280552,37.345879],[127.283108,37.345101],[127.28269,37.344189],[127.283193,37.343025],[127.283435,37.338195],[127.282965,37.336295],[127.281594,37.334902],[127.279846,37.332113],[127.279364,37.329942],[127.279605,37.327996],[127.282972,37.320203],[127.283327,37.318445],[127.283013,37.315869],[127.281917,37.315484],[127.280116,37.313659],[127.277221,37.308467],[127.278993,37.305679],[127.278529,37.304992],[127.279766,37.302771],[127.281478,37.297617],[127.277642,37.290001],[127.279697,37.285539],[127.28011,37.28142],[127.281149,37.280283],[127.281732,37.277939],[127.280709,37.277117],[127.277209,37.275778],[127.275845,37.274285],[127.275994,37.273492],[127.278746,37.27203],[127.279385,37.27069],[127.279239,37.269741],[127.281664,37.268672],[127.284822,37.269056],[127.285661,37.270081],[127.286948,37.27061],[127.290113,37.271431],[127.29234,37.271444],[127.295089,37.269369],[127.295564,37.266768],[127.296575,37.265308],[127.298358,37.265018],[127.300213,37.265216],[127.302185,37.266184],[127.302588,37.266962],[127.30241,37.268977],[127.30373,37.270658],[127.306793,37.271374],[127.310423,37.272856],[127.310989,37.27357],[127.31203,37.273763],[127.318962,37.274574],[127.320984,37.274339],[127.322534,37.274114],[127.329925,37.270332],[127.337328,37.270698],[127.339001,37.270419],[127.341055,37.265836],[127.340904,37.264872],[127.340252,37.262729],[127.336604,37.261154],[127.335957,37.257597],[127.338199,37.252274],[127.333294,37.249306],[127.33241,37.2482],[127.331002,37.243185],[127.333162,37.239665],[127.334848,37.238678],[127.333661,37.232861],[127.334277,37.231832],[127.333303,37.228104],[127.33226,37.226828],[127.330031,37.22205],[127.330306,37.220409],[127.332118,37.220089],[127.337501,37.21683],[127.3389,37.214825],[127.338626,37.214015],[127.339403,37.211463],[127.341755,37.208393],[127.345465,37.206751],[127.349687,37.203577],[127.355058,37.202975],[127.356013,37.202405],[127.355862,37.201639],[127.361229,37.200226],[127.364929,37.201368],[127.367289,37.20265],[127.36834,37.20334],[127.369159,37.204836],[127.373573,37.201301],[127.37521,37.198525],[127.377269,37.197019],[127.378528,37.195226],[127.375249,37.190371],[127.372548,37.189591],[127.372158,37.185808],[127.377863,37.185028],[127.382074,37.183807],[127.382505,37.18279],[127.384171,37.182012],[127.388199,37.18126],[127.395848,37.180789],[127.401587,37.179954],[127.403125,37.180026],[127.409304,37.183835],[127.409987,37.183872],[127.411694,37.182266],[127.413022,37.177842],[127.413192,37.17289],[127.412748,37.170022],[127.410319,37.16744],[127.409656,37.164401],[127.41002,37.160895],[127.411805,37.156843],[127.411941,37.154955],[127.41445,37.152154],[127.416633,37.151451],[127.421404,37.152214],[127.424181,37.151632],[127.426488,37.149416],[127.426413,37.148164],[127.426969,37.146973],[127.427754,37.146438],[127.425473,37.14195],[127.42678,37.137287],[127.423955,37.131152],[127.42168,37.128553],[127.421007,37.126126],[127.415468,37.122789],[127.414538,37.122747],[127.41252,37.119524],[127.412584,37.117211],[127.41306,37.116274],[127.415645,37.11485],[127.416522,37.114644],[127.418676,37.115691],[127.420156,37.11569],[127.424351,37.113417],[127.424425,37.111918],[127.423823,37.111523],[127.423677,37.110546],[127.423877,37.109716],[127.421021,37.106357],[127.424102,37.10002],[127.423596,37.09899],[127.422235,37.097999],[127.419522,37.097482],[127.416037,37.09603],[127.416553,37.091568],[127.415974,37.089493],[127.415318,37.088942],[127.412655,37.090257],[127.407449,37.09378],[127.405118,37.094342],[127.401717,37.093655],[127.398863,37.095386],[127.397957,37.096254],[127.39777,37.098102],[127.395824,37.102047],[127.392108,37.106799],[127.390493,37.107899],[127.387655,37.107309],[127.38702,37.106212],[127.38163,37.105963],[127.379263,37.105101],[127.378831,37.103039],[127.376871,37.101155],[127.37601,37.101336],[127.374226,37.102695],[127.373762,37.105101],[127.373124,37.105864],[127.368735,37.106788],[127.359059,37.107592],[127.358016,37.107109],[127.355347,37.104202],[127.354262,37.100754],[127.35327,37.100221],[127.351834,37.100435],[127.349568,37.102489],[127.347392,37.103811],[127.344774,37.103318],[127.343411,37.104228],[127.339717,37.109577],[127.336367,37.11142],[127.333618,37.111982],[127.331003,37.11599],[127.33008,37.118561],[127.328896,37.119294],[127.327072,37.119657],[127.31999,37.114267],[127.31998,37.113231],[127.317855,37.110876],[127.314168,37.108984],[127.310593,37.105308],[127.307844,37.105748],[127.304071,37.108295],[127.304363,37.108919],[127.303331,37.111112],[127.301009,37.111482],[127.299776,37.114031],[127.299118,37.116867],[127.29586,37.120836],[127.294467,37.121604],[127.293033,37.123302],[127.292445,37.127038],[127.291306,37.12773],[127.289179,37.127897],[127.288045,37.131179],[127.286996,37.132349],[127.282512,37.133919],[127.277724,37.134304],[127.274245,37.133664],[127.273505,37.134449],[127.272385,37.136164],[127.27184,37.140985],[127.27269,37.142605],[127.27357,37.143198],[127.272348,37.144643],[127.268856,37.147155],[127.268641,37.149814],[127.269367,37.151614],[127.268848,37.15431],[127.266637,37.155306],[127.264192,37.155726],[127.260093,37.151959],[127.255363,37.151294],[127.253888,37.147954],[127.250694,37.145402],[127.25117,37.142761],[127.253032,37.140784],[127.253821,37.138007],[127.252541,37.135414],[127.25165,37.134731],[127.251396,37.132939],[127.252752,37.130972],[127.253007,37.129935],[127.252843,37.128106],[127.250824,37.123119],[127.245903,37.122102],[127.243151,37.122569],[127.236482,37.121139],[127.234858,37.120051],[127.234856,37.119268],[127.233613,37.117468],[127.229528,37.117215],[127.226708,37.115048],[127.226684,37.114553],[127.225838,37.113852],[127.223241,37.112909],[127.219086,37.113161],[127.215292,37.11144],[127.212489,37.111957],[127.208324,37.111063],[127.208759,37.109422],[127.209845,37.10779],[127.20948,37.105844],[127.20834,37.104368],[127.207246,37.103447],[127.204352,37.102276],[127.198358,37.096501],[127.196941,37.092458],[127.195016,37.089294],[127.191884,37.08742],[127.189528,37.087356],[127.188369,37.086902],[127.187895,37.085303],[127.18647,37.084583],[127.185946,37.083648],[127.18327,37.085861],[127.178511,37.087337],[127.17633,37.087714],[127.173773,37.086425],[127.166097,37.086287],[127.160751,37.089453],[127.154623,37.090821],[127.145893,37.090801],[127.143072,37.088597],[127.142493,37.087739],[127.137195,37.089084],[127.134857,37.09212],[127.133409,37.092147],[127.131358,37.091106],[127.126351,37.090664],[127.123484,37.091236],[127.12373,37.090312],[127.123044,37.09043],[127.112651,37.113291],[127.109641,37.11733],[127.109166,37.123206],[127.110115,37.126214],[127.114892,37.129841],[127.116389,37.12984],[127.117974,37.128748],[127.12018,37.128944],[127.120721,37.129655],[127.120582,37.134395],[127.121981,37.136502],[127.121546,37.139016],[127.120601,37.139441],[127.121055,37.141603],[127.123377,37.143673],[127.122941,37.144493],[127.123276,37.144771],[127.124699,37.14538],[127.127696,37.145471],[127.129478,37.14869],[127.129913,37.1511],[127.128316,37.160994],[127.129,37.161895],[127.131202,37.162628],[127.134085,37.165091],[127.134,37.16612],[127.132521,37.168106],[127.133024,37.168969],[127.134048,37.169327],[127.140558,37.169139],[127.14506,37.1699],[127.148713,37.169892],[127.151659,37.171674],[127.153113,37.173659],[127.153889,37.175869],[127.155397,37.17669],[127.156326,37.176521],[127.157742,37.176951],[127.15912,37.177975],[127.160658,37.179876],[127.159437,37.182799],[127.159458,37.185006],[127.161299,37.190492],[127.161148,37.19187],[127.157407,37.194935],[127.156077,37.19634],[127.155416,37.197691],[127.152952,37.197275],[127.152002,37.199185],[127.152744,37.200986],[127.157327,37.206948],[127.156426,37.208646],[127.155094,37.209692],[127.15149,37.214332],[127.151276,37.216223],[127.152007,37.21817],[127.149793,37.221726],[127.15076,37.222925],[127.152428,37.223364],[127.156207,37.227628],[127.155721,37.230325],[127.154632,37.2323],[127.153056,37.233158],[127.150212,37.236603],[127.149172,37.240794],[127.150134,37.242658],[127.153653,37.243951],[127.158101,37.247784],[127.158849,37.249531],[127.159298,37.254054],[127.162917,37.254697],[127.170155,37.255021],[127.175393,37.258608],[127.17363,37.261449],[127.171686,37.269048],[127.172359,37.269877],[127.173027,37.274372],[127.174236,37.275198],[127.175493,37.277593],[127.177128,37.282258],[127.174944,37.288739],[127.174461,37.28956],[127.171734,37.290618],[127.170271,37.291864],[127.170328,37.293015],[127.17129,37.293718],[127.171676,37.294619],[127.171364,37.296674],[127.170116,37.298342],[127.169874,37.299694],[127.168031,37.299422],[127.167598,37.302274],[127.163305,37.304245],[127.15664,37.304677],[127.153755,37.305915],[127.152041,37.306197],[127.148454,37.305985],[127.147758,37.307995],[127.145227,37.311512],[127.143559,37.312262],[127.143075,37.312875],[127.142593,37.31484],[127.143081,37.31602],[127.142676,37.317021],[127.138574,37.319296],[127.137607,37.320991],[127.137022,37.323321],[127.137529,37.3242],[127.13863,37.324945],[127.140287,37.32415],[127.140862,37.324258],[127.142444,37.325707],[127.141783,37.327861],[127.141769,37.332735],[127.142262,37.336618],[127.146957,37.33718],[127.152921,37.339939],[127.158826,37.341184],[127.161764,37.343045],[127.163197,37.343376],[127.173921,37.344614],[127.177036,37.344393],[127.178827,37.343183],[127.186778,37.345387],[127.191815,37.347235],[127.196018,37.344336],[127.197974,37.341404],[127.198205,37.339341],[127.196753,37.336099],[127.197296,37.333617],[127.200322,37.328908],[127.201928,37.328324],[127.208287,37.33075],[127.211877,37.337366],[127.213075,37.337481],[127.215854,37.338999],[127.217225,37.341001],[127.219425,37.346502],[127.220533,37.347375],[127.2222,37.346137],[127.222338,37.346363],[127.222738,37.347327],[127.222045,37.348764],[127.217355,37.352917],[127.216901,37.355055],[127.217187,37.355364],[127.218475,37.355735],[127.219173,37.355333],[127.219464,37.354495],[127.22263,37.354466],[127.224478,37.355242],[127.227827,37.357979],[127.230391,37.35852],[127.234938,37.357957],[127.237932,37.360442],[127.238726,37.360121],[127.238724,37.359499],[127.238719,37.359269]]]]},"properties":{"id":"31191","title":"용인시 처인구"}},{"type":"Feature","geometry":{"type":"MultiPolygon","coordinates":[[[[127.045476,37.413983],[127.046843,37.413748],[127.046932,37.41137],[127.046649,37.410739],[127.042762,37.408299],[127.042264,37.40729],[127.043245,37.403885],[127.038027,37.402065],[127.0371,37.4013],[127.038496,37.392226],[127.037416,37.389699],[127.032277,37.381424],[127.029754,37.379542],[127.028192,37.379173],[127.027726,37.372984],[127.027888,37.369412],[127.026166,37.36861],[127.024141,37.364286],[127.02337,37.363496],[127.017705,37.359677],[127.016552,37.357715],[127.016486,37.356207],[127.018191,37.350952],[127.014283,37.349428],[127.012602,37.346979],[127.012353,37.344976],[127.008901,37.339304],[127.005193,37.339317],[127.000664,37.338568],[126.99331,37.334488],[126.991631,37.33401],[126.989746,37.332413],[126.989959,37.330677],[126.989663,37.330143],[126.985157,37.328797],[126.982919,37.326676],[126.981604,37.326578],[126.974577,37.329375],[126.971306,37.331764],[126.969737,37.328139],[126.967614,37.324785],[126.966624,37.323951],[126.967178,37.322285],[126.969012,37.320129],[126.96837,37.318656],[126.967066,37.317803],[126.966729,37.314909],[126.966858,37.31082],[126.966218,37.307796],[126.964969,37.305448],[126.962034,37.30241],[126.957796,37.302161],[126.95096,37.30042],[126.942387,37.30034],[126.940084,37.301532],[126.937167,37.302084],[126.936583,37.302836],[126.934335,37.303339],[126.932933,37.303042],[126.931372,37.303966],[126.930582,37.305217],[126.930236,37.307222],[126.931342,37.307335],[126.932907,37.308399],[126.931505,37.311498],[126.930557,37.311903],[126.93006,37.312857],[126.929312,37.316749],[126.932695,37.318643],[126.935028,37.320735],[126.935793,37.322853],[126.937948,37.322917],[126.945272,37.3202],[126.948032,37.326743],[126.948323,37.340319],[126.953258,37.340819],[126.957679,37.344371],[126.958356,37.347128],[126.95946,37.348156],[126.961546,37.352148],[126.96186,37.355617],[126.960573,37.356562],[126.961683,37.358793],[126.962061,37.361635],[126.966169,37.362232],[126.966157,37.363322],[126.964384,37.36497],[126.96594,37.368485],[126.964765,37.370187],[126.965013,37.371467],[126.968093,37.376099],[126.972023,37.380075],[126.972927,37.386759],[126.974151,37.388469],[126.97562,37.390171],[126.980926,37.393176],[126.981682,37.393987],[126.981762,37.394379],[126.979771,37.396303],[126.982855,37.399916],[126.982855,37.400484],[126.982371,37.400685],[126.985781,37.406655],[126.988244,37.407941],[126.989975,37.408211],[126.99208,37.407642],[126.994273,37.405008],[126.999683,37.404616],[127.001942,37.406684],[127.005172,37.407864],[127.00899,37.412306],[127.012187,37.411901],[127.013791,37.412964],[127.013317,37.413874],[127.016886,37.413513],[127.021811,37.412314],[127.027876,37.411988],[127.035016,37.413996],[127.038224,37.413724],[127.042077,37.415539],[127.042981,37.415407],[127.04429,37.414416],[127.045476,37.413983]]]]},"properties":{"id":"31170","title":"의왕시"}},{"type":"Feature","geometry":{"type":"MultiPolygon","coordinates":[[[[127.115949,37.774429],[127.119019,37.773634],[127.12042,37.774001],[127.124823,37.773257],[127.12743,37.771471],[127.128811,37.769307],[127.12908,37.767126],[127.127557,37.765623],[127.126308,37.765679],[127.125805,37.763645],[127.132637,37.763347],[127.133713,37.762094],[127.139652,37.764015],[127.140728,37.762969],[127.142731,37.759759],[127.143318,37.758146],[127.143134,37.757083],[127.144312,37.755991],[127.146178,37.755498],[127.147256,37.751987],[127.146525,37.749855],[127.141778,37.747723],[127.138368,37.747416],[127.136342,37.74952],[127.128638,37.748081],[127.128363,37.74728],[127.128637,37.746223],[127.125349,37.742762],[127.123694,37.738955],[127.123687,37.735663],[127.123874,37.734995],[127.125478,37.733351],[127.125919,37.73044],[127.125784,37.727469],[127.123759,37.722755],[127.123063,37.721932],[127.121227,37.722145],[127.118066,37.72086],[127.116356,37.718014],[127.115044,37.717313],[127.114007,37.717765],[127.112256,37.717759],[127.111576,37.717255],[127.109027,37.713354],[127.108867,37.711854],[127.109311,37.709817],[127.108421,37.708176],[127.10719,37.707578],[127.103914,37.707214],[127.098153,37.703601],[127.095039,37.702734],[127.083976,37.701883],[127.080233,37.699513],[127.081105,37.696137],[127.078196,37.695987],[127.074907,37.69522],[127.072658,37.6938],[127.069151,37.69369],[127.063386,37.694922],[127.062732,37.694676],[127.062368,37.693024],[127.05966,37.690332],[127.05463,37.688686],[127.052227,37.687421],[127.051804,37.687067],[127.051798,37.685815],[127.050921,37.686159],[127.04982,37.687977],[127.048629,37.694062],[127.045094,37.692385],[127.043073,37.695231],[127.041109,37.6953],[127.038808,37.693629],[127.032414,37.691839],[127.031026,37.693075],[127.029729,37.696272],[127.029286,37.699292],[127.027687,37.700937],[127.027022,37.701115],[127.026898,37.700251],[127.025315,37.699581],[127.022148,37.699721],[127.019827,37.701017],[127.015415,37.701455],[127.018205,37.705145],[127.017298,37.706361],[127.017384,37.707994],[127.016221,37.70847],[127.012117,37.713687],[127.011675,37.715579],[127.012764,37.716615],[127.013329,37.718328],[127.010473,37.721922],[127.012129,37.723588],[127.012232,37.726084],[127.010451,37.728003],[127.007741,37.733058],[127.005665,37.733743],[127.002375,37.740797],[127.003022,37.743599],[127.00251,37.744659],[127.006641,37.747699],[127.00621,37.75051],[127.005382,37.751987],[127.003033,37.753996],[127.00242,37.755159],[127.001694,37.761429],[127.002046,37.762619],[127.005836,37.762772],[127.008513,37.762399],[127.013929,37.766285],[127.016217,37.768562],[127.017436,37.768861],[127.027241,37.766454],[127.033825,37.768434],[127.036503,37.767461],[127.04178,37.766666],[127.047963,37.762681],[127.051186,37.761112],[127.053932,37.761877],[127.059402,37.761992],[127.065293,37.763682],[127.068802,37.765374],[127.073776,37.768606],[127.076193,37.768848],[127.080463,37.770313],[127.084427,37.773536],[127.092762,37.776602],[127.102946,37.778414],[127.103538,37.77935],[127.105743,37.78034],[127.108873,37.779363],[127.111028,37.778127],[127.115124,37.777024],[127.11587,37.775086],[127.115949,37.774429]]]]},"properties":{"id":"31030","title":"의정부시"}},{"type":"Feature","geometry":{"type":"MultiPolygon","coordinates":[[[[127.472865,37.358844],[127.476076,37.356794],[127.477238,37.356708],[127.481088,37.353],[127.485242,37.349787],[127.487412,37.347387],[127.489631,37.342697],[127.493258,37.341178],[127.496458,37.341712],[127.498124,37.341259],[127.499593,37.340493],[127.502042,37.338195],[127.505617,37.338069],[127.513915,37.339115],[127.515399,37.337743],[127.520848,37.329805],[127.525989,37.329854],[127.527952,37.327647],[127.527368,37.326388],[127.526167,37.325574],[127.525456,37.325577],[127.525039,37.324047],[127.525125,37.323488],[127.527905,37.320881],[127.527905,37.319196],[127.52696,37.318653],[127.528885,37.316236],[127.533516,37.314118],[127.542719,37.313112],[127.544656,37.312357],[127.546086,37.310668],[127.545576,37.301032],[127.542906,37.296337],[127.542636,37.294591],[127.536687,37.289513],[127.534193,37.289398],[127.53102,37.279964],[127.529934,37.275463],[127.528865,37.27413],[127.529644,37.269479],[127.53164,37.264739],[127.532458,37.257536],[127.535755,37.253494],[127.537081,37.250934],[127.537211,37.247451],[127.535989,37.245195],[127.528743,37.241704],[127.525572,37.239916],[127.525478,37.239358],[127.526033,37.227607],[127.526555,37.22767],[127.527876,37.225976],[127.528607,37.222385],[127.528252,37.219844],[127.531484,37.207876],[127.531575,37.205452],[127.530581,37.20373],[127.531286,37.199937],[127.531032,37.198796],[127.530723,37.198004],[127.52902,37.197787],[127.528024,37.197079],[127.520137,37.188419],[127.517362,37.184289],[127.517145,37.182433],[127.521061,37.181793],[127.523215,37.180442],[127.526805,37.17546],[127.526814,37.173576],[127.527817,37.172886],[127.536591,37.17348],[127.539385,37.175443],[127.54675,37.173862],[127.552851,37.17536],[127.557745,37.177427],[127.558294,37.179925],[127.559062,37.180767],[127.566746,37.176023],[127.568966,37.173692],[127.570827,37.170177],[127.575578,37.17472],[127.57709,37.175163],[127.577797,37.176277],[127.577602,37.177242],[127.574423,37.182465],[127.5728,37.183678],[127.572486,37.184532],[127.573828,37.187166],[127.576059,37.188599],[127.578396,37.188952],[127.580444,37.187466],[127.587488,37.187077],[127.591492,37.188406],[127.593361,37.189635],[127.59568,37.189883],[127.597238,37.188453],[127.599252,37.183128],[127.600259,37.183085],[127.602756,37.181652],[127.605246,37.177979],[127.611425,37.174532],[127.612797,37.17337],[127.614371,37.16944],[127.613983,37.166004],[127.61515,37.163978],[127.618467,37.162223],[127.619469,37.162182],[127.625741,37.165042],[127.626741,37.166014],[127.628253,37.165926],[127.630524,37.165249],[127.632998,37.161976],[127.630112,37.158786],[127.627461,37.153877],[127.627313,37.152256],[127.627455,37.151724],[127.633648,37.145249],[127.637437,37.142021],[127.637768,37.14119],[127.633102,37.120158],[127.636167,37.113933],[127.634131,37.107276],[127.635196,37.104054],[127.634288,37.09904],[127.631814,37.096476],[127.619413,37.090198],[127.619423,37.091495],[127.616092,37.0899],[127.613794,37.088029],[127.611943,37.087254],[127.605987,37.086438],[127.604224,37.086726],[127.603903,37.087485],[127.603488,37.087577],[127.595778,37.088318],[127.595108,37.087993],[127.599549,37.085831],[127.600235,37.084431],[127.600127,37.083485],[127.601088,37.079876],[127.604938,37.076153],[127.605075,37.07499],[127.604324,37.073868],[127.604107,37.070544],[127.604718,37.068779],[127.602944,37.068549],[127.600781,37.070885],[127.596271,37.07371],[127.590004,37.073183],[127.588408,37.073362],[127.586763,37.074406],[127.583049,37.075469],[127.582283,37.075266],[127.582097,37.074778],[127.580833,37.075399],[127.577977,37.075341],[127.575486,37.07311],[127.573679,37.070541],[127.570398,37.067881],[127.564958,37.06059],[127.564723,37.05924],[127.567572,37.056319],[127.567863,37.055116],[127.567287,37.051581],[127.569543,37.04817],[127.568493,37.047571],[127.566807,37.047325],[127.562172,37.044114],[127.556913,37.041265],[127.554613,37.041861],[127.554789,37.042833],[127.55204,37.045135],[127.548567,37.046442],[127.541478,37.050509],[127.534676,37.051999],[127.533102,37.053592],[127.532799,37.055197],[127.531992,37.055642],[127.530408,37.055794],[127.527919,37.05512],[127.522986,37.055457],[127.519802,37.056768],[127.518582,37.057558],[127.518261,37.058397],[127.512514,37.05635],[127.511575,37.055561],[127.510017,37.052882],[127.509679,37.050991],[127.508893,37.049418],[127.504691,37.048129],[127.499078,37.047576],[127.496653,37.048118],[127.49333,37.050538],[127.4882,37.053397],[127.486992,37.054438],[127.488156,37.055407],[127.493578,37.056763],[127.497865,37.057268],[127.504801,37.060478],[127.506033,37.061527],[127.50883,37.064466],[127.509928,37.066434],[127.508042,37.066064],[127.506817,37.068633],[127.506924,37.069601],[127.51133,37.070204],[127.512951,37.072067],[127.514812,37.076226],[127.514755,37.076988],[127.513892,37.078235],[127.516591,37.081625],[127.51573,37.085552],[127.51608,37.088353],[127.514838,37.092571],[127.511761,37.098387],[127.511973,37.099783],[127.515686,37.101356],[127.515436,37.102903],[127.513554,37.105687],[127.510638,37.10533],[127.507577,37.106118],[127.504824,37.108211],[127.503741,37.109531],[127.504183,37.112575],[127.503559,37.114267],[127.50245,37.115119],[127.500681,37.115482],[127.499859,37.11635],[127.498942,37.12318],[127.496857,37.124445],[127.493354,37.123825],[127.476563,37.127038],[127.474342,37.127722],[127.470902,37.129687],[127.462816,37.130656],[127.461715,37.130029],[127.458465,37.13033],[127.454444,37.134418],[127.451169,37.140121],[127.447422,37.145136],[127.442257,37.148214],[127.43413,37.148334],[127.432367,37.148922],[127.42745,37.1468],[127.426969,37.146973],[127.426413,37.148164],[127.426488,37.149416],[127.424181,37.151632],[127.421404,37.152214],[127.416633,37.151451],[127.41445,37.152154],[127.411941,37.154955],[127.411805,37.156843],[127.41002,37.160895],[127.409656,37.164401],[127.410319,37.16744],[127.412748,37.170022],[127.413192,37.17289],[127.413022,37.177842],[127.411694,37.182266],[127.410829,37.18326],[127.409987,37.183872],[127.408943,37.183723],[127.403125,37.180026],[127.401587,37.179954],[127.395848,37.180789],[127.388199,37.18126],[127.384171,37.182012],[127.382505,37.18279],[127.382074,37.183807],[127.377863,37.185028],[127.372158,37.185808],[127.372548,37.189591],[127.375249,37.190371],[127.378528,37.195226],[127.377269,37.197019],[127.37521,37.198525],[127.373573,37.201301],[127.369159,37.204836],[127.36834,37.20334],[127.367289,37.20265],[127.364929,37.201368],[127.361229,37.200226],[127.355862,37.201639],[127.356013,37.202405],[127.355058,37.202975],[127.349687,37.203577],[127.345465,37.206751],[127.341755,37.208393],[127.339403,37.211463],[127.338626,37.214015],[127.3389,37.214825],[127.337501,37.21683],[127.332118,37.220089],[127.330306,37.220409],[127.330031,37.22205],[127.33226,37.226828],[127.333303,37.228104],[127.334277,37.231832],[127.333661,37.232861],[127.334848,37.238678],[127.333162,37.239665],[127.331002,37.243185],[127.33241,37.2482],[127.333294,37.249306],[127.338199,37.252274],[127.335957,37.257597],[127.336604,37.261154],[127.340252,37.262729],[127.340904,37.264872],[127.341055,37.265836],[127.338727,37.270682],[127.340522,37.2726],[127.342338,37.272761],[127.344948,37.273947],[127.349116,37.27694],[127.348388,37.279222],[127.345988,37.280444],[127.343353,37.282789],[127.342876,37.283351],[127.342331,37.286308],[127.340027,37.288054],[127.342985,37.291167],[127.345691,37.291123],[127.346444,37.290508],[127.348517,37.290115],[127.352529,37.292013],[127.353821,37.293262],[127.354254,37.294225],[127.355936,37.294553],[127.356922,37.294335],[127.35736,37.297657],[127.356792,37.299087],[127.354317,37.300586],[127.354384,37.301459],[127.35696,37.303583],[127.357811,37.305842],[127.359541,37.306774],[127.364085,37.307652],[127.364812,37.3086],[127.364762,37.310024],[127.363454,37.312425],[127.363328,37.31592],[127.364557,37.316039],[127.368799,37.314908],[127.36986,37.315175],[127.372074,37.316885],[127.372732,37.31873],[127.375945,37.320648],[127.377012,37.320726],[127.377892,37.319529],[127.378651,37.319171],[127.38706,37.31877],[127.390935,37.319771],[127.392338,37.3206],[127.392328,37.321983],[127.393803,37.323559],[127.400057,37.327408],[127.403635,37.326662],[127.405094,37.32731],[127.406824,37.330115],[127.408086,37.331038],[127.412521,37.334033],[127.41488,37.334187],[127.420494,37.338204],[127.421005,37.339918],[127.421042,37.342531],[127.421434,37.34294],[127.426517,37.344692],[127.429696,37.346405],[127.433704,37.350347],[127.435109,37.354266],[127.4381,37.356223],[127.442497,37.358361],[127.443688,37.357825],[127.447817,37.353201],[127.448652,37.352587],[127.449602,37.352555],[127.453242,37.354051],[127.460159,37.358203],[127.462905,37.358959],[127.463991,37.358278],[127.464893,37.358552],[127.470497,37.361697],[127.472455,37.359903],[127.472481,37.359314],[127.472865,37.358844]]]]},"properties":{"id":"31210","title":"이천시"}},{"type":"Feature","geometry":{"type":"MultiPolygon","coordinates":[[[[126.990076,38.007044],[126.991598,38.005804],[126.992947,38.004147],[126.993461,38.002798],[126.99496,38.001416],[126.998345,37.99987],[126.999645,37.997209],[127.003925,37.994287],[127.010309,37.993232],[127.013276,37.993636],[127.015569,37.992348],[127.016064,37.991969],[127.017005,37.98669],[127.015485,37.985522],[127.013565,37.984784],[127.012094,37.982612],[127.012077,37.97748],[127.010537,37.975372],[127.007415,37.973867],[127.006325,37.975264],[127.004114,37.974973],[127.002755,37.973469],[127.003708,37.970977],[127.001721,37.968285],[126.997479,37.967532],[126.993633,37.967873],[126.990921,37.967678],[126.98822,37.961899],[126.989069,37.957512],[126.98851,37.956463],[126.985065,37.955723],[126.977284,37.951563],[126.976301,37.944548],[126.974699,37.942969],[126.972503,37.942085],[126.971601,37.942119],[126.96468,37.938433],[126.964274,37.931809],[126.964844,37.928727],[126.963767,37.926313],[126.961566,37.924222],[126.962056,37.921932],[126.961625,37.921049],[126.959846,37.92003],[126.957982,37.920941],[126.954527,37.92045],[126.94954,37.918401],[126.949289,37.917334],[126.953557,37.913671],[126.954699,37.911258],[126.953683,37.909126],[126.950647,37.907342],[126.949606,37.906238],[126.946665,37.901384],[126.9461,37.89949],[126.946718,37.898098],[126.948233,37.896841],[126.947634,37.894225],[126.945412,37.888769],[126.946922,37.886211],[126.947426,37.884428],[126.947238,37.88238],[126.946209,37.880352],[126.944691,37.874447],[126.944374,37.870668],[126.94451,37.869713],[126.945613,37.86885],[126.946242,37.867757],[126.945838,37.865908],[126.942076,37.861242],[126.938476,37.855129],[126.938371,37.854439],[126.939403,37.852633],[126.937634,37.850624],[126.93559,37.849948],[126.933659,37.846077],[126.93455,37.843924],[126.936674,37.841331],[126.935171,37.839522],[126.934136,37.838873],[126.931974,37.838206],[126.927753,37.837664],[126.927281,37.837648],[126.925973,37.839808],[126.924024,37.841383],[126.918779,37.841672],[126.914924,37.84132],[126.912372,37.840474],[126.91127,37.838054],[126.912317,37.837183],[126.912944,37.835882],[126.912014,37.830971],[126.911015,37.828548],[126.908939,37.82879],[126.902812,37.82671],[126.901954,37.824837],[126.906351,37.819182],[126.909985,37.81666],[126.90856,37.811495],[126.90869,37.810722],[126.911714,37.80816],[126.911897,37.804977],[126.906674,37.8033],[126.906022,37.80239],[126.906406,37.799361],[126.903582,37.790709],[126.906303,37.790573],[126.90863,37.791278],[126.911275,37.791278],[126.918664,37.790203],[126.920201,37.789529],[126.920842,37.788141],[126.926425,37.785184],[126.92817,37.786032],[126.931943,37.789005],[126.93795,37.786971],[126.937669,37.785548],[126.936801,37.784121],[126.934552,37.781955],[126.933976,37.778606],[126.935149,37.775771],[126.93526,37.773556],[126.934171,37.771244],[126.932397,37.770443],[126.933365,37.767706],[126.931123,37.764913],[126.927969,37.757029],[126.928986,37.755984],[126.931131,37.755164],[126.931803,37.753637],[126.930997,37.750593],[126.929096,37.748485],[126.92567,37.748206],[126.922889,37.747022],[126.919684,37.74701],[126.917057,37.748033],[126.910944,37.74654],[126.905884,37.742657],[126.903518,37.741596],[126.900918,37.737214],[126.901275,37.735624],[126.902374,37.734538],[126.903144,37.732945],[126.902641,37.728666],[126.899275,37.726881],[126.897337,37.726888],[126.893353,37.726003],[126.888534,37.722965],[126.887343,37.723496],[126.886042,37.725047],[126.88502,37.724787],[126.882143,37.725861],[126.879783,37.726118],[126.875295,37.725366],[126.873658,37.725962],[126.871748,37.72971],[126.867917,37.728699],[126.864945,37.732636],[126.861127,37.732676],[126.85881,37.733357],[126.85891,37.734174],[126.855472,37.735421],[126.841497,37.731544],[126.839406,37.728699],[126.837133,37.72754],[126.832063,37.728661],[126.828098,37.726613],[126.821468,37.725454],[126.816406,37.725411],[126.814744,37.723734],[126.813733,37.723481],[126.810941,37.724693],[126.810106,37.725545],[126.81016,37.726143],[126.809174,37.726689],[126.804016,37.727269],[126.801,37.731404],[126.801418,37.733484],[126.801121,37.73452],[126.798764,37.736605],[126.794579,37.735265],[126.793933,37.734582],[126.795156,37.732612],[126.795632,37.729592],[126.795025,37.728077],[126.79243,37.724771],[126.790585,37.723544],[126.787513,37.722872],[126.784371,37.720272],[126.784375,37.718969],[126.779323,37.71731],[126.774594,37.711559],[126.773499,37.70776],[126.77349,37.706303],[126.774148,37.704983],[126.773418,37.703871],[126.772683,37.704682],[126.767033,37.707167],[126.765213,37.704605],[126.759956,37.703296],[126.75594,37.704604],[126.755678,37.705289],[126.753224,37.704788],[126.750227,37.703002],[126.747266,37.703618],[126.745252,37.705265],[126.742418,37.704723],[126.741239,37.70538],[126.739287,37.705116],[126.738797,37.704512],[126.737804,37.704378],[126.733502,37.704998],[126.725489,37.704657],[126.722786,37.702351],[126.716328,37.70012],[126.711245,37.699747],[126.704883,37.696904],[126.701831,37.696486],[126.700721,37.696956],[126.69471,37.692581],[126.690743,37.688816],[126.689915,37.688606],[126.687693,37.69164],[126.682881,37.695994],[126.673951,37.700299],[126.674991,37.71173],[126.678195,37.717467],[126.680183,37.726822],[126.68029,37.731687],[126.675433,37.752953],[126.665106,37.769328],[126.663034,37.780683],[126.662618,37.780725],[126.664233,37.789642],[126.66528,37.79338],[126.667286,37.80767],[126.671377,37.829304],[126.671352,37.834779],[126.669777,37.834484],[126.667252,37.835359],[126.660171,37.838889],[126.659403,37.840008],[126.660178,37.842774],[126.660937,37.843663],[126.664982,37.84325],[126.668172,37.844536],[126.670663,37.846228],[126.671556,37.84498],[126.676185,37.84404],[126.679575,37.84603],[126.680091,37.847241],[126.67988,37.851748],[126.68585,37.858574],[126.692129,37.868506],[126.686612,37.872434],[126.683422,37.87406],[126.681502,37.872893],[126.680115,37.870402],[126.672588,37.870125],[126.675202,37.874489],[126.671908,37.877278],[126.672045,37.878051],[126.672959,37.878127],[126.675493,37.877236],[126.679908,37.878515],[126.68204,37.879783],[126.679386,37.880825],[126.67872,37.881579],[126.678749,37.882359],[126.680185,37.884116],[126.679713,37.884667],[126.677345,37.884966],[126.676468,37.88467],[126.67633,37.882344],[126.675621,37.8817],[126.674107,37.881517],[126.672521,37.882214],[126.672305,37.883086],[126.67444,37.884712],[126.674451,37.885957],[126.673964,37.886416],[126.671723,37.886836],[126.670136,37.888026],[126.672176,37.888754],[126.677349,37.897792],[126.676998,37.904524],[126.676558,37.905491],[126.676838,37.907682],[126.682777,37.912861],[126.681911,37.91483],[126.678186,37.913957],[126.672518,37.914186],[126.668014,37.916634],[126.665996,37.919061],[126.665646,37.920958],[126.666014,37.922986],[126.667857,37.926595],[126.667901,37.929569],[126.66715,37.932672],[126.667291,37.934143],[126.669593,37.935638],[126.672124,37.939639],[126.671434,37.940375],[126.669649,37.941015],[126.669114,37.941797],[126.669759,37.945984],[126.671183,37.947035],[126.671971,37.948229],[126.671529,37.951831],[126.671181,37.95183],[126.670867,37.953146],[126.67099,37.955178],[126.672888,37.95562],[126.673934,37.955254],[126.675346,37.956292],[126.676542,37.956035],[126.677219,37.955304],[126.676637,37.95394],[126.679193,37.955787],[126.679666,37.957513],[126.681298,37.958105],[126.682788,37.958131],[126.686301,37.95701],[126.687307,37.957197],[126.692301,37.966133],[126.699724,37.969461],[126.700734,37.970484],[126.702114,37.973843],[126.703715,37.974841],[126.708847,37.975155],[126.709364,37.973637],[126.70948,37.970587],[126.712358,37.968191],[126.712766,37.968696],[126.714853,37.969354],[126.716654,37.968863],[126.717671,37.967651],[126.71775,37.96684],[126.717337,37.966226],[126.717727,37.965687],[126.719394,37.964952],[126.725186,37.966452],[126.726698,37.967426],[126.727013,37.968358],[126.727778,37.968678],[126.73161,37.968512],[126.736878,37.966036],[126.73813,37.967348],[126.737764,37.967739],[126.738003,37.968311],[126.740096,37.972848],[126.74069,37.973371],[126.742164,37.972623],[126.744281,37.973587],[126.748172,37.976313],[126.749682,37.979427],[126.758184,37.983733],[126.760545,37.983383],[126.76244,37.984673],[126.765811,37.983855],[126.768318,37.982456],[126.771422,37.978988],[126.773147,37.978422],[126.774494,37.979],[126.775346,37.980419],[126.772156,37.981938],[126.771828,37.982361],[126.772458,37.983877],[126.776659,37.983736],[126.783654,37.982199],[126.789301,37.987887],[126.791432,37.989025],[126.793169,37.991421],[126.793072,37.992263],[126.796394,37.993695],[126.797777,37.992742],[126.800754,37.991749],[126.801467,37.990038],[126.800622,37.989375],[126.80021,37.987499],[126.802741,37.982658],[126.806248,37.980242],[126.806637,37.976681],[126.808368,37.9748],[126.809375,37.97505],[126.810738,37.974205],[126.809157,37.973164],[126.806655,37.972691],[126.807065,37.971465],[126.809194,37.968999],[126.811634,37.968808],[126.812685,37.969298],[126.814078,37.968843],[126.816302,37.966852],[126.818761,37.964103],[126.817538,37.962204],[126.816903,37.962062],[126.816868,37.960976],[126.818872,37.958519],[126.820737,37.957459],[126.828313,37.959832],[126.830438,37.961824],[126.831219,37.963615],[126.83578,37.963787],[126.835788,37.960195],[126.837511,37.962991],[126.838242,37.966596],[126.839103,37.975474],[126.840127,37.978987],[126.841431,37.981542],[126.847113,37.986079],[126.849088,37.986616],[126.852803,37.986003],[126.857928,37.982804],[126.870066,37.973843],[126.872455,37.971094],[126.873831,37.970243],[126.881293,37.966996],[126.886984,37.966237],[126.891806,37.967381],[126.895515,37.969743],[126.895491,37.973869],[126.895376,37.97421],[126.894284,37.974139],[126.89328,37.97747],[126.892178,37.984677],[126.892426,37.991884],[126.892949,37.993285],[126.895624,37.994903],[126.904017,37.99439],[126.906244,37.993574],[126.909713,37.991223],[126.909717,37.988295],[126.913692,37.987698],[126.93249,37.981777],[126.938182,37.980873],[126.95525,37.989572],[126.957693,37.991927],[126.960163,37.996428],[126.969428,38.002742],[126.972218,38.007529],[126.973886,38.007782],[126.975295,38.00688],[126.977362,38.007351],[126.979058,38.008547],[126.989382,38.010591],[126.989602,38.010001],[126.989125,38.007894],[126.989397,38.007545],[126.990076,38.007044]]]]},"properties":{"id":"31200","title":"파주시"}},{"type":"Feature","geometry":{"type":"MultiPolygon","coordinates":[[[[126.837035,36.949585],[126.840503,36.943737],[126.832145,36.941531],[126.829137,36.947538],[126.8342,36.94983],[126.835069,36.94945],[126.836619,36.950128],[126.837032,36.949634],[126.837035,36.949585]]],[[[127.113822,37.144511],[127.122941,37.144493],[127.123377,37.143673],[127.121089,37.141702],[127.120602,37.139846],[127.120601,37.139441],[127.121546,37.139016],[127.121981,37.136502],[127.120582,37.134395],[127.120721,37.129655],[127.12018,37.128944],[127.117974,37.128748],[127.116389,37.12984],[127.114892,37.129841],[127.110115,37.126214],[127.109166,37.123206],[127.109372,37.118006],[127.112651,37.113291],[127.123044,37.09043],[127.12373,37.090312],[127.126371,37.081713],[127.124756,37.077975],[127.120761,37.076358],[127.114834,37.075904],[127.107728,37.076658],[127.103622,37.075887],[127.104352,37.074553],[127.102359,37.073176],[127.102016,37.068626],[127.102932,37.067708],[127.103576,37.066192],[127.10607,37.06509],[127.113671,37.065083],[127.115031,37.064721],[127.117019,37.062881],[127.11894,37.062041],[127.122056,37.063002],[127.122451,37.063597],[127.124982,37.06472],[127.127151,37.063609],[127.130257,37.058759],[127.12756,37.053031],[127.123905,37.052107],[127.122036,37.050577],[127.11932,37.046146],[127.114436,37.042358],[127.113671,37.041899],[127.111996,37.041999],[127.109825,37.040893],[127.105716,37.036103],[127.105557,37.035184],[127.107307,37.032389],[127.110484,37.029764],[127.116178,37.027038],[127.116796,37.027073],[127.11886,37.031712],[127.122214,37.035141],[127.125698,37.033862],[127.128011,37.033531],[127.143812,37.032675],[127.152345,37.028376],[127.152693,37.027817],[127.152332,37.021393],[127.148303,37.018388],[127.145288,37.01686],[127.144439,37.013194],[127.144926,37.009282],[127.146128,37.009389],[127.147519,37.008297],[127.148863,37.005971],[127.151443,37.004057],[127.154366,36.997742],[127.149533,36.997959],[127.144566,36.997181],[127.141675,36.995139],[127.135667,36.993282],[127.135567,36.990596],[127.132866,36.987661],[127.133952,36.985453],[127.137922,36.981925],[127.141141,36.979741],[127.14114,36.979002],[127.137175,36.978538],[127.133948,36.976856],[127.124462,36.97684],[127.124805,36.97619],[127.121949,36.971576],[127.120214,36.970347],[127.117908,36.971009],[127.115045,36.971028],[127.114399,36.971473],[127.113846,36.972817],[127.112981,36.973029],[127.111912,36.97213],[127.111458,36.970755],[127.109833,36.968842],[127.106649,36.96599],[127.104547,36.965763],[127.102505,36.964761],[127.097184,36.960123],[127.096506,36.95934],[127.096415,36.955692],[127.098436,36.954463],[127.100747,36.95443],[127.102996,36.95308],[127.099606,36.94996],[127.097127,36.946941],[127.095764,36.942374],[127.095042,36.942182],[127.092893,36.94282],[127.089832,36.945701],[127.086212,36.947738],[127.078322,36.942505],[127.075043,36.939987],[127.074082,36.938625],[127.073796,36.939808],[127.07277,36.940562],[127.071546,36.940676],[127.068703,36.939955],[127.068518,36.941677],[127.067965,36.942159],[127.065487,36.941927],[127.061409,36.939696],[127.056064,36.93748],[127.052779,36.935271],[127.04774,36.933269],[127.03738,36.932329],[127.033503,36.928909],[127.03178,36.928322],[127.025797,36.928747],[127.021795,36.930771],[127.020847,36.93235],[127.015568,36.935391],[127.009798,36.935914],[127.007445,36.935729],[127.003573,36.935128],[127.00263,36.933631],[127.000795,36.933604],[126.999693,36.933778],[126.99821,36.934716],[126.995182,36.935359],[126.991527,36.933511],[126.985552,36.932486],[126.979783,36.928207],[126.973745,36.925863],[126.952244,36.920139],[126.939626,36.917331],[126.916743,36.906209],[126.910321,36.901683],[126.909658,36.901596],[126.908026,36.908741],[126.907064,36.908624],[126.906307,36.910254],[126.906422,36.911796],[126.907178,36.912409],[126.905382,36.915008],[126.904576,36.915567],[126.903585,36.915416],[126.90305,36.920961],[126.903793,36.923203],[126.903649,36.9247],[126.899231,36.929902],[126.887085,36.936267],[126.867426,36.93327],[126.86551,36.939312],[126.863529,36.940638],[126.862544,36.93987],[126.856258,36.943732],[126.857163,36.944652],[126.853846,36.94828],[126.849609,36.946468],[126.845257,36.952638],[126.845971,36.954535],[126.846622,36.954845],[126.844185,36.957952],[126.842507,36.957196],[126.824844,36.982356],[126.825813,36.981973],[126.828191,36.983015],[126.82603,36.985987],[126.823334,36.984903],[126.820807,36.984756],[126.812954,36.987316],[126.818184,36.985716],[126.820536,36.985549],[126.823398,36.991269],[126.812108,36.99497],[126.808836,36.988742],[126.809725,36.988444],[126.804136,36.990258],[126.805784,36.993537],[126.806809,36.993892],[126.808166,36.993453],[126.80926,36.995904],[126.804133,36.997642],[126.797897,36.997092],[126.797141,36.997457],[126.794656,36.997464],[126.793012,36.994499],[126.789589,36.994701],[126.78583,37.000023],[126.778865,37.007282],[126.787158,37.012965],[126.797633,37.014131],[126.797707,37.01342],[126.834023,37.013378],[126.842112,37.014317],[126.851138,37.018393],[126.854795,37.021695],[126.859111,37.027206],[126.871129,37.044403],[126.877444,37.052727],[126.881772,37.059868],[126.883587,37.064167],[126.88374,37.066988],[126.885495,37.06671],[126.891094,37.067013],[126.897085,37.068568],[126.901356,37.070086],[126.901983,37.071942],[126.9045,37.073368],[126.905298,37.073477],[126.905053,37.071675],[126.905573,37.069449],[126.908239,37.069001],[126.914956,37.065654],[126.920016,37.065081],[126.922096,37.065335],[126.923942,37.066599],[126.928491,37.068096],[126.930382,37.066692],[126.931756,37.063548],[126.931577,37.062584],[126.934423,37.061684],[126.942856,37.060905],[126.947915,37.061745],[126.948038,37.063115],[126.947149,37.064105],[126.947238,37.064808],[126.949046,37.068773],[126.950653,37.068918],[126.952577,37.068288],[126.955961,37.0682],[126.957535,37.068642],[126.964653,37.067843],[126.966328,37.069141],[126.967294,37.071222],[126.969138,37.073169],[126.97349,37.071944],[126.974187,37.07117],[126.975604,37.070701],[126.984735,37.071631],[126.989852,37.070028],[126.996205,37.069686],[126.997273,37.070866],[126.996857,37.072164],[126.992899,37.073705],[126.990413,37.076822],[126.990953,37.077534],[126.995395,37.077327],[126.996193,37.077904],[126.996272,37.078652],[126.995091,37.081031],[126.991814,37.084287],[126.990817,37.086022],[126.99049,37.087491],[126.99229,37.087906],[126.996485,37.087221],[126.997396,37.08623],[126.997925,37.084833],[126.998566,37.084527],[126.999668,37.084878],[127.000163,37.085762],[126.999893,37.086932],[126.997722,37.088879],[126.995383,37.089861],[126.995844,37.09142],[126.998172,37.092861],[126.998442,37.09415],[126.996991,37.096826],[126.998161,37.106513],[126.996225,37.107296],[126.995302,37.109099],[126.995977,37.110189],[126.997102,37.109838],[126.999926,37.1099],[127.000287,37.110074],[127.000297,37.110775],[127.000072,37.111423],[126.999487,37.111631],[126.998002,37.110919],[126.995415,37.11164],[126.994211,37.114541],[126.998013,37.114126],[126.998655,37.114631],[126.99888,37.115757],[126.998317,37.115793],[126.998227,37.114911],[126.997541,37.114694],[126.995864,37.11519],[126.995077,37.116244],[126.998857,37.119776],[126.998751,37.123151],[126.997439,37.124561],[126.99754,37.125327],[127.001422,37.128012],[127.008535,37.128282],[127.016941,37.129867],[127.021218,37.132056],[127.024617,37.133137],[127.02967,37.133676],[127.035208,37.135747],[127.035701,37.136488],[127.037065,37.136173],[127.037481,37.135017],[127.037413,37.133575],[127.038279,37.131989],[127.041946,37.12833],[127.045118,37.126076],[127.04567,37.126797],[127.045322,37.128608],[127.049143,37.129782],[127.05006,37.129345],[127.052052,37.129885],[127.052578,37.130292],[127.052639,37.13165],[127.055656,37.133595],[127.057442,37.132533],[127.064928,37.131942],[127.065108,37.131194],[127.066402,37.131193],[127.066321,37.12876],[127.067129,37.12685],[127.068886,37.128074],[127.07154,37.12564],[127.073013,37.125323],[127.074218,37.125557],[127.074882,37.126332],[127.079127,37.128122],[127.079237,37.126371],[127.079991,37.125959],[127.086451,37.126684],[127.088928,37.127899],[127.090967,37.129898],[127.091231,37.13115],[127.087765,37.134685],[127.089095,37.135918],[127.092382,37.136763],[127.094925,37.136292],[127.097649,37.136786],[127.097931,37.137353],[127.097449,37.138335],[127.098035,37.13938],[127.100875,37.142378],[127.103038,37.143863],[127.103756,37.141889],[127.104341,37.141727],[127.110873,37.143357],[127.111852,37.144135],[127.113822,37.144511]]]]},"properties":{"id":"31070","title":"평택시"}},{"type":"Feature","geometry":{"type":"MultiPolygon","coordinates":[[[[127.189177,38.186213],[127.189009,38.181084],[127.186808,38.177236],[127.185856,38.17388],[127.189241,38.161321],[127.190829,38.159721],[127.198015,38.156144],[127.203158,38.15273],[127.20536,38.149963],[127.208496,38.147021],[127.21183,38.146704],[127.214742,38.142623],[127.219193,38.139065],[127.222042,38.137432],[127.222606,38.137937],[127.224371,38.141668],[127.223821,38.147035],[127.224902,38.147952],[127.226343,38.148375],[127.232789,38.146858],[127.234441,38.147136],[127.237762,38.151209],[127.237661,38.154535],[127.239392,38.156604],[127.245912,38.158894],[127.247903,38.160436],[127.25628,38.163171],[127.256464,38.165104],[127.258825,38.169537],[127.260113,38.170375],[127.261772,38.170249],[127.263245,38.170737],[127.26448,38.171744],[127.266474,38.175847],[127.26483,38.177643],[127.264677,38.178525],[127.266682,38.180602],[127.270546,38.182047],[127.274524,38.181088],[127.276005,38.182123],[127.283572,38.18285],[127.283922,38.182588],[127.283924,38.181137],[127.284437,38.180472],[127.286112,38.180271],[127.286356,38.178979],[127.288253,38.17685],[127.293991,38.177276],[127.29774,38.176278],[127.29799,38.175203],[127.296192,38.172483],[127.294249,38.17173],[127.292698,38.171774],[127.288996,38.169457],[127.288238,38.167987],[127.288706,38.165974],[127.288569,38.164559],[127.287,38.161394],[127.286316,38.16047],[127.284612,38.160449],[127.284047,38.159485],[127.284013,38.157352],[127.286405,38.152639],[127.284264,38.146848],[127.281947,38.143738],[127.276436,38.139522],[127.274842,38.136712],[127.274725,38.133901],[127.276322,38.132653],[127.276779,38.128802],[127.275813,38.124176],[127.280719,38.125427],[127.281421,38.124937],[127.281995,38.124253],[127.282382,38.122307],[127.282026,38.120341],[127.283482,38.116336],[127.286336,38.114632],[127.291367,38.114734],[127.294809,38.115183],[127.297265,38.115965],[127.298954,38.115853],[127.300589,38.115233],[127.304887,38.115655],[127.306323,38.11633],[127.307553,38.119019],[127.309528,38.118276],[127.31137,38.115931],[127.312444,38.107925],[127.316325,38.102021],[127.316807,38.09835],[127.32067,38.094684],[127.323424,38.094917],[127.32872,38.094381],[127.330337,38.093553],[127.332906,38.091396],[127.336958,38.089769],[127.337618,38.090073],[127.338753,38.09213],[127.338306,38.096385],[127.339265,38.100767],[127.339765,38.101295],[127.345178,38.102589],[127.346547,38.104211],[127.348134,38.104826],[127.353775,38.104132],[127.356339,38.105962],[127.362502,38.106971],[127.365941,38.10693],[127.371839,38.1105],[127.372325,38.112916],[127.373386,38.114595],[127.376984,38.117559],[127.378614,38.118429],[127.381257,38.117071],[127.383831,38.115131],[127.385612,38.114755],[127.390629,38.114773],[127.394415,38.113643],[127.397515,38.113436],[127.400672,38.113761],[127.403452,38.112961],[127.403666,38.110939],[127.403306,38.110023],[127.405524,38.102954],[127.413408,38.102013],[127.414423,38.102168],[127.420415,38.106097],[127.421743,38.106177],[127.422622,38.106765],[127.425072,38.109008],[127.425408,38.111147],[127.428884,38.114293],[127.43093,38.115362],[127.433502,38.111019],[127.435396,38.110453],[127.437482,38.110481],[127.439501,38.109721],[127.440453,38.108832],[127.441361,38.10679],[127.441577,38.10351],[127.445167,38.09747],[127.445877,38.092691],[127.444802,38.087984],[127.446442,38.085562],[127.447076,38.080729],[127.446383,38.077633],[127.44448,38.074778],[127.444574,38.074055],[127.446427,38.072395],[127.446744,38.071216],[127.44674,38.067235],[127.446096,38.063979],[127.444795,38.061334],[127.444483,38.058226],[127.444584,38.057261],[127.446722,38.054221],[127.445997,38.051797],[127.446239,38.051214],[127.440151,38.043737],[127.438795,38.04125],[127.435689,38.038361],[127.431499,38.035407],[127.428262,38.034109],[127.424667,38.033452],[127.424147,38.030895],[127.426674,38.028608],[127.42715,38.027441],[127.426719,38.025746],[127.425606,38.022928],[127.423492,38.020256],[127.419838,38.017448],[127.418335,38.014248],[127.418759,38.01194],[127.414798,38.00698],[127.414498,38.005625],[127.414958,38.002435],[127.412837,37.997822],[127.408911,37.996083],[127.405237,37.990338],[127.402567,37.99062],[127.398382,37.989177],[127.395722,37.987843],[127.389754,37.982862],[127.387601,37.983946],[127.386418,37.983585],[127.384858,37.982333],[127.384165,37.980427],[127.38439,37.977047],[127.382124,37.971947],[127.382233,37.969563],[127.380039,37.966833],[127.378148,37.965742],[127.376912,37.96359],[127.376691,37.961617],[127.377533,37.959621],[127.379267,37.95894],[127.379447,37.958205],[127.379339,37.957198],[127.376646,37.953192],[127.37898,37.950227],[127.381907,37.950291],[127.382786,37.949805],[127.38519,37.946938],[127.384578,37.943267],[127.382831,37.942732],[127.381278,37.940323],[127.379333,37.93876],[127.377868,37.938639],[127.375006,37.936728],[127.373132,37.934937],[127.36951,37.930165],[127.365906,37.928891],[127.365781,37.927444],[127.363708,37.925736],[127.362157,37.925349],[127.356472,37.921629],[127.35654,37.921114],[127.351278,37.92108],[127.349837,37.921458],[127.348231,37.923123],[127.348215,37.92458],[127.345348,37.926399],[127.343962,37.926122],[127.338322,37.923091],[127.336814,37.92328],[127.3327,37.925892],[127.331333,37.926076],[127.330235,37.925567],[127.330023,37.92352],[127.328657,37.921934],[127.328512,37.921118],[127.328603,37.919317],[127.329316,37.918587],[127.329905,37.916318],[127.326624,37.911568],[127.329575,37.909319],[127.329517,37.906841],[127.327289,37.904535],[127.326428,37.902373],[127.326487,37.896931],[127.32734,37.896431],[127.328481,37.894015],[127.326187,37.890939],[127.323216,37.88927],[127.322427,37.887296],[127.322527,37.880822],[127.322929,37.878688],[127.325006,37.877974],[127.325098,37.877145],[127.323777,37.872693],[127.322887,37.871368],[127.319771,37.871686],[127.319172,37.871438],[127.318443,37.870878],[127.317493,37.869081],[127.315855,37.867806],[127.313417,37.86787],[127.312557,37.866982],[127.31263,37.865778],[127.310956,37.866094],[127.308686,37.868008],[127.306025,37.868616],[127.295999,37.868812],[127.292242,37.874873],[127.290883,37.872683],[127.287872,37.869168],[127.286077,37.865571],[127.28522,37.861609],[127.281541,37.85645],[127.280407,37.855691],[127.28048,37.853932],[127.284229,37.849423],[127.28559,37.848997],[127.28627,37.848239],[127.284342,37.84608],[127.281837,37.844903],[127.278955,37.842262],[127.278931,37.839852],[127.275796,37.835702],[127.275806,37.832164],[127.274431,37.829882],[127.274267,37.826294],[127.27502,37.82527],[127.276943,37.824472],[127.277222,37.823766],[127.276762,37.821386],[127.279328,37.816336],[127.278272,37.812923],[127.277859,37.809571],[127.277848,37.806185],[127.27853,37.805401],[127.278505,37.804688],[127.273676,37.797722],[127.271007,37.794616],[127.270717,37.793704],[127.271503,37.791408],[127.273049,37.789963],[127.27087,37.786809],[127.269522,37.785678],[127.268712,37.785502],[127.268038,37.784365],[127.267787,37.782301],[127.268311,37.781539],[127.266914,37.779871],[127.265736,37.780526],[127.265486,37.779144],[127.262276,37.776664],[127.260501,37.772272],[127.259943,37.768298],[127.259002,37.768689],[127.253516,37.767521],[127.243823,37.763982],[127.240053,37.763035],[127.236784,37.762834],[127.236177,37.761241],[127.233569,37.758453],[127.229306,37.755948],[127.228349,37.754499],[127.225123,37.75346],[127.223219,37.754373],[127.222507,37.755132],[127.223555,37.756517],[127.222809,37.757663],[127.217442,37.75871],[127.214659,37.760858],[127.212997,37.762816],[127.21265,37.764709],[127.213249,37.767735],[127.211642,37.769369],[127.210269,37.769443],[127.207925,37.767339],[127.20818,37.765447],[127.2072,37.76389],[127.205144,37.763245],[127.203639,37.764716],[127.201745,37.765223],[127.196685,37.761655],[127.194124,37.762984],[127.189504,37.762388],[127.185321,37.764502],[127.182824,37.764398],[127.179041,37.762719],[127.176718,37.759407],[127.172515,37.757728],[127.17303,37.754656],[127.17124,37.75109],[127.17286,37.750052],[127.170861,37.748937],[127.16381,37.746929],[127.157972,37.749217],[127.155309,37.75113],[127.152875,37.753521],[127.148307,37.756112],[127.146774,37.756024],[127.146178,37.755498],[127.144312,37.755991],[127.143134,37.757083],[127.143318,37.758146],[127.142731,37.759759],[127.140728,37.762969],[127.139652,37.764015],[127.133713,37.762094],[127.132637,37.763347],[127.125805,37.763645],[127.126308,37.765679],[127.127557,37.765623],[127.12908,37.767126],[127.128811,37.769307],[127.12743,37.771471],[127.124823,37.773257],[127.12042,37.774001],[127.119019,37.773634],[127.115949,37.774429],[127.115124,37.777024],[127.111028,37.778127],[127.108873,37.779363],[127.105743,37.78034],[127.105948,37.783253],[127.112735,37.788176],[127.11771,37.79599],[127.117029,37.804385],[127.117331,37.805552],[127.118637,37.809072],[127.119632,37.809476],[127.121957,37.812046],[127.121423,37.815039],[127.120782,37.815514],[127.120132,37.817112],[127.120928,37.823965],[127.122193,37.825467],[127.121794,37.828304],[127.120457,37.830683],[127.118297,37.832205],[127.118096,37.833304],[127.117182,37.834561],[127.11603,37.838902],[127.116414,37.842756],[127.114799,37.85052],[127.110686,37.853636],[127.108859,37.860383],[127.110879,37.862105],[127.111622,37.864816],[127.116749,37.866081],[127.119681,37.86588],[127.123229,37.866976],[127.123575,37.869976],[127.126842,37.87317],[127.128287,37.873953],[127.129639,37.874104],[127.131332,37.873364],[127.135049,37.87381],[127.136016,37.874458],[127.140838,37.875876],[127.145588,37.875446],[127.14684,37.87622],[127.147856,37.878543],[127.147631,37.87975],[127.14945,37.885694],[127.153247,37.890978],[127.154997,37.895592],[127.149271,37.898127],[127.149841,37.899271],[127.149924,37.900947],[127.149324,37.901902],[127.14779,37.902562],[127.147409,37.905274],[127.147969,37.906769],[127.146646,37.910807],[127.145466,37.912016],[127.138635,37.914015],[127.134666,37.913875],[127.13335,37.91548],[127.130111,37.916655],[127.12861,37.916756],[127.127767,37.916081],[127.126425,37.915911],[127.121502,37.91652],[127.120523,37.917272],[127.120395,37.921404],[127.116843,37.926012],[127.116211,37.929193],[127.112349,37.932899],[127.109284,37.936956],[127.108582,37.939605],[127.09961,37.941812],[127.09544,37.944255],[127.096212,37.944715],[127.096738,37.946652],[127.096432,37.948013],[127.098815,37.951515],[127.099272,37.952929],[127.098341,37.954777],[127.094964,37.956401],[127.092373,37.958809],[127.094181,37.966808],[127.09316,37.969439],[127.091234,37.971628],[127.092758,37.97453],[127.092416,37.977117],[127.091466,37.97821],[127.089796,37.983285],[127.090771,37.984633],[127.096945,37.985307],[127.10056,37.988019],[127.100798,37.989238],[127.111437,37.988879],[127.112146,37.988759],[127.117404,37.985219],[127.11807,37.983815],[127.118013,37.982775],[127.120272,37.97894],[127.123817,37.980505],[127.130739,37.984545],[127.131745,37.986122],[127.131596,37.987447],[127.134917,37.989522],[127.140569,37.992204],[127.142983,37.991469],[127.144189,37.992161],[127.147333,37.996837],[127.145484,37.999499],[127.145524,38.001027],[127.146963,38.003413],[127.147307,38.007038],[127.146737,38.009731],[127.146653,38.014475],[127.139483,38.021037],[127.136167,38.028473],[127.135265,38.029613],[127.135229,38.031354],[127.137121,38.033881],[127.137449,38.034935],[127.137477,38.038088],[127.136967,38.038528],[127.133849,38.039013],[127.130452,38.037676],[127.125728,38.03745],[127.12117,38.038878],[127.117126,38.038877],[127.115074,38.039274],[127.114638,38.039794],[127.117642,38.042569],[127.118073,38.043565],[127.113092,38.048693],[127.111892,38.051125],[127.115721,38.060293],[127.118195,38.061371],[127.120288,38.06165],[127.123804,38.061124],[127.126587,38.059549],[127.128278,38.060276],[127.13424,38.065199],[127.136582,38.065472],[127.138195,38.06645],[127.138101,38.069106],[127.138469,38.07014],[127.141733,38.072823],[127.142478,38.073016],[127.143375,38.073051],[127.144451,38.072457],[127.147491,38.0695],[127.147618,38.068473],[127.146142,38.062781],[127.146346,38.060719],[127.147601,38.058438],[127.148907,38.057801],[127.151809,38.058818],[127.156772,38.063327],[127.160545,38.063053],[127.164025,38.061737],[127.166363,38.061623],[127.167747,38.062259],[127.169548,38.064744],[127.172862,38.066309],[127.176269,38.066098],[127.18354,38.063781],[127.188804,38.064539],[127.190263,38.069237],[127.189768,38.070967],[127.189535,38.076399],[127.191672,38.080735],[127.192093,38.08338],[127.191037,38.085585],[127.184096,38.091576],[127.18278,38.103509],[127.183134,38.105114],[127.182698,38.11409],[127.182122,38.11581],[127.180626,38.118372],[127.173119,38.120205],[127.171526,38.121958],[127.17394,38.124029],[127.175249,38.128475],[127.174598,38.138419],[127.173994,38.140513],[127.172892,38.141184],[127.173807,38.14427],[127.17568,38.146568],[127.176729,38.149147],[127.177022,38.152472],[127.175486,38.154685],[127.174316,38.160303],[127.174053,38.165524],[127.172485,38.169905],[127.174096,38.174777],[127.1752,38.176336],[127.175211,38.179381],[127.174582,38.180383],[127.180549,38.186131],[127.183341,38.185897],[127.189242,38.188227],[127.189296,38.187818],[127.189177,38.186213]]]]},"properties":{"id":"31270","title":"포천시"}},{"type":"Feature","geometry":{"type":"MultiPolygon","coordinates":[[[[127.192088,37.591266],[127.196486,37.591079],[127.202161,37.589115],[127.204584,37.586925],[127.213368,37.576938],[127.219813,37.573717],[127.220426,37.566475],[127.222098,37.564867],[127.228635,37.563097],[127.23223,37.559874],[127.23459,37.555622],[127.237819,37.546615],[127.241082,37.54374],[127.242168,37.542918],[127.247277,37.541322],[127.255631,37.537362],[127.264873,37.532058],[127.273607,37.528638],[127.281279,37.525112],[127.28463,37.521062],[127.285541,37.51736],[127.285701,37.514398],[127.283564,37.514373],[127.28028,37.513142],[127.27796,37.511292],[127.277549,37.510351],[127.274613,37.508411],[127.2683,37.506363],[127.262134,37.507381],[127.254621,37.506312],[127.253242,37.503233],[127.255063,37.498025],[127.257894,37.494421],[127.259073,37.492228],[127.259188,37.491052],[127.258431,37.48968],[127.257212,37.488547],[127.25594,37.488568],[127.253702,37.48657],[127.253605,37.485055],[127.25044,37.485499],[127.248538,37.486314],[127.246332,37.486043],[127.24443,37.485097],[127.245103,37.481689],[127.246949,37.481019],[127.247015,37.480523],[127.246751,37.479424],[127.2446,37.47665],[127.228391,37.477479],[127.226982,37.478326],[127.221338,37.479939],[127.220822,37.480638],[127.218697,37.481629],[127.21555,37.482301],[127.205019,37.480301],[127.204047,37.480582],[127.202115,37.483135],[127.201832,37.484088],[127.200678,37.482921],[127.200965,37.482304],[127.200243,37.480719],[127.198403,37.479601],[127.191797,37.480706],[127.188584,37.480339],[127.185654,37.481158],[127.18388,37.483953],[127.178394,37.485376],[127.177723,37.487206],[127.1758,37.484746],[127.175272,37.477515],[127.175706,37.476655],[127.177217,37.47544],[127.178754,37.474808],[127.175626,37.471961],[127.172272,37.470928],[127.170675,37.469467],[127.16778,37.468772],[127.166469,37.469152],[127.166643,37.469656],[127.165483,37.470237],[127.162449,37.471171],[127.158587,37.470946],[127.154492,37.471766],[127.154601,37.473521],[127.143527,37.47393],[127.14437,37.477331],[127.147145,37.477222],[127.147525,37.482014],[127.148683,37.484043],[127.157402,37.489089],[127.157649,37.490183],[127.160026,37.494375],[127.159866,37.495707],[127.161431,37.500022],[127.157729,37.503179],[127.156438,37.501859],[127.152109,37.50297],[127.150514,37.504374],[127.145535,37.50335],[127.144103,37.504396],[127.141111,37.505443],[127.140813,37.505979],[127.141517,37.506708],[127.14001,37.508763],[127.141278,37.512152],[127.141175,37.515102],[127.14204,37.515637],[127.14462,37.515611],[127.145092,37.516835],[127.144801,37.51939],[127.145781,37.521941],[127.147797,37.522149],[127.149476,37.525021],[127.153164,37.529109],[127.153747,37.5316],[127.153567,37.533665],[127.154021,37.534514],[127.156033,37.537342],[127.156555,37.537458],[127.163163,37.544991],[127.165168,37.544632],[127.173906,37.5456],[127.175744,37.54529],[127.179911,37.546574],[127.181256,37.54658],[127.183539,37.54517],[127.182761,37.546499],[127.182865,37.548694],[127.18134,37.552965],[127.181995,37.560992],[127.179465,37.566583],[127.179216,37.568918],[127.177819,37.572058],[127.175683,37.574899],[127.175415,37.578299],[127.176989,37.579416],[127.177155,37.5812],[127.171837,37.579262],[127.168648,37.578997],[127.170598,37.581029],[127.18017,37.58802],[127.183333,37.591717],[127.185663,37.591644],[127.192088,37.591266]]]]},"properties":{"id":"31180","title":"하남시"}},{"type":"Feature","geometry":{"type":"MultiPolygon","coordinates":[[[[126.742684,37.038001],[126.742677,37.038001],[126.742516,37.038079],[126.742684,37.038001]]],[[[126.742516,37.038079],[126.739527,37.039465],[126.73627,37.039199],[126.733995,37.038232],[126.734155,37.038636],[126.736235,37.039253],[126.739545,37.039515],[126.740269,37.03917],[126.742516,37.038079]]],[[[126.726543,37.044778],[126.726132,37.044754],[126.73027,37.046174],[126.731702,37.045859],[126.73045,37.045558],[126.726543,37.044778]]],[[[126.555963,37.059858],[126.5555,37.059451],[126.555963,37.059858]]],[[[126.555963,37.059858],[126.553367,37.057877],[126.552332,37.055757],[126.549634,37.052782],[126.549402,37.054358],[126.555088,37.062004],[126.557674,37.063132],[126.559273,37.061661],[126.560173,37.061994],[126.560532,37.060964],[126.558744,37.060747],[126.558426,37.061207],[126.557888,37.061151],[126.556392,37.060235],[126.555963,37.059858]]],[[[126.554776,37.068282],[126.554287,37.068659],[126.553191,37.072169],[126.553831,37.072782],[126.555151,37.071085],[126.554806,37.068284],[126.554776,37.068282]]],[[[126.541223,37.102448],[126.539454,37.098907],[126.537951,37.109861],[126.5382,37.111406],[126.537726,37.11243],[126.535542,37.114537],[126.540815,37.111728],[126.541438,37.109068],[126.541223,37.102448]]],[[[126.619483,37.121812],[126.623252,37.121037],[126.626947,37.121667],[126.632471,37.121334],[126.637048,37.120005],[126.639762,37.120466],[126.647252,37.118445],[126.652147,37.116116],[126.651105,37.114483],[126.649859,37.114556],[126.64845,37.115094],[126.646011,37.117295],[126.644341,37.118101],[126.643203,37.117479],[126.643583,37.114865],[126.640373,37.115044],[126.636679,37.117738],[126.632436,37.117224],[126.628301,37.117455],[126.627571,37.118242],[126.627765,37.118889],[126.626771,37.119513],[126.61552,37.118784],[126.612015,37.117118],[126.610594,37.117749],[126.612297,37.122221],[126.614351,37.125115],[126.615341,37.125172],[126.616145,37.123943],[126.617531,37.123511],[126.61904,37.122286],[126.619483,37.121812]]],[[[126.656817,37.152321],[126.652435,37.146366],[126.644886,37.142138],[126.653126,37.147155],[126.65556,37.150517],[126.656817,37.152321]]],[[[126.656817,37.152321],[126.657919,37.153902],[126.656817,37.152321]]],[[[126.626647,37.175247],[126.631192,37.174766],[126.631065,37.174149],[126.629964,37.173248],[126.628093,37.1685],[126.620479,37.161334],[126.620159,37.15957],[126.618976,37.157833],[126.618055,37.16033],[126.617074,37.16548],[126.616365,37.173555],[126.61825,37.176729],[126.61992,37.178088],[126.621589,37.178844],[126.622805,37.178467],[126.622707,37.177091],[126.625571,37.175479],[126.626647,37.175247]]],[[[126.742684,37.038001],[126.745285,37.037993],[126.745822,37.04245],[126.748302,37.047517],[126.749284,37.049018],[126.756681,37.055456],[126.685559,37.110949],[126.682594,37.112863],[126.682584,37.113268],[126.683701,37.113525],[126.683759,37.114624],[126.680942,37.117319],[126.679396,37.117973],[126.675501,37.117972],[126.674575,37.11708],[126.674153,37.11716],[126.675322,37.118297],[126.679497,37.118274],[126.683332,37.117385],[126.684719,37.119138],[126.684365,37.122204],[126.682419,37.127767],[126.677948,37.134934],[126.676577,37.135927],[126.675679,37.138263],[126.679506,37.140915],[126.67957,37.143143],[126.666048,37.142427],[126.660296,37.137993],[126.666079,37.142498],[126.677411,37.143257],[126.680743,37.144245],[126.682494,37.147222],[126.685655,37.150105],[126.694677,37.152269],[126.696212,37.151049],[126.691216,37.157194],[126.682515,37.160471],[126.669712,37.156006],[126.664986,37.156743],[126.662062,37.155984],[126.657919,37.153902],[126.658666,37.155036],[126.653849,37.153671],[126.651007,37.153936],[126.649821,37.15464],[126.650502,37.156303],[126.653347,37.156568],[126.657862,37.159212],[126.660044,37.161076],[126.661088,37.162993],[126.660979,37.163721],[126.657959,37.167678],[126.655691,37.177792],[126.653491,37.180488],[126.653603,37.181344],[126.657034,37.179932],[126.65658,37.179498],[126.65611,37.180036],[126.655401,37.179709],[126.656971,37.176204],[126.660015,37.176419],[126.665079,37.182712],[126.667475,37.188096],[126.669917,37.189235],[126.666393,37.191486],[126.66467,37.191643],[126.659955,37.19077],[126.658294,37.190123],[126.654524,37.186157],[126.654358,37.185956],[126.655356,37.185152],[126.652587,37.182597],[126.650264,37.182831],[126.649609,37.183538],[126.649982,37.185574],[126.65295,37.18801],[126.65479,37.190401],[126.650581,37.191106],[126.650768,37.191799],[126.651992,37.191701],[126.654604,37.198059],[126.660346,37.217167],[126.660868,37.22092],[126.660732,37.223389],[126.6593,37.229023],[126.656639,37.232735],[126.652459,37.236832],[126.650621,37.239164],[126.64837,37.242575],[126.647838,37.244021],[126.647202,37.25],[126.648414,37.249815],[126.648831,37.2506],[126.648063,37.253112],[126.646909,37.25345],[126.646382,37.258132],[126.647953,37.261249],[126.648315,37.261558],[126.649483,37.261435],[126.652948,37.264961],[126.654056,37.266959],[126.653831,37.26943],[126.652965,37.271673],[126.651308,37.273559],[126.632733,37.28698],[126.644969,37.278412],[126.646448,37.278547],[126.647056,37.27893],[126.64684,37.280406],[126.654627,37.282799],[126.657552,37.282806],[126.661145,37.28737],[126.66138,37.291313],[126.661007,37.291967],[126.660124,37.292358],[126.647963,37.292566],[126.633164,37.288889],[126.632027,37.288229],[126.630041,37.28512],[126.629333,37.284907],[126.630811,37.287522],[126.632917,37.289071],[126.648697,37.29295],[126.661573,37.292561],[126.661701,37.285998],[126.664212,37.286907],[126.670652,37.288264],[126.673523,37.288403],[126.676408,37.28729],[126.678972,37.285872],[126.68418,37.280994],[126.683544,37.278667],[126.682042,37.276473],[126.680493,37.275188],[126.675289,37.272572],[126.673324,37.27232],[126.671956,37.273183],[126.674363,37.266766],[126.674903,37.266714],[126.677563,37.267158],[126.680267,37.268202],[126.6834,37.271014],[126.686049,37.27275],[126.691064,37.272627],[126.692625,37.273968],[126.695233,37.279566],[126.697389,37.280597],[126.699958,37.279842],[126.699252,37.278907],[126.698349,37.275942],[126.69837,37.275093],[126.699514,37.273098],[126.69989,37.273616],[126.69967,37.276361],[126.700248,37.276995],[126.713315,37.281066],[126.71675,37.280123],[126.720226,37.277266],[126.725362,37.275553],[126.729707,37.273155],[126.730437,37.273965],[126.728076,37.276471],[126.727209,37.278123],[126.727161,37.279136],[126.727758,37.279832],[126.729247,37.280217],[126.738587,37.279576],[126.735861,37.280623],[126.727288,37.281349],[126.723358,37.283246],[126.721871,37.286576],[126.72168,37.289087],[126.722432,37.289803],[126.731627,37.292585],[126.734541,37.29245],[126.737403,37.291809],[126.752545,37.2863],[126.75344,37.284574],[126.753777,37.281285],[126.756283,37.277781],[126.757093,37.277342],[126.75717,37.278602],[126.755648,37.282381],[126.755168,37.285657],[126.755383,37.286553],[126.756087,37.287034],[126.757876,37.287194],[126.764863,37.286165],[126.766513,37.28531],[126.769012,37.282838],[126.770512,37.27998],[126.771557,37.275783],[126.77291,37.275315],[126.773542,37.275443],[126.773343,37.282219],[126.77276,37.285745],[126.772031,37.287105],[126.773639,37.288717],[126.790001,37.290706],[126.804746,37.292987],[126.804755,37.293704],[126.81125,37.293364],[126.813611,37.292972],[126.816838,37.291762],[126.819208,37.290464],[126.821494,37.288546],[126.824968,37.283963],[126.826988,37.278298],[126.828105,37.276921],[126.830197,37.276599],[126.835011,37.276787],[126.836674,37.275644],[126.837202,37.275025],[126.837338,37.272187],[126.840065,37.26892],[126.841388,37.267726],[126.842629,37.267284],[126.843113,37.267717],[126.844964,37.266779],[126.846506,37.263982],[126.845217,37.260827],[126.845352,37.260086],[126.846043,37.259699],[126.847931,37.259943],[126.848857,37.260767],[126.851422,37.264326],[126.849842,37.265998],[126.851714,37.267402],[126.854203,37.268088],[126.855949,37.269919],[126.857438,37.272666],[126.86473,37.272414],[126.874571,37.275833],[126.875308,37.277011],[126.875308,37.277399],[126.87293,37.275943],[126.863916,37.272806],[126.862219,37.275382],[126.861961,37.280662],[126.863239,37.281509],[126.867917,37.281313],[126.871185,37.280581],[126.872232,37.279459],[126.873609,37.279769],[126.875834,37.281285],[126.8771,37.28285],[126.877361,37.28435],[126.879042,37.285613],[126.884109,37.283398],[126.889842,37.281985],[126.893127,37.285172],[126.894387,37.287101],[126.897249,37.289347],[126.898635,37.2897],[126.900928,37.291427],[126.906506,37.289959],[126.912737,37.290184],[126.914253,37.290807],[126.91545,37.289758],[126.917975,37.285309],[126.927287,37.278805],[126.928448,37.276779],[126.926981,37.272061],[126.927061,37.271336],[126.928962,37.269522],[126.930639,37.261075],[126.932296,37.260811],[126.935173,37.258091],[126.935207,37.257397],[126.935794,37.256861],[126.939075,37.256669],[126.946756,37.257457],[126.950083,37.25571],[126.949825,37.254062],[126.950592,37.252462],[126.952497,37.251729],[126.952894,37.248747],[126.956175,37.246761],[126.956841,37.244661],[126.957975,37.242932],[126.957565,37.240013],[126.960914,37.238198],[126.964128,37.237191],[126.96788,37.234818],[126.969358,37.230781],[126.970476,37.22936],[126.971341,37.229038],[126.972897,37.228728],[126.978953,37.230365],[126.981065,37.232527],[126.985099,37.231789],[126.986756,37.233519],[126.987426,37.233366],[126.987674,37.23424],[126.989533,37.233555],[126.989212,37.232132],[126.989466,37.231686],[126.997003,37.229254],[126.998766,37.225751],[127.001118,37.226519],[127.00336,37.228884],[127.002833,37.230001],[127.003327,37.230195],[127.008442,37.227019],[127.011383,37.226361],[127.014046,37.226703],[127.020719,37.225522],[127.021871,37.224544],[127.023277,37.225887],[127.02329,37.230746],[127.025109,37.231012],[127.026247,37.230747],[127.029915,37.231728],[127.034627,37.23657],[127.037321,37.237257],[127.037435,37.238539],[127.042097,37.239032],[127.044047,37.238572],[127.043793,37.236805],[127.045974,37.233025],[127.046698,37.232872],[127.051528,37.234325],[127.053586,37.233398],[127.053775,37.23233],[127.052509,37.231541],[127.052697,37.231276],[127.058316,37.234184],[127.059436,37.235175],[127.060021,37.236303],[127.065147,37.240127],[127.066917,37.240185],[127.06745,37.239705],[127.069139,37.232396],[127.068964,37.230439],[127.071544,37.229036],[127.072647,37.229113],[127.074581,37.228151],[127.075921,37.225581],[127.078409,37.222627],[127.082296,37.219864],[127.088234,37.216602],[127.095458,37.218342],[127.104638,37.219834],[127.115116,37.219133],[127.117584,37.220015],[127.119341,37.219329],[127.132766,37.216522],[127.13379,37.215885],[127.136685,37.215533],[127.143236,37.21861],[127.145874,37.219191],[127.146775,37.219006],[127.150691,37.22001],[127.152007,37.21817],[127.151276,37.216223],[127.15149,37.214332],[127.15721,37.207371],[127.157327,37.206948],[127.152744,37.200986],[127.152002,37.199185],[127.152952,37.197275],[127.155416,37.197691],[127.156077,37.19634],[127.157407,37.194935],[127.161148,37.19187],[127.161299,37.190492],[127.159458,37.185006],[127.159437,37.182799],[127.160658,37.179876],[127.15912,37.177975],[127.157742,37.176951],[127.156326,37.176521],[127.155397,37.17669],[127.153889,37.175869],[127.153113,37.173659],[127.151659,37.171674],[127.148713,37.169892],[127.14506,37.1699],[127.140558,37.169139],[127.134048,37.169327],[127.133024,37.168969],[127.132521,37.168106],[127.134,37.16612],[127.134085,37.165091],[127.131202,37.162628],[127.129,37.161895],[127.128316,37.160994],[127.129913,37.1511],[127.129478,37.14869],[127.127696,37.145471],[127.124699,37.14538],[127.122941,37.144493],[127.113822,37.144511],[127.111852,37.144135],[127.110873,37.143357],[127.104341,37.141727],[127.103756,37.141889],[127.103038,37.143863],[127.100783,37.146125],[127.098353,37.155347],[127.094861,37.158554],[127.089154,37.160494],[127.089334,37.160957],[127.08867,37.160602],[127.080163,37.161595],[127.077867,37.162426],[127.075763,37.163824],[127.071303,37.168236],[127.070581,37.173111],[127.072027,37.176145],[127.072187,37.180702],[127.071739,37.183204],[127.071185,37.184033],[127.066429,37.184193],[127.065535,37.18529],[127.065189,37.186403],[127.0667,37.188345],[127.067106,37.191033],[127.065645,37.192265],[127.065418,37.193162],[127.066321,37.195416],[127.064436,37.19905],[127.060582,37.199461],[127.056719,37.197284],[127.054454,37.197491],[127.051725,37.196995],[127.050058,37.196],[127.046583,37.196046],[127.042517,37.197644],[127.041475,37.197485],[127.036803,37.199951],[127.033074,37.200164],[127.029624,37.199801],[127.027228,37.200435],[127.026857,37.200332],[127.027363,37.19971],[127.025059,37.198026],[127.018616,37.195833],[127.013491,37.195018],[127.007893,37.192964],[127.007848,37.192212],[127.009785,37.187301],[127.008343,37.185837],[127.005949,37.186491],[127.00542,37.185499],[127.002543,37.182719],[127.002335,37.182093],[127.00274,37.181805],[127.005071,37.181282],[127.004756,37.180507],[127.002513,37.178337],[127.000724,37.177435],[126.998951,37.177764],[126.998934,37.178476],[127.000414,37.179656],[126.999829,37.180579],[126.999232,37.180647],[126.997104,37.17934],[126.995128,37.17715],[126.994982,37.175263],[126.995274,37.174817],[127.001434,37.172785],[127.001946,37.171704],[127.006894,37.168428],[127.013245,37.167536],[127.017477,37.167681],[127.0204,37.166823],[127.022904,37.16534],[127.0247,37.165277],[127.02528,37.164817],[127.029916,37.158842],[127.030602,37.156283],[127.028964,37.155464],[127.027804,37.154189],[127.027798,37.15286],[127.031285,37.146741],[127.030929,37.144497],[127.032155,37.140726],[127.033994,37.137397],[127.035701,37.136488],[127.035208,37.135747],[127.02967,37.133676],[127.024617,37.133137],[127.021218,37.132056],[127.016941,37.129867],[127.008535,37.128282],[127.001422,37.128012],[126.99754,37.125327],[126.997439,37.124561],[126.998751,37.123151],[126.998857,37.119776],[126.995077,37.116244],[126.995864,37.11519],[126.997541,37.114694],[126.998227,37.114911],[126.998317,37.115793],[126.99888,37.115757],[126.9987,37.114757],[126.998013,37.114126],[126.994469,37.114685],[126.994233,37.114397],[126.995415,37.11164],[126.998002,37.110919],[126.999487,37.111631],[127.000072,37.111423],[127.000354,37.110261],[126.999926,37.1099],[126.997102,37.109838],[126.995977,37.110189],[126.995302,37.109099],[126.996225,37.107296],[126.998161,37.106513],[126.996991,37.096826],[126.998442,37.09415],[126.998172,37.092861],[126.995945,37.091528],[126.99536,37.090095],[126.995563,37.089545],[126.997722,37.088879],[126.999893,37.086932],[127.000219,37.086023],[126.999668,37.084878],[126.998802,37.084491],[126.997925,37.084833],[126.997002,37.086771],[126.995911,37.08741],[126.991694,37.087924],[126.990726,37.087752],[126.990479,37.087139],[126.991814,37.084287],[126.995091,37.081031],[126.996272,37.078652],[126.996193,37.077904],[126.995395,37.077327],[126.990953,37.077534],[126.990413,37.076822],[126.992899,37.073705],[126.996857,37.072164],[126.997273,37.070866],[126.996205,37.069686],[126.989852,37.070028],[126.984735,37.071631],[126.975604,37.070701],[126.974187,37.07117],[126.97349,37.071944],[126.969138,37.073169],[126.967294,37.071222],[126.966328,37.069141],[126.964653,37.067843],[126.957535,37.068642],[126.955961,37.0682],[126.952577,37.068288],[126.950653,37.068918],[126.949046,37.068773],[126.947238,37.064808],[126.947149,37.064105],[126.948038,37.063115],[126.947915,37.061745],[126.942856,37.060905],[126.934423,37.061684],[126.931577,37.062584],[126.931756,37.063548],[126.930382,37.066692],[126.928491,37.068096],[126.923942,37.066599],[126.922096,37.065335],[126.920016,37.065081],[126.914956,37.065654],[126.908239,37.069001],[126.905573,37.069449],[126.905053,37.071675],[126.905298,37.073477],[126.901983,37.071942],[126.901356,37.070086],[126.897085,37.068568],[126.891094,37.067013],[126.885495,37.06671],[126.88374,37.066988],[126.883587,37.064167],[126.881772,37.059868],[126.877444,37.052727],[126.8566,37.023932],[126.854795,37.021695],[126.851138,37.018393],[126.842112,37.014317],[126.834023,37.013378],[126.797707,37.01342],[126.797509,37.016158],[126.795505,37.020996],[126.795174,37.025629],[126.794597,37.026475],[126.789641,37.029642],[126.750619,37.029706],[126.749432,37.030217],[126.74877,37.031126],[126.748798,37.035166],[126.742684,37.038001]],[[126.770891,37.064387],[126.767441,37.06433],[126.763178,37.063038],[126.761637,37.068125],[126.764505,37.068758],[126.763247,37.075373],[126.763482,37.079206],[126.764807,37.081675],[126.765221,37.08441],[126.764654,37.086573],[126.770902,37.101348],[126.769991,37.103978],[126.769656,37.104143],[126.768658,37.103258],[126.766397,37.103934],[126.762769,37.10802],[126.758287,37.111422],[126.75853,37.112763],[126.760409,37.117927],[126.765459,37.124115],[126.771449,37.129147],[126.772132,37.129234],[126.772135,37.127493],[126.774346,37.128177],[126.775735,37.129676],[126.776397,37.132139],[126.782617,37.134893],[126.786547,37.132528],[126.787223,37.129611],[126.795003,37.128753],[126.795853,37.130739],[126.796247,37.13444],[126.801367,37.13836],[126.806639,37.138105],[126.807094,37.138697],[126.801974,37.152573],[126.800499,37.153777],[126.799289,37.153775],[126.791057,37.149888],[126.788222,37.150913],[126.782958,37.15147],[126.781743,37.152254],[126.785558,37.15462],[126.789012,37.155043],[126.794599,37.157395],[126.795375,37.157963],[126.797814,37.162332],[126.796388,37.165073],[126.79581,37.169177],[126.793796,37.172146],[126.7923,37.173236],[126.792729,37.176178],[126.793148,37.17678],[126.794728,37.177268],[126.796109,37.17831],[126.796017,37.179831],[126.797726,37.187859],[126.797162,37.189233],[126.80065,37.196166],[126.799713,37.196185],[126.797856,37.192729],[126.794771,37.18448],[126.79475,37.181534],[126.788807,37.173826],[126.783852,37.169731],[126.781993,37.170426],[126.779973,37.169811],[126.777501,37.165205],[126.77194,37.165196],[126.758621,37.166264],[126.750021,37.168102],[126.747168,37.167582],[126.746134,37.166348],[126.746955,37.164989],[126.746169,37.163444],[126.746926,37.161663],[126.741549,37.152894],[126.739952,37.151739],[126.736111,37.149941],[126.733776,37.150124],[126.730817,37.149342],[126.73171,37.146235],[126.729782,37.142143],[126.727443,37.139565],[126.729089,37.136655],[126.725156,37.132802],[126.714388,37.124832],[126.703262,37.11821],[126.695363,37.115447],[126.690548,37.116081],[126.684047,37.11461],[126.683986,37.11352],[126.686403,37.112965],[126.686122,37.111635],[126.688891,37.109476],[126.689812,37.10934],[126.69789,37.10303],[126.698095,37.102105],[126.756276,37.056275],[126.756785,37.056012],[126.770024,37.060071],[126.770891,37.064387]]]]},"properties":{"id":"31240","title":"화성시"}}]}