station_id,network,longitude,latitude,elevation_m,year,valid_tmax_days,valid_tmin_days,h02_mean_daily_max_c,h03_mean_daily_min_c,h04_heatwave_days,h05_tropical_nights,h06_wsdi_days,h07_annual_max_daily_max_c,h08_tx90p_days,h09_maximum_warm_spell_days,percentile_baseline_status,quality_status
90,ASOS,128.56473,38.25085,17.53,2021,358,358,17.006424581005582,9.658659217877087,1,5,,33,,,1991-2020_BASELINE_PENDING,PASS
90,ASOS,128.56473,38.25085,17.53,2022,358,358,16.697765363128493,9.266759776536317,3,5,,35.1,,,1991-2020_BASELINE_PENDING,PASS
90,ASOS,128.56473,38.25085,17.53,2023,356,356,17.477528089887635,9.998033707865174,11,9,,36.2,,,1991-2020_BASELINE_PENDING,PASS
90,ASOS,128.56473,38.25085,17.53,2024,359,359,17.673537604456833,10.64707520891365,12,26,,35.1,,,1991-2020_BASELINE_PENDING,PASS
90,ASOS,128.56473,38.25085,17.53,2025,358,358,17.449720670391063,10.381284916201125,8,22,,34.4,,,1991-2020_BASELINE_PENDING,PASS
93,ASOS,127.75443,37.94738,95.78,2021,358,358,17.758659217877092,6.430726256983237,17,0,,36.4,,,1991-2020_BASELINE_PENDING,PASS
93,ASOS,127.75443,37.94738,95.78,2022,358,358,17.29720670391062,5.624581005586595,11,2,,35.1,,,1991-2020_BASELINE_PENDING,PASS
93,ASOS,127.75443,37.94738,95.78,2023,358,358,18.004748603351963,6.783798882681564,21,4,,34.7,,,1991-2020_BASELINE_PENDING,PASS
93,ASOS,127.75443,37.94738,95.78,2024,359,359,18.827855153203338,7.768802228412262,25,13,,36.1,,,1991-2020_BASELINE_PENDING,PASS
93,ASOS,127.75443,37.94738,95.78,2025,358,358,17.77849162011173,6.936871508379894,22,4,,37,,,1991-2020_BASELINE_PENDING,PASS
95,ASOS,127.3042,38.14787,155.48,2021,358,358,17.19832402234637,6.0550279329608925,11,0,,35.2,,,1991-2020_BASELINE_PENDING,PASS
95,ASOS,127.3042,38.14787,155.48,2022,358,358,16.47513966480448,5.127932960893854,2,3,,34,,,1991-2020_BASELINE_PENDING,PASS
95,ASOS,127.3042,38.14787,155.48,2023,358,358,17.244692737430178,6.248044692737436,3,0,,33,,,1991-2020_BASELINE_PENDING,PASS
95,ASOS,127.3042,38.14787,155.48,2024,359,359,18.050417827298055,7.2459610027855135,18,7,,35.6,,,1991-2020_BASELINE_PENDING,PASS
95,ASOS,127.3042,38.14787,155.48,2025,358,358,16.9304469273743,6.444413407821233,11,2,,35.3,,,1991-2020_BASELINE_PENDING,PASS
98,ASOS,127.0607,37.90188,115.62,2021,358,358,17.937430167597768,7.23072625698324,10,1,,35.7,,,1991-2020_BASELINE_PENDING,PASS
98,ASOS,127.0607,37.90188,115.62,2022,358,358,17.39385474860335,6.641340782122905,4,4,,34.2,,,1991-2020_BASELINE_PENDING,PASS
98,ASOS,127.0607,37.90188,115.62,2023,358,358,18.045251396648048,7.679050279329602,5,3,,33.7,,,1991-2020_BASELINE_PENDING,PASS
98,ASOS,127.0607,37.90188,115.62,2024,356,356,18.656460674157316,8.480898876404495,10,17,,34.8,,,1991-2020_BASELINE_PENDING,PASS
98,ASOS,127.0607,37.90188,115.62,2025,357,357,17.709803921568625,7.7445378151260496,13,7,,35.5,,,1991-2020_BASELINE_PENDING,PASS
99,ASOS,126.76648,37.88589,30.59,2021,358,358,17.53631284916201,6.536871508379888,10,0,,34.7,,,1991-2020_BASELINE_PENDING,PASS
99,ASOS,126.76648,37.88589,30.59,2022,358,358,16.76787709497208,5.531843575418995,2,3,,33.3,,,1991-2020_BASELINE_PENDING,PASS
99,ASOS,126.76648,37.88589,30.59,2023,358,358,17.500279329608933,6.820949720670392,2,0,,33.1,,,1991-2020_BASELINE_PENDING,PASS
99,ASOS,126.76648,37.88589,30.59,2024,358,358,18.289664804469304,7.6572625698324055,14,14,,34.9,,,1991-2020_BASELINE_PENDING,PASS
99,ASOS,126.76648,37.88589,30.59,2025,357,357,17.172268907563026,6.814005602240902,10,4,,34.7,,,1991-2020_BASELINE_PENDING,PASS
100,ASOS,128.71834,37.67713,772.43,2021,358,358,12.963128491620125,3.3326815642458087,0,0,,30.1,,,1991-2020_BASELINE_PENDING,PASS
100,ASOS,128.71834,37.67713,772.43,2022,358,358,12.93575418994414,2.6335195530726225,0,0,,30,,,1991-2020_BASELINE_PENDING,PASS
100,ASOS,128.71834,37.67713,772.43,2023,358,358,13.751955307262588,3.5935754189944107,0,0,,31.4,,,1991-2020_BASELINE_PENDING,PASS
100,ASOS,128.71834,37.67713,772.43,2024,359,359,13.762952646239558,4.115320334261836,0,0,,31.1,,,1991-2020_BASELINE_PENDING,PASS
100,ASOS,128.71834,37.67713,772.43,2025,352,352,13.470738636363642,3.752556818181814,0,0,,32.8,,,1991-2020_BASELINE_PENDING,PASS
101,ASOS,127.7357,37.90262,75.82,2021,358,358,18.279329608938554,7.614804469273739,20,5,,36.4,,,1991-2020_BASELINE_PENDING,PASS
101,ASOS,127.7357,37.90262,75.82,2022,358,358,18.02569832402233,6.703072625698325,11,12,,35.2,,,1991-2020_BASELINE_PENDING,PASS
101,ASOS,127.7357,37.90262,75.82,2023,358,358,18.20167597765363,7.375139664804468,18,2,,34.7,,,1991-2020_BASELINE_PENDING,PASS
101,ASOS,127.7357,37.90262,75.82,2024,356,356,19.033146067415725,8.398595505617973,23,18,,35.3,,,1991-2020_BASELINE_PENDING,PASS
101,ASOS,127.7357,37.90262,75.82,2025,355,355,18.073802816901402,7.367887323943665,25,5,,36.9,,,1991-2020_BASELINE_PENDING,PASS
102,ASOS,124.71237,37.97396,36,2021,358,358,15.452513966480444,10.105307262569832,0,0,,31.4,,,1991-2020_BASELINE_PENDING,PASS
102,ASOS,124.71237,37.97396,36,2022,358,358,14.450279329608943,9.505307262569831,0,2,,31.5,,,1991-2020_BASELINE_PENDING,PASS
102,ASOS,124.71237,37.97396,36,2023,358,358,15.260893854748607,10.206424581005585,0,0,,30.1,,,1991-2020_BASELINE_PENDING,PASS
102,ASOS,124.71237,37.97396,36,2024,359,359,15.99387186629527,10.891922005571036,0,11,,30.8,,,1991-2020_BASELINE_PENDING,PASS
102,ASOS,124.71237,37.97396,36,2025,358,358,15.285754189944129,10.18882681564246,0,2,,32,,,1991-2020_BASELINE_PENDING,PASS
104,ASOS,128.85535,37.80456,75.24,2021,358,358,17.1086592178771,9.333798882681556,1,1,,33.2,,,1991-2020_BASELINE_PENDING,PASS
104,ASOS,128.85535,37.80456,75.24,2022,358,358,17.115921787709485,9.413966480446923,5,6,,34.5,,,1991-2020_BASELINE_PENDING,PASS
104,ASOS,128.85535,37.80456,75.24,2023,358,358,17.88910614525141,10.24944134078213,6,7,,35.2,,,1991-2020_BASELINE_PENDING,PASS
104,ASOS,128.85535,37.80456,75.24,2024,359,359,18.065181058495803,10.676880222841222,11,20,,36.2,,,1991-2020_BASELINE_PENDING,PASS
104,ASOS,128.85535,37.80456,75.24,2025,358,358,18.298603351955308,9.995530726256979,26,22,,37.1,,,1991-2020_BASELINE_PENDING,PASS
105,ASOS,128.89099,37.75147,27.12,2021,358,358,19.04804469273743,10.729888268156426,9,11,,36.2,,,1991-2020_BASELINE_PENDING,PASS
105,ASOS,128.89099,37.75147,27.12,2022,358,358,19.086592178770946,10.872346368715087,12,24,,37.5,,,1991-2020_BASELINE_PENDING,PASS
105,ASOS,128.89099,37.75147,27.12,2023,358,358,19.77346368715084,11.649441340782115,19,18,,38.3,,,1991-2020_BASELINE_PENDING,PASS
105,ASOS,128.89099,37.75147,27.12,2024,358,358,19.13519553072626,11.78966480446928,26,35,,37.2,,,1991-2020_BASELINE_PENDING,PASS
105,ASOS,128.89099,37.75147,27.12,2025,358,358,19.206424581005592,11.523184357541895,38,39,,38.3,,,1991-2020_BASELINE_PENDING,PASS
106,ASOS,129.12433,37.50709,40.46,2021,358,358,17.13770949720671,10.115363128491623,0,2,,31.9,,,1991-2020_BASELINE_PENDING,PASS
106,ASOS,129.12433,37.50709,40.46,2022,358,358,17.31340782122905,10.302513966480442,3,6,,33.4,,,1991-2020_BASELINE_PENDING,PASS
106,ASOS,129.12433,37.50709,40.46,2023,358,358,18.007821229050283,11.025977653631287,7,8,,35,,,1991-2020_BASELINE_PENDING,PASS
106,ASOS,129.12433,37.50709,40.46,2024,357,357,18.64705882352941,11.19495798319328,13,21,,37.7,,,1991-2020_BASELINE_PENDING,PASS
106,ASOS,129.12433,37.50709,40.46,2025,358,358,18.34301675977653,10.56424581005587,11,25,,37,,,1991-2020_BASELINE_PENDING,PASS
108,ASOS,126.9658,37.57142,85.67,2021,358,358,18.32150837988827,9.788826815642446,17,19,,36.3,,,1991-2020_BASELINE_PENDING,PASS
108,ASOS,126.9658,37.57142,85.67,2022,358,358,17.875418994413412,9.43826815642458,8,21,,35.6,,,1991-2020_BASELINE_PENDING,PASS
108,ASOS,126.9658,37.57142,85.67,2023,358,358,18.616759776536327,10.234078212290509,15,19,,35.8,,,1991-2020_BASELINE_PENDING,PASS
108,ASOS,126.9658,37.57142,85.67,2024,359,359,19.364345403899716,11.118105849582165,27,42,,36.3,,,1991-2020_BASELINE_PENDING,PASS
108,ASOS,126.9658,37.57142,85.67,2025,358,358,18.456145251396634,10.313966480446929,25,45,,37.6,,,1991-2020_BASELINE_PENDING,PASS
112,ASOS,126.6249,37.47772,68.99,2021,358,358,17.013407821229045,10.195810055865921,7,20,,34,,,1991-2020_BASELINE_PENDING,PASS
112,ASOS,126.6249,37.47772,68.99,2022,358,358,16.160335195530717,9.575139664804464,2,12,,35.1,,,1991-2020_BASELINE_PENDING,PASS
112,ASOS,126.6249,37.47772,68.99,2023,358,358,17.00251396648044,10.394972067039104,3,20,,34.6,,,1991-2020_BASELINE_PENDING,PASS
112,ASOS,126.6249,37.47772,68.99,2024,359,359,17.838440111420606,11.213927576601668,10,43,,35.5,,,1991-2020_BASELINE_PENDING,PASS
112,ASOS,126.6249,37.47772,68.99,2025,358,358,16.894134078212293,10.317597765363132,11,38,,35.6,,,1991-2020_BASELINE_PENDING,PASS
114,ASOS,127.94659,37.33749,150.11,2021,358,358,17.981564245810063,8.506703910614526,14,2,,34.9,,,1991-2020_BASELINE_PENDING,PASS
114,ASOS,127.94659,37.33749,150.11,2022,358,358,17.42430167597765,7.963407821229059,5,11,,34.5,,,1991-2020_BASELINE_PENDING,PASS
114,ASOS,127.94659,37.33749,150.11,2023,358,358,18.366201117318443,8.993296089385478,10,8,,34.1,,,1991-2020_BASELINE_PENDING,PASS
114,ASOS,127.94659,37.33749,150.11,2024,359,359,19.171309192200553,10.33231197771589,20,26,,35.3,,,1991-2020_BASELINE_PENDING,PASS
114,ASOS,127.94659,37.33749,150.11,2025,358,358,18.382960893854744,8.915083798882682,23,20,,36.7,,,1991-2020_BASELINE_PENDING,PASS
115,ASOS,130.89863,37.48129,221.14,2021,356,356,16.483707865168533,11.171910112359546,0,7,,31.8,,,1991-2020_BASELINE_PENDING,PASS
115,ASOS,130.89863,37.48129,221.14,2022,358,358,16.566201117318453,11.188268156424577,0,9,,32.4,,,1991-2020_BASELINE_PENDING,PASS
115,ASOS,130.89863,37.48129,221.14,2023,358,358,17.50446927374302,12.288268156424584,1,21,,33.1,,,1991-2020_BASELINE_PENDING,PASS
115,ASOS,130.89863,37.48129,221.14,2024,359,359,17.407520891364907,12.455153203342617,2,30,,33.4,,,1991-2020_BASELINE_PENDING,PASS
115,ASOS,130.89863,37.48129,221.14,2025,358,358,17.235754189944135,12.172346368715093,1,34,,33.3,,,1991-2020_BASELINE_PENDING,PASS
119,ASOS,126.983,37.25746,39.81,2021,358,358,18.296648044692727,9.08296089385475,15,15,,36.3,,,1991-2020_BASELINE_PENDING,PASS
119,ASOS,126.983,37.25746,39.81,2022,358,358,17.690782122905027,8.526256983240227,7,15,,34.5,,,1991-2020_BASELINE_PENDING,PASS
119,ASOS,126.983,37.25746,39.81,2023,358,358,18.405027932960884,8.986033519553077,14,6,,34.7,,,1991-2020_BASELINE_PENDING,PASS
119,ASOS,126.983,37.25746,39.81,2024,359,359,18.947910863509744,9.938997214484678,23,30,,35,,,1991-2020_BASELINE_PENDING,PASS
119,ASOS,126.983,37.25746,39.81,2025,358,358,18.063966480446926,9.101396648044693,16,24,,36,,,1991-2020_BASELINE_PENDING,PASS
121,ASOS,128.45743,37.18126,240.54,2021,358,358,17.98407821229052,7.2572625698324,14,0,,35.5,,,1991-2020_BASELINE_PENDING,PASS
121,ASOS,128.45743,37.18126,240.54,2022,358,358,17.710614525139658,6.446648044692738,7,1,,34.7,,,1991-2020_BASELINE_PENDING,PASS
121,ASOS,128.45743,37.18126,240.54,2023,358,358,18.387150837988827,7.4159217877094985,11,0,,34.8,,,1991-2020_BASELINE_PENDING,PASS
121,ASOS,128.45743,37.18126,240.54,2024,359,359,18.942339832869084,8.539554317548745,20,1,,36.1,,,1991-2020_BASELINE_PENDING,PASS
121,ASOS,128.45743,37.18126,240.54,2025,358,358,18.11256983240224,6.996927374301679,23,0,,36.7,,,1991-2020_BASELINE_PENDING,PASS
127,ASOS,127.9525,36.97045,114.85,2021,358,358,18.13631284916202,7.503910614525144,15,1,,34.3,,,1991-2020_BASELINE_PENDING,PASS
127,ASOS,127.9525,36.97045,114.85,2022,358,358,17.793575418994408,6.671787709497202,8,8,,34.3,,,1991-2020_BASELINE_PENDING,PASS
127,ASOS,127.9525,36.97045,114.85,2023,358,358,18.682122905027935,7.858938547486032,14,2,,35.2,,,1991-2020_BASELINE_PENDING,PASS
127,ASOS,127.9525,36.97045,114.85,2024,359,359,19.21894150417828,9.095821727019498,29,14,,35,,,1991-2020_BASELINE_PENDING,PASS
127,ASOS,127.9525,36.97045,114.85,2025,354,354,18.480790960451987,7.973446327683617,25,7,,35.6,,,1991-2020_BASELINE_PENDING,PASS
129,ASOS,126.4939,36.77658,25.25,2021,358,358,18.4913407821229,8.731284916201119,15,1,,35.2,,,1991-2020_BASELINE_PENDING,PASS
129,ASOS,126.4939,36.77658,25.25,2022,358,358,17.356703910614513,7.818994413407818,6,12,,34,,,1991-2020_BASELINE_PENDING,PASS
129,ASOS,126.4939,36.77658,25.25,2023,358,358,18.30167597765363,8.896089385474863,10,7,,34.9,,,1991-2020_BASELINE_PENDING,PASS
129,ASOS,126.4939,36.77658,25.25,2024,359,359,18.908913649025045,9.838997214484687,20,33,,35.8,,,1991-2020_BASELINE_PENDING,PASS
129,ASOS,126.4939,36.77658,25.25,2025,358,358,17.96061452513966,8.939385474860334,15,20,,36.3,,,1991-2020_BASELINE_PENDING,PASS
130,ASOS,129.41278,36.99176,48.98,2021,358,358,17.684357541899445,9.545810055865925,0,4,,32,,,1991-2020_BASELINE_PENDING,PASS
130,ASOS,129.41278,36.99176,48.98,2022,358,358,17.72513966480447,9.333798882681554,5,7,,35.3,,,1991-2020_BASELINE_PENDING,PASS
130,ASOS,129.41278,36.99176,48.98,2023,358,358,18.296648044692738,10.204469273743012,4,8,,36.8,,,1991-2020_BASELINE_PENDING,PASS
130,ASOS,129.41278,36.99176,48.98,2024,359,359,18.508356545961004,10.743732590529252,12,16,,36.3,,,1991-2020_BASELINE_PENDING,PASS
130,ASOS,129.41278,36.99176,48.98,2025,358,358,18.55363128491619,10.217877094972073,13,19,,37.7,,,1991-2020_BASELINE_PENDING,PASS
131,ASOS,127.44066,36.63924,58.7,2021,358,358,19.058938547486047,10.215363128491607,20,18,,36,,,1991-2020_BASELINE_PENDING,PASS
131,ASOS,127.44066,36.63924,58.7,2022,358,358,18.727932960893853,9.755586592178778,18,25,,35.7,,,1991-2020_BASELINE_PENDING,PASS
131,ASOS,127.44066,36.63924,58.7,2023,358,358,19.517318435754188,10.68268156424581,21,28,,35.9,,,1991-2020_BASELINE_PENDING,PASS
131,ASOS,127.44066,36.63924,58.7,2024,358,358,20.021508379888257,11.687709497206704,40,46,,36.4,,,1991-2020_BASELINE_PENDING,PASS
131,ASOS,127.44066,36.63924,58.7,2025,358,358,19.39804469273744,10.787988826815626,40,43,,36.7,,,1991-2020_BASELINE_PENDING,PASS
133,ASOS,127.3721,36.37199,67.79,2021,358,358,19.50865921787711,9.785754189944136,20,12,,36,,,1991-2020_BASELINE_PENDING,PASS
133,ASOS,127.3721,36.37199,67.79,2022,358,358,19.0854748603352,8.827374301675977,14,17,,35.5,,,1991-2020_BASELINE_PENDING,PASS
133,ASOS,127.3721,36.37199,67.79,2023,358,358,19.42402234636872,9.38491620111732,17,6,,35.4,,,1991-2020_BASELINE_PENDING,PASS
133,ASOS,127.3721,36.37199,67.79,2024,359,359,19.964902506963803,10.57130919220055,38,35,,35.9,,,1991-2020_BASELINE_PENDING,PASS
133,ASOS,127.3721,36.37199,67.79,2025,358,358,19.58547486033519,10.004189944134081,36,30,,36.5,,,1991-2020_BASELINE_PENDING,PASS
135,ASOS,127.99458,36.22025,244.98,2021,358,358,17.443016759776533,7.561452513966476,2,0,,33,,,1991-2020_BASELINE_PENDING,PASS
135,ASOS,127.99458,36.22025,244.98,2022,358,358,17.331284916201128,7.024581005586591,6,0,,33.7,,,1991-2020_BASELINE_PENDING,PASS
135,ASOS,127.99458,36.22025,244.98,2023,358,358,18.127094972067045,7.784636871508382,4,1,,33.5,,,1991-2020_BASELINE_PENDING,PASS
135,ASOS,127.99458,36.22025,244.98,2024,359,359,18.46267409470752,9.020612813370473,11,3,,34.5,,,1991-2020_BASELINE_PENDING,PASS
135,ASOS,127.99458,36.22025,244.98,2025,358,358,17.858100558659224,8.08575418994413,11,0,,34.2,,,1991-2020_BASELINE_PENDING,PASS
136,ASOS,128.70733,36.57293,141.26,2021,358,358,18.362569832402237,7.939944134078205,14,0,,35.4,,,1991-2020_BASELINE_PENDING,PASS
136,ASOS,128.70733,36.57293,141.26,2022,358,358,18.48435754189945,7.387709497206702,15,10,,35.7,,,1991-2020_BASELINE_PENDING,PASS
136,ASOS,128.70733,36.57293,141.26,2023,358,358,19.08966480446927,8.212569832402227,16,4,,35.1,,,1991-2020_BASELINE_PENDING,PASS
136,ASOS,128.70733,36.57293,141.26,2024,359,359,19.613649025069645,9.460167130919219,35,14,,35.7,,,1991-2020_BASELINE_PENDING,PASS
136,ASOS,128.70733,36.57293,141.26,2025,358,358,19.02709497206704,8.348882681564245,37,8,,37.2,,,1991-2020_BASELINE_PENDING,PASS
137,ASOS,128.15741,36.40837,96.58,2021,358,358,18.669273743016774,8.547765363128491,14,0,,34.5,,,1991-2020_BASELINE_PENDING,PASS
137,ASOS,128.15741,36.40837,96.58,2022,358,358,18.89636871508381,8.394692737430166,18,10,,35.8,,,1991-2020_BASELINE_PENDING,PASS
137,ASOS,128.15741,36.40837,96.58,2023,358,358,19.474860335195547,9.016480446927368,16,5,,35.5,,,1991-2020_BASELINE_PENDING,PASS
137,ASOS,128.15741,36.40837,96.58,2024,359,359,19.738718662952657,10.207799442896933,36,16,,35.6,,,1991-2020_BASELINE_PENDING,PASS
137,ASOS,128.15741,36.40837,96.58,2025,358,358,19.197765363128475,9.288268156424582,34,13,,36.2,,,1991-2020_BASELINE_PENDING,PASS
138,ASOS,129.38002,36.03201,3.94,2021,358,358,19.0905027932961,11.776536312849137,9,21,,34.9,,,1991-2020_BASELINE_PENDING,PASS
138,ASOS,129.38002,36.03201,3.94,2022,358,358,19.331843575418993,11.443016759776535,21,23,,37.7,,,1991-2020_BASELINE_PENDING,PASS
138,ASOS,129.38002,36.03201,3.94,2023,358,358,19.723743016759773,12.193854748603352,19,19,,36.4,,,1991-2020_BASELINE_PENDING,PASS
138,ASOS,129.38002,36.03201,3.94,2024,359,359,19.84986072423398,12.86072423398328,25,47,,37.3,,,1991-2020_BASELINE_PENDING,PASS
138,ASOS,129.38002,36.03201,3.94,2025,358,358,19.69189944134079,12.050837988826816,40,42,,36.5,,,1991-2020_BASELINE_PENDING,PASS
140,ASOS,126.76135,36.0053,27.85,2021,357,357,18.483753501400553,10.140056022408963,7,3,,33.9,,,1991-2020_BASELINE_PENDING,PASS
140,ASOS,126.76135,36.0053,27.85,2022,355,355,17.82760563380281,9.15943661971832,5,16,,35.4,,,1991-2020_BASELINE_PENDING,PASS
140,ASOS,126.76135,36.0053,27.85,2023,358,358,18.6513966480447,9.912569832402228,10,6,,35.5,,,1991-2020_BASELINE_PENDING,PASS
140,ASOS,126.76135,36.0053,27.85,2024,359,359,19.144011142061277,11.011699164345407,22,36,,35.1,,,1991-2020_BASELINE_PENDING,PASS
140,ASOS,126.76135,36.0053,27.85,2025,358,358,18.51983240223464,10.00558659217877,14,18,,35.5,,,1991-2020_BASELINE_PENDING,PASS
143,ASOS,128.65296,35.87797,54.27,2021,358,358,19.845251396648035,10.156145251396651,18,6,,36.2,,,1991-2020_BASELINE_PENDING,PASS
143,ASOS,128.65296,35.87797,54.27,2022,358,358,20.022067039106155,9.98324022346369,32,26,,37.1,,,1991-2020_BASELINE_PENDING,PASS
143,ASOS,128.65296,35.87797,54.27,2023,358,358,20.450558659217887,10.46452513966481,21,11,,37.6,,,1991-2020_BASELINE_PENDING,PASS
143,ASOS,128.65296,35.87797,54.27,2024,359,359,20.879387186629522,11.458774373259063,50,34,,36.8,,,1991-2020_BASELINE_PENDING,PASS
143,ASOS,128.65296,35.87797,54.27,2025,358,358,20.33072625698325,10.53882681564246,46,25,,37.4,,,1991-2020_BASELINE_PENDING,PASS
146,ASOS,127.11718,35.84092,60.44,2021,358,358,19.383798882681567,10.468156424581005,15,10,,34.3,,,1991-2020_BASELINE_PENDING,PASS
146,ASOS,127.11718,35.84092,60.44,2022,358,358,18.930446927374316,9.891620111731841,8,20,,35,,,1991-2020_BASELINE_PENDING,PASS
146,ASOS,127.11718,35.84092,60.44,2023,358,358,19.646927374301686,10.680446927374303,15,16,,34.5,,,1991-2020_BASELINE_PENDING,PASS
146,ASOS,127.11718,35.84092,60.44,2024,359,359,20.241504178272987,11.894150417827287,32,43,,36.2,,,1991-2020_BASELINE_PENDING,PASS
146,ASOS,127.11718,35.84092,60.44,2025,358,358,19.844413407821236,10.80977653631285,42,36,,37.1,,,1991-2020_BASELINE_PENDING,PASS
152,ASOS,129.33469,35.58237,81.14,2021,358,358,19.14162011173183,11.190223463687149,3,4,,33.4,,,1991-2020_BASELINE_PENDING,PASS
152,ASOS,129.33469,35.58237,81.14,2022,358,358,19.009497206703912,10.940782122905025,8,19,,34.5,,,1991-2020_BASELINE_PENDING,PASS
152,ASOS,129.33469,35.58237,81.14,2023,358,358,19.534357541899453,11.118994413407817,2,6,,34.4,,,1991-2020_BASELINE_PENDING,PASS
152,ASOS,129.33469,35.58237,81.14,2024,359,359,19.796378830083565,11.811977715877443,14,22,,35.8,,,1991-2020_BASELINE_PENDING,PASS
152,ASOS,129.33469,35.58237,81.14,2025,358,358,19.448044692737433,10.972067039106143,24,19,,35.8,,,1991-2020_BASELINE_PENDING,PASS
155,ASOS,128.57282,35.17019,34.97,2021,358,358,19.484916201117315,11.168435754189941,6,12,,35.2,,,1991-2020_BASELINE_PENDING,PASS
155,ASOS,128.57282,35.17019,34.97,2022,358,358,19.305865921787703,10.882402234636869,8,18,,34.4,,,1991-2020_BASELINE_PENDING,PASS
155,ASOS,128.57282,35.17019,34.97,2023,358,358,19.772625698324035,11.406145251396646,11,21,,35.5,,,1991-2020_BASELINE_PENDING,PASS
155,ASOS,128.57282,35.17019,34.97,2024,359,359,20.67103064066852,12.620891364902507,36,53,,37.2,,,1991-2020_BASELINE_PENDING,PASS
155,ASOS,128.57282,35.17019,34.97,2025,358,358,20.106424581005584,11.870111731843577,25,33,,35.3,,,1991-2020_BASELINE_PENDING,PASS
156,ASOS,126.89156,35.17294,70.28,2021,358,358,19.934357541899445,11.123463687150837,11,11,,34.4,,,1991-2020_BASELINE_PENDING,PASS
156,ASOS,126.89156,35.17294,70.28,2022,358,358,19.768435754189934,10.839664804469274,9,24,,34.5,,,1991-2020_BASELINE_PENDING,PASS
156,ASOS,126.89156,35.17294,70.28,2023,358,358,20.0913407821229,11.368715083798882,14,17,,35.2,,,1991-2020_BASELINE_PENDING,PASS
156,ASOS,126.89156,35.17294,70.28,2024,359,359,20.4526462395543,12.22534818941504,26,34,,36.3,,,1991-2020_BASELINE_PENDING,PASS
156,ASOS,126.89156,35.17294,70.28,2025,358,358,19.91871508379889,11.310893854748608,35,31,,35.8,,,1991-2020_BASELINE_PENDING,PASS
159,ASOS,129.03203,35.10468,69.56,2021,358,358,19.596089385474862,12.649720670391062,1,24,,34.6,,,1991-2020_BASELINE_PENDING,PASS
159,ASOS,129.03203,35.10468,69.56,2022,358,358,19.346648044692742,12.281005586592174,1,21,,33.1,,,1991-2020_BASELINE_PENDING,PASS
159,ASOS,129.03203,35.10468,69.56,2023,358,358,19.84720670391061,13.024301675977663,4,28,,34.4,,,1991-2020_BASELINE_PENDING,PASS
159,ASOS,129.03203,35.10468,69.56,2024,359,359,20.495543175487473,13.621727019498618,14,55,,34.6,,,1991-2020_BASELINE_PENDING,PASS
159,ASOS,129.03203,35.10468,69.56,2025,358,358,19.80111731843576,12.85502793296089,9,51,,34.5,,,1991-2020_BASELINE_PENDING,PASS
162,ASOS,128.43561,34.84541,31.24,2021,358,358,19.654469273743015,12.28687150837988,4,20,,36.1,,,1991-2020_BASELINE_PENDING,PASS
162,ASOS,128.43561,34.84541,31.24,2022,358,358,19.187430167597768,11.755865921787716,1,20,,33,,,1991-2020_BASELINE_PENDING,PASS
162,ASOS,128.43561,34.84541,31.24,2023,357,357,19.755462184873952,12.116526610644256,4,15,,34.9,,,1991-2020_BASELINE_PENDING,PASS
162,ASOS,128.43561,34.84541,31.24,2024,358,358,20.210335195530725,12.775977653631283,17,43,,34.8,,,1991-2020_BASELINE_PENDING,PASS
162,ASOS,128.43561,34.84541,31.24,2025,358,358,19.58240223463687,11.885195530726238,9,19,,34.4,,,1991-2020_BASELINE_PENDING,PASS
165,ASOS,126.38151,34.81732,44.7,2021,358,358,18.735474860335195,12.000837988826811,2,18,,33.3,,,1991-2020_BASELINE_PENDING,PASS
165,ASOS,126.38151,34.81732,44.7,2022,358,358,18.01955307262568,11.343016759776537,3,25,,33.4,,,1991-2020_BASELINE_PENDING,PASS
165,ASOS,126.38151,34.81732,44.7,2023,358,358,18.60474860335196,11.796368715083805,6,23,,34.1,,,1991-2020_BASELINE_PENDING,PASS
165,ASOS,126.38151,34.81732,44.7,2024,359,359,19.233426183843992,12.843454038997217,14,46,,34.9,,,1991-2020_BASELINE_PENDING,PASS
165,ASOS,126.38151,34.81732,44.7,2025,358,358,18.681843575419,11.938826815642448,13,45,,34.8,,,1991-2020_BASELINE_PENDING,PASS
168,ASOS,127.74063,34.73929,65.93,2021,358,358,19.086592178770935,12.936312849161995,3,29,,34,,,1991-2020_BASELINE_PENDING,PASS
168,ASOS,127.74063,34.73929,65.93,2022,358,358,18.62653631284918,12.353631284916194,0,23,,32.4,,,1991-2020_BASELINE_PENDING,PASS
168,ASOS,127.74063,34.73929,65.93,2023,358,358,18.9891061452514,12.769273743016749,3,24,,33.8,,,1991-2020_BASELINE_PENDING,PASS
168,ASOS,127.74063,34.73929,65.93,2024,359,359,19.55431754874652,13.597771587743734,8,55,,33.8,,,1991-2020_BASELINE_PENDING,PASS
168,ASOS,127.74063,34.73929,65.93,2025,358,358,18.843016759776518,12.569832402234635,1,45,,33.2,,,1991-2020_BASELINE_PENDING,PASS
169,ASOS,125.45105,34.68719,75.12,2021,358,358,18.215363128491624,13.056145251396654,0,10,,32.3,,,1991-2020_BASELINE_PENDING,PASS
169,ASOS,125.45105,34.68719,75.12,2022,357,357,16.860224089635857,11.911204481792707,0,8,,31,,,1991-2020_BASELINE_PENDING,PASS
169,ASOS,125.45105,34.68719,75.12,2023,358,358,17.244692737430174,12.102793296089388,0,1,,30.8,,,1991-2020_BASELINE_PENDING,PASS
169,ASOS,125.45105,34.68719,75.12,2024,359,359,18.957938718662948,13.483844011142068,19,37,,34.9,,,1991-2020_BASELINE_PENDING,PASS
169,ASOS,125.45105,34.68719,75.12,2025,358,358,18.503910614525143,12.568994413407818,14,31,,34.8,,,1991-2020_BASELINE_PENDING,PASS
170,ASOS,126.70182,34.3959,35.37,2021,356,356,19.59971910112358,12.24775280898877,1,6,,33.5,,,1991-2020_BASELINE_PENDING,PASS
170,ASOS,126.70182,34.3959,35.37,2022,358,358,19.455865921787705,11.839944134078207,1,18,,33.2,,,1991-2020_BASELINE_PENDING,PASS
170,ASOS,126.70182,34.3959,35.37,2023,357,357,19.825770308123257,12.220448179271706,5,15,,34.6,,,1991-2020_BASELINE_PENDING,PASS
170,ASOS,126.70182,34.3959,35.37,2024,353,353,21.16402266288952,12.942776203966014,41,40,,37,,,1991-2020_BASELINE_PENDING,PASS
170,ASOS,126.70182,34.3959,35.37,2025,358,358,20.585195530726253,11.75893854748602,41,28,,36.1,,,1991-2020_BASELINE_PENDING,PASS
172,ASOS,126.599,35.34824,52.42,2021,354,354,19.267231638418085,9.44435028248588,15,4,,34.8,,,1991-2020_BASELINE_PENDING,PASS
172,ASOS,126.599,35.34824,52.42,2022,358,358,18.72430167597766,8.732122905027941,7,20,,34.7,,,1991-2020_BASELINE_PENDING,PASS
172,ASOS,126.599,35.34824,52.42,2023,342,342,18.85204678362575,8.783040935672519,12,0,,35,,,1991-2020_BASELINE_PENDING,PASS
172,ASOS,126.599,35.34824,52.42,2024,345,345,19.63565217391304,10.395942028985509,35,31,,35.7,,,1991-2020_BASELINE_PENDING,PASS
172,ASOS,126.599,35.34824,52.42,2025,358,358,19.132122905027934,9.608100558659217,24,13,,35.4,,,1991-2020_BASELINE_PENDING,PASS
174,ASOS,127.3694,35.0204,165,2021,358,358,19.325418994413404,8.4463687150838,3,0,,34.7,,,1991-2020_BASELINE_PENDING,PASS
174,ASOS,127.3694,35.0204,165,2022,358,358,19.03938547486033,8.070111731843575,1,2,,33,,,1991-2020_BASELINE_PENDING,PASS
174,ASOS,127.3694,35.0204,165,2023,357,357,19.28571428571429,8.503641456582628,6,0,,34.7,,,1991-2020_BASELINE_PENDING,PASS
174,ASOS,127.3694,35.0204,165,2024,359,359,19.20557103064068,9.192479108635096,5,1,,33.8,,,1991-2020_BASELINE_PENDING,PASS
174,ASOS,127.3694,35.0204,165,2025,355,355,18.757464788732392,8.09549295774647,13,0,,34.4,,,1991-2020_BASELINE_PENDING,PASS
177,ASOS,126.68772,36.65759,27.74,2021,358,358,18.387150837988827,8.70782122905028,9,1,,34.5,,,1991-2020_BASELINE_PENDING,PASS
177,ASOS,126.68772,36.65759,27.74,2022,358,358,17.850837988826814,8.027932960893855,6,14,,33.7,,,1991-2020_BASELINE_PENDING,PASS
177,ASOS,126.68772,36.65759,27.74,2023,358,358,18.67737430167597,9.144134078212286,10,9,,34.4,,,1991-2020_BASELINE_PENDING,PASS
177,ASOS,126.68772,36.65759,27.74,2024,359,359,19.13593314763231,10.04512534818941,18,28,,34.9,,,1991-2020_BASELINE_PENDING,PASS
177,ASOS,126.68772,36.65759,27.74,2025,358,358,18.64106145251396,9.121787709497212,20,18,,36.3,,,1991-2020_BASELINE_PENDING,PASS
181,ASOS,127.396944,36.63972,32,2022,333,333,19.107807807807806,8.103003003003002,10,7,,34.2,,,1991-2020_BASELINE_PENDING,PASS
181,ASOS,127.396944,36.63972,32,2023,358,358,18.76787709497206,8.086312849162013,13,0,,34.6,,,1991-2020_BASELINE_PENDING,PASS
181,ASOS,127.38458,36.63994,33.55,2024,358,358,18.93351955307261,8.99581005586593,8,3,,34,,,1991-2020_BASELINE_PENDING,PASS
181,ASOS,127.38458,36.63994,33.55,2025,358,358,18.881843575418987,8.543575418994413,20,7,,35.8,,,1991-2020_BASELINE_PENDING,PASS
184,ASOS,126.52969,33.51411,20.79,2021,358,358,20.62597765363129,14.881843575419007,3,44,,33.4,,,1991-2020_BASELINE_PENDING,PASS
184,ASOS,126.52969,33.51411,20.79,2022,358,358,20.240223463687144,14.313407821229042,22,53,,36.9,,,1991-2020_BASELINE_PENDING,PASS
184,ASOS,126.52969,33.51411,20.79,2023,358,358,20.808379888268156,14.659776536312844,13,50,,37,,,1991-2020_BASELINE_PENDING,PASS
184,ASOS,126.52969,33.51411,20.79,2024,359,359,21.15543175487466,15.560445682451247,33,71,,35.4,,,1991-2020_BASELINE_PENDING,PASS
184,ASOS,126.52969,33.51411,20.79,2025,358,358,20.776256983240202,14.796648044692734,23,69,,35.9,,,1991-2020_BASELINE_PENDING,PASS
185,ASOS,126.16283,33.29382,71.39,2021,358,358,19.77206703910615,14.643575418994418,1,30,,33.2,,,1991-2020_BASELINE_PENDING,PASS
185,ASOS,126.16283,33.29382,71.39,2022,358,358,18.94860335195531,14.26508379888267,1,39,,33.9,,,1991-2020_BASELINE_PENDING,PASS
185,ASOS,126.16283,33.29382,71.39,2023,358,358,19.189385474860327,14.434916201117307,1,26,,33.3,,,1991-2020_BASELINE_PENDING,PASS
185,ASOS,126.16283,33.29382,71.39,2024,359,359,19.710306406685234,15.207799442896924,4,54,,34.3,,,1991-2020_BASELINE_PENDING,PASS
185,ASOS,126.16283,33.29382,71.39,2025,358,358,19.328491620111738,14.508938547486036,4,50,,34,,,1991-2020_BASELINE_PENDING,PASS
188,ASOS,126.8802,33.38677,20.34,2021,358,358,19.955865921787716,13.714245810055875,0,27,,32,,,1991-2020_BASELINE_PENDING,PASS
188,ASOS,126.8802,33.38677,20.34,2022,358,358,19.43379888268158,13.104748603351961,5,31,,33.2,,,1991-2020_BASELINE_PENDING,PASS
188,ASOS,126.8802,33.38677,20.34,2023,358,358,20.155027932960884,13.563687150837984,0,32,,32,,,1991-2020_BASELINE_PENDING,PASS
188,ASOS,126.8802,33.38677,20.34,2024,359,359,20.56323119777158,14.386072423398314,2,58,,33.5,,,1991-2020_BASELINE_PENDING,PASS
188,ASOS,126.8802,33.38677,20.34,2025,357,357,20.116246498599466,13.47927170868347,6,48,,33.7,,,1991-2020_BASELINE_PENDING,PASS
189,ASOS,126.5653,33.24616,51.86,2021,358,358,20.31899441340781,14.936312849162022,0,31,,32.4,,,1991-2020_BASELINE_PENDING,PASS
189,ASOS,126.5653,33.24616,51.86,2022,358,358,20.028491620111726,14.73072625698325,1,47,,33.6,,,1991-2020_BASELINE_PENDING,PASS
189,ASOS,126.5653,33.24616,51.86,2023,358,358,20.451117318435763,15.103910614525134,3,41,,33.8,,,1991-2020_BASELINE_PENDING,PASS
189,ASOS,126.5653,33.24616,51.86,2024,359,359,21.397771587743733,15.731197771587752,18,67,,34.7,,,1991-2020_BASELINE_PENDING,PASS
189,ASOS,126.5653,33.24616,51.86,2025,358,358,21.378491620111728,15.132960893854753,16,77,,34,,,1991-2020_BASELINE_PENDING,PASS
192,ASOS,128.04004,35.16378,29.35,2021,357,357,20.2,8.882913165266103,9,3,,37.1,,,1991-2020_BASELINE_PENDING,PASS
192,ASOS,128.04004,35.16378,29.35,2022,355,355,20.09774647887325,8.375492957746484,12,13,,34.2,,,1991-2020_BASELINE_PENDING,PASS
192,ASOS,128.04004,35.16378,29.35,2023,358,358,20.421229050279326,9.177374301675973,12,4,,36.4,,,1991-2020_BASELINE_PENDING,PASS
192,ASOS,128.04004,35.16378,29.35,2024,359,359,20.856545961002805,10.165738161559878,36,23,,35.7,,,1991-2020_BASELINE_PENDING,PASS
192,ASOS,128.04004,35.16378,29.35,2025,358,358,19.837430167597777,8.875139664804466,29,4,,35.4,,,1991-2020_BASELINE_PENDING,PASS
201,ASOS,126.44634,37.70739,47.84,2021,358,358,17.027932960893857,7.9879888268156405,6,1,,34.2,,,1991-2020_BASELINE_PENDING,PASS
201,ASOS,126.44634,37.70739,47.84,2022,356,356,16.16488764044944,7.266573033707867,1,11,,34.1,,,1991-2020_BASELINE_PENDING,PASS
201,ASOS,126.44634,37.70739,47.84,2023,358,358,16.593296089385483,8.095810055865922,1,1,,33.1,,,1991-2020_BASELINE_PENDING,PASS
201,ASOS,126.44634,37.70739,47.84,2024,359,359,17.306128133704735,8.878551532033423,1,9,,33.2,,,1991-2020_BASELINE_PENDING,PASS
201,ASOS,126.44634,37.70739,47.84,2025,358,358,16.406424581005602,8.163687150837994,4,7,,34.9,,,1991-2020_BASELINE_PENDING,PASS
202,ASOS,127.49446,37.48863,47.26,2021,358,358,18.06005586592178,8.208938547486033,12,0,,34.6,,,1991-2020_BASELINE_PENDING,PASS
202,ASOS,127.49446,37.48863,47.26,2022,357,357,17.609803921568624,7.622689075630247,4,7,,33.4,,,1991-2020_BASELINE_PENDING,PASS
202,ASOS,127.49446,37.48863,47.26,2023,358,358,18.352234636871504,8.596368715083795,10,4,,34.3,,,1991-2020_BASELINE_PENDING,PASS
202,ASOS,127.49446,37.48863,47.26,2024,359,359,18.94679665738162,9.646796657381612,16,18,,34.8,,,1991-2020_BASELINE_PENDING,PASS
202,ASOS,127.49446,37.48863,47.26,2025,358,358,18.082960893854754,8.765921787709491,17,10,,35.6,,,1991-2020_BASELINE_PENDING,PASS
203,ASOS,127.48421,37.26399,80.09,2021,358,358,18.46396648044694,7.6522346368715075,19,1,,35.6,,,1991-2020_BASELINE_PENDING,PASS
203,ASOS,127.48421,37.26399,80.09,2022,358,358,18.106703910614527,6.9941340782123,9,11,,34.6,,,1991-2020_BASELINE_PENDING,PASS
203,ASOS,127.48421,37.26399,80.09,2023,358,358,18.78240223463687,8.040223463687152,19,3,,35.5,,,1991-2020_BASELINE_PENDING,PASS
203,ASOS,127.48421,37.26399,80.09,2024,359,359,19.386350974930355,9.114763231197774,27,15,,35.5,,,1991-2020_BASELINE_PENDING,PASS
203,ASOS,127.48421,37.26399,80.09,2025,358,358,18.58296089385476,8.335195530726265,23,11,,36,,,1991-2020_BASELINE_PENDING,PASS
211,ASOS,128.16714,38.05986,201.78,2021,358,358,17.367597765363136,6.628770949720666,17,0,,36.8,,,1991-2020_BASELINE_PENDING,PASS
211,ASOS,128.16714,38.05986,201.78,2022,358,358,16.973463687150836,5.906424581005577,6,0,,33.8,,,1991-2020_BASELINE_PENDING,PASS
211,ASOS,128.16714,38.05986,201.78,2023,358,358,17.841061452513987,6.871787709497208,16,0,,34.8,,,1991-2020_BASELINE_PENDING,PASS
211,ASOS,128.16714,38.05986,201.78,2024,359,359,18.210863509749302,7.829247910863507,20,9,,35.8,,,1991-2020_BASELINE_PENDING,PASS
211,ASOS,128.16714,38.05986,201.78,2025,357,357,16.8484593837535,6.598319327731094,8,2,,34.7,,,1991-2020_BASELINE_PENDING,PASS
212,ASOS,127.88043,37.6836,140.2,2021,358,358,17.920670391061456,6.824022346368715,16,0,,36.2,,,1991-2020_BASELINE_PENDING,PASS
212,ASOS,127.88043,37.6836,140.2,2022,358,358,17.36564245810056,6.019832402234629,7,2,,35,,,1991-2020_BASELINE_PENDING,PASS
212,ASOS,127.88043,37.6836,140.2,2023,358,358,18.151675977653646,7.206145251396638,17,1,,36.2,,,1991-2020_BASELINE_PENDING,PASS
212,ASOS,127.88043,37.6836,140.2,2024,359,359,18.810584958217273,8.202228412256265,22,7,,35.4,,,1991-2020_BASELINE_PENDING,PASS
212,ASOS,127.88043,37.6836,140.2,2025,352,352,18.182102272727278,7.667045454545456,22,1,,36.6,,,1991-2020_BASELINE_PENDING,PASS
216,ASOS,128.98929,37.17038,714.45,2021,358,358,14.560893854748612,5.118156424581005,0,0,,32.1,,,1991-2020_BASELINE_PENDING,PASS
216,ASOS,128.98929,37.17038,714.45,2022,358,358,14.556983240223465,4.187150837988821,0,0,,32.4,,,1991-2020_BASELINE_PENDING,PASS
216,ASOS,128.98929,37.17038,714.45,2023,357,357,15.470868347338923,5.069747899159662,0,0,,32.7,,,1991-2020_BASELINE_PENDING,PASS
216,ASOS,128.98929,37.17038,714.45,2024,359,359,16.13704735376046,5.8832869080779915,2,0,,33.3,,,1991-2020_BASELINE_PENDING,PASS
216,ASOS,128.98929,37.17038,714.45,2025,358,358,15.692458100558655,5.500837988826813,8,0,,34,,,1991-2020_BASELINE_PENDING,PASS
217,ASOS,128.6459,37.38149,307.58,2021,358,358,17.548324022346378,6.529050279329608,17,0,,35,,,1991-2020_BASELINE_PENDING,PASS
217,ASOS,128.6459,37.38149,307.58,2022,358,358,17.296648044692738,5.720670391061456,13,0,,35.5,,,1991-2020_BASELINE_PENDING,PASS
217,ASOS,128.6459,37.38149,307.58,2023,355,355,18.28507042253521,5.7980281690140885,23,0,,36.8,,,1991-2020_BASELINE_PENDING,PASS
217,ASOS,128.67348,37.37732,312,2024,359,359,18.984679665738177,6.806685236768802,42,2,,37.2,,,1991-2020_BASELINE_PENDING,PASS
217,ASOS,128.67348,37.37732,312,2025,354,354,18.063559322033885,6.033333333333334,36,1,,38.3,,,1991-2020_BASELINE_PENDING,PASS
221,ASOS,128.19433,37.15928,264.62,2021,358,358,17.08324022346368,5.988826815642455,6,0,,33.8,,,1991-2020_BASELINE_PENDING,PASS
221,ASOS,128.19433,37.15928,264.62,2022,358,358,16.647206703910623,4.9293296089385485,3,0,,33.7,,,1991-2020_BASELINE_PENDING,PASS
221,ASOS,128.19433,37.15928,264.62,2023,358,358,17.398324022346372,6.149162011173185,4,0,,33.5,,,1991-2020_BASELINE_PENDING,PASS
221,ASOS,128.19433,37.15928,264.62,2024,359,359,17.927019498607237,7.415320334261838,10,2,,34.5,,,1991-2020_BASELINE_PENDING,PASS
221,ASOS,128.19433,37.15928,264.62,2025,358,358,16.996648044692737,6.381564245810044,10,1,,35,,,1991-2020_BASELINE_PENDING,PASS
226,ASOS,127.73415,36.48761,171.31,2021,358,358,18.05698324022345,7.0533519553072646,6,0,,34.2,,,1991-2020_BASELINE_PENDING,PASS
226,ASOS,127.73415,36.48761,171.31,2022,358,358,17.562569832402247,6.352234636871503,4,1,,33.5,,,1991-2020_BASELINE_PENDING,PASS
226,ASOS,127.73415,36.48761,171.31,2023,358,358,18.36648044692737,7.502234636871508,7,1,,34.2,,,1991-2020_BASELINE_PENDING,PASS
226,ASOS,127.73415,36.48761,171.31,2024,358,358,18.793575418994408,8.724301675977658,12,3,,34.4,,,1991-2020_BASELINE_PENDING,PASS
226,ASOS,127.73415,36.48761,171.31,2025,358,358,18.115921787709492,7.634357541899435,10,1,,34.8,,,1991-2020_BASELINE_PENDING,PASS
232,ASOS,127.29282,36.76217,84.78,2021,358,358,18.20837988826815,7.5430167597765365,12,1,,34.2,,,1991-2020_BASELINE_PENDING,PASS
232,ASOS,127.29282,36.76217,84.78,2022,358,358,17.856703910614524,6.796648044692738,4,9,,33.8,,,1991-2020_BASELINE_PENDING,PASS
232,ASOS,127.29282,36.76217,84.78,2023,358,358,18.685754189944124,8.006145251396651,10,1,,34.4,,,1991-2020_BASELINE_PENDING,PASS
232,ASOS,127.29282,36.76217,84.78,2024,359,359,19.0707520891365,9.093314763231193,17,10,,34.9,,,1991-2020_BASELINE_PENDING,PASS
232,ASOS,127.29282,36.76217,84.78,2025,357,357,18.457422969187682,8.144537815126052,15,1,,35.3,,,1991-2020_BASELINE_PENDING,PASS
235,ASOS,126.55744,36.32724,9.98,2021,358,358,18.119553072625703,9.942458100558662,4,4,,33.6,,,1991-2020_BASELINE_PENDING,PASS
235,ASOS,126.55744,36.32724,9.98,2022,358,358,17.45335195530726,9.224022346368711,4,16,,34.5,,,1991-2020_BASELINE_PENDING,PASS
235,ASOS,126.55744,36.32724,9.98,2023,358,358,18.35865921787709,10.11731843575419,8,9,,34.7,,,1991-2020_BASELINE_PENDING,PASS
235,ASOS,126.55744,36.32724,9.98,2024,359,359,19.41448467966574,10.902506963788309,27,33,,36.8,,,1991-2020_BASELINE_PENDING,PASS
235,ASOS,126.55744,36.32724,9.98,2025,358,358,18.875418994413412,9.95111731843576,18,28,,36.5,,,1991-2020_BASELINE_PENDING,PASS
236,ASOS,126.92079,36.27242,13.42,2021,358,358,19.163687150837976,8.454189944134082,15,1,,34.8,,,1991-2020_BASELINE_PENDING,PASS
236,ASOS,126.92079,36.27242,13.42,2022,358,358,18.787150837988825,7.727094972067036,10,14,,34.4,,,1991-2020_BASELINE_PENDING,PASS
236,ASOS,126.92079,36.27242,13.42,2023,358,358,19.558379888268142,8.782960893854748,18,4,,35.8,,,1991-2020_BASELINE_PENDING,PASS
236,ASOS,126.92079,36.27242,13.42,2024,359,359,19.984679665738163,9.777994428969365,32,18,,35.6,,,1991-2020_BASELINE_PENDING,PASS
236,ASOS,126.92079,36.27242,13.42,2025,358,358,19.19972067039106,8.74385474860335,24,10,,36,,,1991-2020_BASELINE_PENDING,PASS
238,ASOS,127.48175,36.10563,170.17,2021,358,358,18.867039106145256,7.862849162011173,13,1,,34.8,,,1991-2020_BASELINE_PENDING,PASS
238,ASOS,127.48175,36.10563,170.17,2022,357,357,18.282913165266113,6.724929971988786,9,2,,33.7,,,1991-2020_BASELINE_PENDING,PASS
238,ASOS,127.48175,36.10563,170.17,2023,358,358,19.003631284916214,7.761731843575417,10,1,,35.1,,,1991-2020_BASELINE_PENDING,PASS
238,ASOS,127.48175,36.10563,170.17,2024,359,359,19.662952646239546,9.181058495821729,32,11,,36,,,1991-2020_BASELINE_PENDING,PASS
238,ASOS,127.48175,36.10563,170.17,2025,358,358,19.197206703910602,8.424581005586594,27,2,,35.9,,,1991-2020_BASELINE_PENDING,PASS
239,ASOS,127.24438,36.48522,89.5,2021,358,358,18.50642458100559,9.174581005586589,12,4,,34.2,,,1991-2020_BASELINE_PENDING,PASS
239,ASOS,127.24438,36.48522,89.5,2022,357,357,18.2403361344538,8.441176470588236,8,13,,34.1,,,1991-2020_BASELINE_PENDING,PASS
239,ASOS,127.24438,36.48522,89.5,2023,356,356,19.07528089887641,9.311235955056178,14,4,,34.9,,,1991-2020_BASELINE_PENDING,PASS
239,ASOS,127.24438,36.48522,89.5,2024,359,359,19.481058495821713,10.249025069637886,29,16,,35,,,1991-2020_BASELINE_PENDING,PASS
239,ASOS,127.24438,36.48522,89.5,2025,358,358,18.717318435754198,9.337988826815645,20,12,,35.6,,,1991-2020_BASELINE_PENDING,PASS
243,ASOS,126.71657,35.72961,12.2,2021,358,358,18.9745810055866,9.993296089385478,9,4,,34.4,,,1991-2020_BASELINE_PENDING,PASS
243,ASOS,126.71657,35.72961,12.2,2022,358,358,18.410614525139664,9.400837988826812,6,18,,35.4,,,1991-2020_BASELINE_PENDING,PASS
243,ASOS,126.71657,35.72961,12.2,2023,358,358,19.174581005586607,10.253351955307267,11,8,,34.9,,,1991-2020_BASELINE_PENDING,PASS
243,ASOS,126.71657,35.72961,12.2,2024,359,359,19.762952646239548,11.267966573816162,26,38,,35.6,,,1991-2020_BASELINE_PENDING,PASS
243,ASOS,126.71657,35.72961,12.2,2025,358,358,19.23882681564246,10.38100558659218,18,17,,35.4,,,1991-2020_BASELINE_PENDING,PASS
244,ASOS,127.28556,35.61203,247.04,2021,358,358,18.347765363128495,7.502234636871506,1,0,,33.5,,,1991-2020_BASELINE_PENDING,PASS
244,ASOS,127.28556,35.61203,247.04,2022,358,358,18.103072625698324,6.798324022346364,0,1,,32.9,,,1991-2020_BASELINE_PENDING,PASS
244,ASOS,127.28556,35.61203,247.04,2023,358,358,18.913407821229058,8.11396648044693,6,0,,34.4,,,1991-2020_BASELINE_PENDING,PASS
244,ASOS,127.28556,35.61203,247.04,2024,359,359,19.40334261838441,9.261002785515318,11,5,,34.5,,,1991-2020_BASELINE_PENDING,PASS
244,ASOS,127.28556,35.61203,247.04,2025,358,358,18.724301675977653,8.111173184357542,16,2,,34.6,,,1991-2020_BASELINE_PENDING,PASS
245,ASOS,126.83904,35.56333,68.7,2021,358,358,18.869832402234632,9.521787709497206,9,1,,34.4,,,1991-2020_BASELINE_PENDING,PASS
245,ASOS,126.83904,35.56333,68.7,2022,358,358,18.316759776536326,8.958938547486031,6,16,,34.6,,,1991-2020_BASELINE_PENDING,PASS
245,ASOS,126.83904,35.56333,68.7,2023,358,358,19.272346368715088,9.91480446927374,15,5,,35.1,,,1991-2020_BASELINE_PENDING,PASS
245,ASOS,126.83904,35.56333,68.7,2024,359,359,20.321169916434535,10.91364902506964,42,33,,36.7,,,1991-2020_BASELINE_PENDING,PASS
245,ASOS,126.83904,35.56333,68.7,2025,358,358,19.694972067039103,9.963407821229051,40,15,,37.2,,,1991-2020_BASELINE_PENDING,PASS
247,ASOS,127.39652,35.4213,133.49,2021,356,356,19.228932584269664,8.547471910112362,7,0,,34.4,,,1991-2020_BASELINE_PENDING,PASS
247,ASOS,127.39652,35.4213,133.49,2022,358,358,18.82122905027935,7.708659217877099,6,9,,34.1,,,1991-2020_BASELINE_PENDING,PASS
247,ASOS,127.39652,35.4213,133.49,2023,358,358,19.62849162011172,8.921229050279328,18,6,,36.2,,,1991-2020_BASELINE_PENDING,PASS
247,ASOS,127.39652,35.4213,133.49,2024,359,359,20.189136490250696,10.150417827298055,38,17,,35.5,,,1991-2020_BASELINE_PENDING,PASS
247,ASOS,127.39652,35.4213,133.49,2025,358,358,19.500837988826817,8.982402234636877,37,10,,36.2,,,1991-2020_BASELINE_PENDING,PASS
248,ASOS,127.52031,35.65696,406.87,2021,357,357,17.607843137254893,6.3910364145658285,1,0,,33.1,,,1991-2020_BASELINE_PENDING,PASS
248,ASOS,127.52031,35.65696,406.87,2022,358,358,17.302793296089387,5.451396648044695,0,3,,32.6,,,1991-2020_BASELINE_PENDING,PASS
248,ASOS,127.52031,35.65696,406.87,2023,358,358,17.975977653631265,6.668435754189948,4,0,,33.4,,,1991-2020_BASELINE_PENDING,PASS
248,ASOS,127.52031,35.65696,406.87,2024,359,359,18.39275766016712,7.942061281337048,1,2,,33.4,,,1991-2020_BASELINE_PENDING,PASS
248,ASOS,127.52031,35.65696,406.87,2025,358,358,17.695530726256987,6.816201117318438,6,1,,33.8,,,1991-2020_BASELINE_PENDING,PASS
251,ASOS,126.697,35.42661,58.84,2021,358,358,19.257821229050293,9.485195530726253,12,3,,35,,,1991-2020_BASELINE_PENDING,PASS
251,ASOS,126.697,35.42661,58.84,2022,358,358,18.766480446927382,8.767318435754197,7,18,,34.5,,,1991-2020_BASELINE_PENDING,PASS
251,ASOS,126.697,35.42661,58.84,2023,358,358,19.45055865921788,9.573743016759776,13,4,,35.5,,,1991-2020_BASELINE_PENDING,PASS
251,ASOS,126.697,35.42661,58.84,2024,359,359,20.04568245125347,10.595264623955424,31,27,,36.1,,,1991-2020_BASELINE_PENDING,PASS
251,ASOS,126.697,35.42661,58.84,2025,358,358,19.412011173184382,9.711452513966478,32,10,,36.4,,,1991-2020_BASELINE_PENDING,PASS
252,ASOS,126.47784,35.28366,37.2,2021,356,356,18.987921348314625,9.684831460674161,12,2,,34.8,,,1991-2020_BASELINE_PENDING,PASS
252,ASOS,126.47784,35.28366,37.2,2022,358,358,18.426536312849173,9.129329608938548,5,21,,34.6,,,1991-2020_BASELINE_PENDING,PASS
252,ASOS,126.47784,35.28366,37.2,2023,355,355,19.0261971830986,9.808450704225354,11,7,,34.7,,,1991-2020_BASELINE_PENDING,PASS
252,ASOS,126.47784,35.28366,37.2,2024,359,359,19.625348189415057,10.956267409470746,27,33,,35.7,,,1991-2020_BASELINE_PENDING,PASS
252,ASOS,126.47784,35.28366,37.2,2025,351,351,19.125356125356117,10.120227920227912,26,18,,35.2,,,1991-2020_BASELINE_PENDING,PASS
253,ASOS,128.89075,35.22981,54.59,2021,358,358,20.163128491620107,11.081843575418992,9,6,,37.5,,,1991-2020_BASELINE_PENDING,PASS
253,ASOS,128.89075,35.22981,54.59,2022,358,358,19.857541899441337,10.903631284916202,11,21,,34.5,,,1991-2020_BASELINE_PENDING,PASS
253,ASOS,128.89075,35.22981,54.59,2023,358,358,20.50893854748602,11.47960893854747,13,14,,35.5,,,1991-2020_BASELINE_PENDING,PASS
253,ASOS,128.89075,35.22981,54.59,2024,359,359,21.05821727019498,12.27465181058496,40,41,,36.7,,,1991-2020_BASELINE_PENDING,PASS
253,ASOS,128.89075,35.22981,54.59,2025,358,358,20.491061452513964,11.31312849162012,35,30,,36,,,1991-2020_BASELINE_PENDING,PASS
254,ASOS,127.1286,35.37131,129.38,2021,358,358,19.496648044692733,8.677374301675979,17,1,,35,,,1991-2020_BASELINE_PENDING,PASS
254,ASOS,127.1286,35.37131,129.38,2022,358,358,19.014525139664816,7.8854748603351945,13,15,,34.6,,,1991-2020_BASELINE_PENDING,PASS
254,ASOS,127.1286,35.37131,129.38,2023,358,358,19.579050279329614,8.796927374301676,16,1,,36.1,,,1991-2020_BASELINE_PENDING,PASS
254,ASOS,127.1286,35.37131,129.38,2024,359,359,20.134540389972134,10.011977715877434,37,16,,36.4,,,1991-2020_BASELINE_PENDING,PASS
254,ASOS,127.1286,35.37131,129.38,2025,358,358,19.336871508379893,8.829050279329612,34,5,,36.2,,,1991-2020_BASELINE_PENDING,PASS
255,ASOS,128.6726,35.22655,50.95,2021,356,356,20.726966292134843,11.632022471910105,16,16,,37.3,,,1991-2020_BASELINE_PENDING,PASS
255,ASOS,128.6726,35.22655,50.95,2022,358,358,20.281005586592176,11.332122905027939,18,28,,34.5,,,1991-2020_BASELINE_PENDING,PASS
255,ASOS,128.6726,35.22655,50.95,2023,358,358,20.839385474860343,12.090782122905033,21,34,,35.9,,,1991-2020_BASELINE_PENDING,PASS
255,ASOS,128.6726,35.22655,50.95,2024,359,359,21.512534818941504,13.053481894150423,49,59,,36.7,,,1991-2020_BASELINE_PENDING,PASS
255,ASOS,128.6726,35.22655,50.95,2025,358,358,20.92877094972067,12.144413407821224,49,45,,36.7,,,1991-2020_BASELINE_PENDING,PASS
257,ASOS,129.02009,35.30737,6.29,2021,358,358,20.635195530726264,11.078491620111732,17,11,,37.6,,,1991-2020_BASELINE_PENDING,PASS
257,ASOS,129.02009,35.30737,6.29,2022,357,357,20.756302521008383,10.948459383753507,18,23,,35.4,,,1991-2020_BASELINE_PENDING,PASS
257,ASOS,129.02009,35.30737,6.29,2023,357,357,21.296078431372536,11.672549019607844,23,24,,36.4,,,1991-2020_BASELINE_PENDING,PASS
257,ASOS,129.02009,35.30737,6.29,2024,359,359,21.770194986072433,12.603342618384406,53,56,,38.7,,,1991-2020_BASELINE_PENDING,PASS
257,ASOS,129.02009,35.30737,6.29,2025,356,356,20.897471910112365,11.305056179775276,44,32,,37.4,,,1991-2020_BASELINE_PENDING,PASS
258,ASOS,127.21226,34.76335,1.41,2021,358,358,20.121508379888255,10.485474860335197,3,6,,34.5,,,1991-2020_BASELINE_PENDING,PASS
258,ASOS,127.21226,34.76335,1.41,2022,358,358,19.8340782122905,10.09720670391061,2,21,,33.8,,,1991-2020_BASELINE_PENDING,PASS
258,ASOS,127.21226,34.76335,1.41,2023,358,358,20.132681564245797,10.528491620111724,9,9,,36.2,,,1991-2020_BASELINE_PENDING,PASS
258,ASOS,127.21226,34.76335,1.41,2024,359,359,20.606963788300828,11.636211699164337,31,33,,36,,,1991-2020_BASELINE_PENDING,PASS
258,ASOS,127.21226,34.76335,1.41,2025,358,358,20.124581005586602,10.431843575418993,24,11,,34.4,,,1991-2020_BASELINE_PENDING,PASS
259,ASOS,126.76715,34.6289,9.95,2021,358,358,20.075418994413404,10.31703910614525,5,8,,34.6,,,1991-2020_BASELINE_PENDING,PASS
259,ASOS,126.78408,34.64457,16.19,2022,358,358,19.87430167597765,9.847486033519552,7,22,,34.8,,,1991-2020_BASELINE_PENDING,PASS
259,ASOS,126.78408,34.64457,16.19,2023,358,358,20.21480446927375,10.399441340782133,13,11,,36.1,,,1991-2020_BASELINE_PENDING,PASS
259,ASOS,126.78408,34.64457,16.19,2024,357,357,20.652380952380955,11.408403361344536,39,30,,36.1,,,1991-2020_BASELINE_PENDING,PASS
259,ASOS,126.78408,34.64457,16.19,2025,351,351,20.43333333333333,10.572649572649576,37,16,,35.5,,,1991-2020_BASELINE_PENDING,PASS
260,ASOS,126.91951,34.68886,43.99,2021,358,358,19.667318435754183,9.47513966480447,3,4,,33.9,,,1991-2020_BASELINE_PENDING,PASS
260,ASOS,126.91951,34.68886,43.99,2022,358,358,19.503351955307256,8.903910614525143,3,16,,33.3,,,1991-2020_BASELINE_PENDING,PASS
260,ASOS,126.91951,34.68886,43.99,2023,358,358,19.93351955307264,9.537150837988825,6,6,,35.2,,,1991-2020_BASELINE_PENDING,PASS
260,ASOS,126.91951,34.68886,43.99,2024,359,359,20.456824512534833,10.791364902506965,28,20,,35.3,,,1991-2020_BASELINE_PENDING,PASS
260,ASOS,126.91951,34.68886,43.99,2025,357,357,19.978151260504223,9.623529411764707,29,11,,35.4,,,1991-2020_BASELINE_PENDING,PASS
261,ASOS,126.56907,34.55375,16.36,2021,358,358,19.33324022346367,9.123184357541898,4,2,,34,,,1991-2020_BASELINE_PENDING,PASS
261,ASOS,126.56907,34.55375,16.36,2022,353,353,18.807932011331456,8.729461756373933,3,22,,33.7,,,1991-2020_BASELINE_PENDING,PASS
261,ASOS,126.56907,34.55375,16.36,2023,352,352,19.59545454545454,9.886079545454546,9,10,,35.2,,,1991-2020_BASELINE_PENDING,PASS
261,ASOS,126.56907,34.55375,16.36,2024,359,359,20.315877437325895,11.227298050139279,29,29,,34.7,,,1991-2020_BASELINE_PENDING,PASS
261,ASOS,126.56907,34.55375,16.36,2025,358,358,19.79692737430167,9.932960893854744,22,15,,35.1,,,1991-2020_BASELINE_PENDING,PASS
262,ASOS,127.27572,34.61826,51.91,2021,358,358,19.480167597765362,9.725139664804466,3,3,,34,,,1991-2020_BASELINE_PENDING,PASS
262,ASOS,127.27572,34.61826,51.91,2022,358,358,18.981284916201112,9.202793296089386,0,8,,32.8,,,1991-2020_BASELINE_PENDING,PASS
262,ASOS,127.27572,34.61826,51.91,2023,358,358,19.59748603351956,10.04860335195531,3,1,,34.3,,,1991-2020_BASELINE_PENDING,PASS
262,ASOS,127.27572,34.61826,51.91,2024,359,359,20.986072423398348,11.254317548746517,37,25,,36.2,,,1991-2020_BASELINE_PENDING,PASS
262,ASOS,127.27572,34.61826,51.91,2025,358,358,20.447765363128486,9.75837988826816,37,10,,36.8,,,1991-2020_BASELINE_PENDING,PASS
263,ASOS,128.28812,35.32258,14.1,2021,358,358,21.19972067039107,8.648603351955305,22,2,,38.2,,,1991-2020_BASELINE_PENDING,PASS
263,ASOS,128.28812,35.32258,14.1,2022,358,358,20.936312849162032,7.897765363128494,26,20,,36.5,,,1991-2020_BASELINE_PENDING,PASS
263,ASOS,128.28812,35.32258,14.1,2023,352,352,21.290624999999995,8.97329545454546,24,7,,37.5,,,1991-2020_BASELINE_PENDING,PASS
263,ASOS,128.28812,35.32258,14.1,2024,358,358,21.95111731843575,10.228491620111734,55,38,,37.2,,,1991-2020_BASELINE_PENDING,PASS
263,ASOS,128.28812,35.32258,14.1,2025,354,354,20.398587570621473,8.406779661016946,34,2,,36.5,,,1991-2020_BASELINE_PENDING,PASS
264,ASOS,127.74538,35.51138,152.07,2021,357,357,19.8047619047619,7.93333333333333,12,0,,35.8,,,1991-2020_BASELINE_PENDING,PASS
264,ASOS,127.74538,35.51138,152.07,2022,358,358,19.862569832402222,7.201396648044684,14,0,,34.4,,,1991-2020_BASELINE_PENDING,PASS
264,ASOS,127.74538,35.51138,152.07,2023,357,357,20.34929971988793,8.180112044817927,23,1,,37,,,1991-2020_BASELINE_PENDING,PASS
264,ASOS,127.74538,35.51138,152.07,2024,357,357,20.585154061624653,9.473109243697479,47,10,,36.2,,,1991-2020_BASELINE_PENDING,PASS
264,ASOS,127.74538,35.51138,152.07,2025,356,356,19.89831460674156,8.390449438202248,40,3,,37.1,,,1991-2020_BASELINE_PENDING,PASS
266,ASOS,127.6914,34.9434,88.21,2021,358,358,20.151675977653635,11.717597765363125,7,15,,35.6,,,1991-2020_BASELINE_PENDING,PASS
266,ASOS,127.6914,34.9434,88.21,2022,358,358,20.262011173184362,11.172346368715084,10,21,,33.6,,,1991-2020_BASELINE_PENDING,PASS
266,ASOS,127.6914,34.9434,88.21,2023,358,358,20.4927374301676,11.532681564245816,11,12,,36.1,,,1991-2020_BASELINE_PENDING,PASS
266,ASOS,127.6914,34.9434,88.21,2024,359,359,21.03259052924792,12.330919220055716,39,42,,36.3,,,1991-2020_BASELINE_PENDING,PASS
266,ASOS,127.6914,34.9434,88.21,2025,358,358,20.45977653631284,11.437150837988831,34,27,,36.1,,,1991-2020_BASELINE_PENDING,PASS
268,ASOS,126.25846,34.47296,9.82,2021,350,350,18.896,10.399714285714285,0,5,,32.9,,,1991-2020_BASELINE_PENDING,PASS
268,ASOS,126.25846,34.47296,9.82,2022,351,351,18.429629629629638,10.152421652421653,0,17,,32.2,,,1991-2020_BASELINE_PENDING,PASS
268,ASOS,126.25846,34.47296,9.82,2023,356,356,18.928370786516872,10.557303370786515,4,6,,34.3,,,1991-2020_BASELINE_PENDING,PASS
268,ASOS,126.25846,34.47296,9.82,2024,359,359,19.536211699164344,11.722841225626734,10,28,,34.3,,,1991-2020_BASELINE_PENDING,PASS
268,ASOS,126.25846,34.47296,9.82,2025,358,358,18.939385474860327,10.613966480446928,7,15,,34.4,,,1991-2020_BASELINE_PENDING,PASS
271,ASOS,128.91449,36.94361,324.67,2021,358,358,15.781843575419003,4.9687150837988865,0,0,,30.9,,,1991-2020_BASELINE_PENDING,PASS
271,ASOS,128.91449,36.94361,324.67,2022,358,358,16.901396648044706,5.294972067039111,1,0,,33,,,1991-2020_BASELINE_PENDING,PASS
271,ASOS,128.91449,36.94361,324.67,2023,358,358,17.633798882681567,6.397765363128494,0,0,,32.6,,,1991-2020_BASELINE_PENDING,PASS
271,ASOS,128.91449,36.94361,324.67,2024,357,357,18.259943977591035,7.8380952380952476,2,0,,33.2,,,1991-2020_BASELINE_PENDING,PASS
271,ASOS,128.91449,36.94361,324.67,2025,358,358,17.4754189944134,5.499441340782129,17,0,,34.5,,,1991-2020_BASELINE_PENDING,PASS
272,ASOS,128.51687,36.87183,211.32,2021,358,358,17.49748603351956,7.014245810055871,6,0,,34.1,,,1991-2020_BASELINE_PENDING,PASS
272,ASOS,128.51687,36.87183,211.32,2022,358,358,17.424301675977645,6.60893854748604,7,0,,34.5,,,1991-2020_BASELINE_PENDING,PASS
272,ASOS,128.51687,36.87183,211.32,2023,358,358,18.034636871508386,7.265083798882681,7,0,,34.5,,,1991-2020_BASELINE_PENDING,PASS
272,ASOS,128.51687,36.87183,211.32,2024,359,359,18.510027855153208,8.652089136490252,13,1,,34.8,,,1991-2020_BASELINE_PENDING,PASS
272,ASOS,128.51687,36.87183,211.32,2025,358,358,17.789106145251406,7.666201117318439,19,1,,35.6,,,1991-2020_BASELINE_PENDING,PASS
273,ASOS,128.14879,36.62727,173.01,2021,358,358,17.928491620111746,7.872905027932953,6,0,,33.8,,,1991-2020_BASELINE_PENDING,PASS
273,ASOS,128.14879,36.62727,173.01,2022,358,358,17.981843575418996,7.573463687150846,9,2,,34.6,,,1991-2020_BASELINE_PENDING,PASS
273,ASOS,128.14879,36.62727,173.01,2023,358,358,18.662849162011188,8.284078212290494,8,0,,34.9,,,1991-2020_BASELINE_PENDING,PASS
273,ASOS,128.14879,36.62727,173.01,2024,359,359,18.988857938718667,9.443175487465183,15,4,,35.1,,,1991-2020_BASELINE_PENDING,PASS
273,ASOS,128.14879,36.62727,173.01,2025,358,358,18.416759776536306,8.51508379888268,26,1,,35.5,,,1991-2020_BASELINE_PENDING,PASS
276,ASOS,129.04005,36.4351,208.65,2021,358,358,18.402793296089385,6.0354748603351895,13,0,,36.3,,,1991-2020_BASELINE_PENDING,PASS
276,ASOS,129.04005,36.4351,208.65,2022,358,358,18.554189944134077,5.018994413407817,15,1,,36.2,,,1991-2020_BASELINE_PENDING,PASS
276,ASOS,129.04005,36.4351,208.65,2023,358,358,19.234078212290484,6.0500000000000025,18,0,,35.8,,,1991-2020_BASELINE_PENDING,PASS
276,ASOS,129.04005,36.4351,208.65,2024,359,359,19.610863509749297,7.409749303621171,42,1,,36.4,,,1991-2020_BASELINE_PENDING,PASS
276,ASOS,129.04005,36.4351,208.65,2025,358,358,19.211731843575425,6.560614525139667,47,0,,37.4,,,1991-2020_BASELINE_PENDING,PASS
277,ASOS,129.40926,36.53337,40.71,2021,358,358,18.21843575418993,9.33435754189945,3,0,,33.8,,,1991-2020_BASELINE_PENDING,PASS
277,ASOS,129.40926,36.53337,40.71,2022,358,358,18.39916201117319,9.154189944134078,9,6,,36,,,1991-2020_BASELINE_PENDING,PASS
277,ASOS,129.40926,36.53337,40.71,2023,356,356,18.69382022471909,9.90926966292135,2,1,,34.6,,,1991-2020_BASELINE_PENDING,PASS
277,ASOS,129.40926,36.53337,40.71,2024,358,358,19.009776536312838,10.507262569832399,15,15,,36,,,1991-2020_BASELINE_PENDING,PASS
277,ASOS,129.40926,36.53337,40.71,2025,358,358,18.901955307262586,9.91648044692737,30,11,,36.6,,,1991-2020_BASELINE_PENDING,PASS
278,ASOS,128.68864,36.3561,81.44,2021,358,358,19.389385474860322,6.64106145251397,20,0,,37,,,1991-2020_BASELINE_PENDING,PASS
278,ASOS,128.68864,36.3561,81.44,2022,358,358,19.428491620111743,5.924022346368723,21,3,,36.7,,,1991-2020_BASELINE_PENDING,PASS
278,ASOS,128.68864,36.3561,81.44,2023,358,358,20.006424581005575,7.033798882681568,20,0,,36.7,,,1991-2020_BASELINE_PENDING,PASS
278,ASOS,128.68864,36.3561,81.44,2024,359,359,20.457103064066832,8.331476323119775,51,7,,36.6,,,1991-2020_BASELINE_PENDING,PASS
278,ASOS,128.68864,36.3561,81.44,2025,358,358,19.929050279329605,7.422625698324014,48,2,,38,,,1991-2020_BASELINE_PENDING,PASS
279,ASOS,128.32055,36.13055,49.17,2021,358,358,19.55446927374302,9.222067039106149,14,0,,35.2,,,1991-2020_BASELINE_PENDING,PASS
279,ASOS,128.32055,36.13055,49.17,2022,358,358,19.526256983240224,8.963966480446931,18,9,,35.6,,,1991-2020_BASELINE_PENDING,PASS
279,ASOS,128.32055,36.13055,49.17,2023,358,358,19.942178770949724,9.592178770949726,18,6,,35.5,,,1991-2020_BASELINE_PENDING,PASS
279,ASOS,128.32055,36.13055,49.17,2024,359,359,20.430083565459622,10.641504178272974,40,14,,36.4,,,1991-2020_BASELINE_PENDING,PASS
279,ASOS,128.32055,36.13055,49.17,2025,357,357,20.344537815126046,9.38459383753501,47,10,,38,,,1991-2020_BASELINE_PENDING,PASS
281,ASOS,128.9514,35.97742,96.12,2021,358,358,19.095251396648038,8.262290502793297,9,0,,36,,,1991-2020_BASELINE_PENDING,PASS
281,ASOS,128.9514,35.97742,96.12,2022,358,358,19.18240223463689,7.846368715083792,9,8,,35.3,,,1991-2020_BASELINE_PENDING,PASS
281,ASOS,128.9514,35.97742,96.12,2023,358,358,19.685195530726247,8.633519553072627,14,0,,35.7,,,1991-2020_BASELINE_PENDING,PASS
281,ASOS,128.9514,35.97742,96.12,2024,359,359,20.109749303621186,9.854038997214486,37,16,,35.9,,,1991-2020_BASELINE_PENDING,PASS
281,ASOS,128.9514,35.97742,96.12,2025,358,358,19.67067039106145,8.860614525139662,38,7,,36.2,,,1991-2020_BASELINE_PENDING,PASS
283,ASOS,129.20123,35.81747,40.13,2021,358,358,19.811731843575423,8.871787709497212,14,1,,36.5,,,1991-2020_BASELINE_PENDING,PASS
283,ASOS,129.20123,35.81747,40.13,2022,358,358,20.154189944134075,8.465642458100561,31,14,,37,,,1991-2020_BASELINE_PENDING,PASS
283,ASOS,129.20123,35.81747,40.13,2023,357,357,20.59579831932773,9.198319327731095,25,6,,37.2,,,1991-2020_BASELINE_PENDING,PASS
283,ASOS,129.20123,35.81747,40.13,2024,358,358,20.903631284916198,10.409497206703907,53,23,,38.5,,,1991-2020_BASELINE_PENDING,PASS
283,ASOS,129.20123,35.81747,40.13,2025,358,358,20.389385474860333,9.4463687150838,47,11,,37.4,,,1991-2020_BASELINE_PENDING,PASS
284,ASOS,127.9099,35.66739,228.45,2021,358,358,19.09385474860336,7.532681564245813,7,0,,34.4,,,1991-2020_BASELINE_PENDING,PASS
284,ASOS,127.9099,35.66739,228.45,2022,358,358,19.19804469273745,6.802793296089393,9,1,,34.8,,,1991-2020_BASELINE_PENDING,PASS
284,ASOS,127.9099,35.66739,228.45,2023,357,357,19.49579831932774,7.56918767507003,7,0,,33.9,,,1991-2020_BASELINE_PENDING,PASS
284,ASOS,127.9099,35.66739,228.45,2024,359,359,19.52228412256267,8.517548746518111,21,1,,34.7,,,1991-2020_BASELINE_PENDING,PASS
284,ASOS,127.9099,35.66739,228.45,2025,355,355,19.471830985915496,7.62000000000001,32,2,,36.2,,,1991-2020_BASELINE_PENDING,PASS
285,ASOS,128.16994,35.56505,26.72,2021,358,358,20.098324022346368,8.73044692737431,13,0,,36.1,,,1991-2020_BASELINE_PENDING,PASS
285,ASOS,128.16994,35.56505,26.72,2022,358,358,20.17402234636871,8.181564245810057,20,7,,34.9,,,1991-2020_BASELINE_PENDING,PASS
285,ASOS,128.16994,35.56505,26.72,2023,358,358,20.600558659217874,9.180726256983242,14,2,,36.1,,,1991-2020_BASELINE_PENDING,PASS
285,ASOS,128.16994,35.56505,26.72,2024,359,359,21.25236768802228,10.488579387186629,48,30,,37.2,,,1991-2020_BASELINE_PENDING,PASS
285,ASOS,128.16994,35.56505,26.72,2025,358,358,20.694413407821216,9.382122905027941,41,8,,37.3,,,1991-2020_BASELINE_PENDING,PASS
288,ASOS,128.74412,35.49147,8.31,2021,358,358,20.584636871508373,9.46871508379889,21,2,,37.6,,,1991-2020_BASELINE_PENDING,PASS
288,ASOS,128.74412,35.49147,8.31,2022,358,358,20.649162011173182,9.269832402234636,26,22,,35.6,,,1991-2020_BASELINE_PENDING,PASS
288,ASOS,128.74412,35.49147,8.31,2023,357,357,20.913445378151263,10.008683473389357,20,13,,37.1,,,1991-2020_BASELINE_PENDING,PASS
288,ASOS,128.74412,35.49147,8.31,2024,359,359,21.442618384401115,11.100278551532035,53,34,,37.6,,,1991-2020_BASELINE_PENDING,PASS
288,ASOS,128.74412,35.49147,8.31,2025,358,358,21.112290502793282,9.964525139664804,49,26,,38.3,,,1991-2020_BASELINE_PENDING,PASS
289,ASOS,127.8791,35.413,138.22,2021,358,358,19.572905027932965,8.597206703910613,9,0,,36,,,1991-2020_BASELINE_PENDING,PASS
289,ASOS,127.8791,35.413,138.22,2022,358,358,19.51173184357543,8.123743016759772,11,3,,35,,,1991-2020_BASELINE_PENDING,PASS
289,ASOS,127.8791,35.413,138.22,2023,358,358,19.909776536312858,8.842458100558662,12,4,,35.9,,,1991-2020_BASELINE_PENDING,PASS
289,ASOS,127.8791,35.413,138.22,2024,359,359,20.331754874651807,10.025069637883002,37,14,,36,,,1991-2020_BASELINE_PENDING,PASS
289,ASOS,127.8791,35.413,138.22,2025,356,356,19.633707865168542,8.938764044943825,33,3,,36.4,,,1991-2020_BASELINE_PENDING,PASS
294,ASOS,128.60459,34.88818,44.83,2021,358,358,19.14301675977652,11.684916201117318,2,11,,33.6,,,1991-2020_BASELINE_PENDING,PASS
294,ASOS,128.60459,34.88818,44.83,2022,358,358,18.8064245810056,11.298882681564248,0,16,,31.9,,,1991-2020_BASELINE_PENDING,PASS
294,ASOS,128.60459,34.88818,44.83,2023,358,358,19.253631284916203,11.770949720670403,5,7,,33.5,,,1991-2020_BASELINE_PENDING,PASS
294,ASOS,128.60459,34.88818,44.83,2024,359,359,19.866852367688026,12.532590529247923,8,37,,34.4,,,1991-2020_BASELINE_PENDING,PASS
294,ASOS,128.60459,34.88818,44.83,2025,358,358,19.05949720670391,11.690223463687152,4,21,,34.3,,,1991-2020_BASELINE_PENDING,PASS
295,ASOS,127.92641,34.81662,45.71,2021,358,358,19.53854748603352,11.385754189944135,4,5,,35.1,,,1991-2020_BASELINE_PENDING,PASS
295,ASOS,127.92641,34.81662,45.71,2022,358,358,19.197486033519546,11.041340782122896,1,19,,33.7,,,1991-2020_BASELINE_PENDING,PASS
295,ASOS,127.92641,34.81662,45.71,2023,358,358,19.591620111731846,11.654469273743022,8,9,,34.6,,,1991-2020_BASELINE_PENDING,PASS
295,ASOS,127.92641,34.81662,45.71,2024,359,359,20.115877437325928,12.570752089136501,19,43,,34.9,,,1991-2020_BASELINE_PENDING,PASS
295,ASOS,127.92641,34.81662,45.71,2025,358,358,19.54916201117319,11.605027932960898,12,10,,34.3,,,1991-2020_BASELINE_PENDING,PASS
296,ASOS,128.96024,35.21778,3,2023,349,349,20.878796561604567,10.96733524355301,12,17,,35.6,,,1991-2020_BASELINE_PENDING,PASS
296,ASOS,128.96024,35.21778,3,2024,359,359,21.37019498607242,11.803621169916434,38,42,,36.7,,,1991-2020_BASELINE_PENDING,PASS
296,ASOS,128.96024,35.21778,3,2025,358,358,20.718715083798877,10.638547486033517,38,27,,36.3,,,1991-2020_BASELINE_PENDING,PASS
92,AWS,128.66298,38.05903,20111000,2021,365,365,16.43123287671233,9.829863013698631,0,2,,32.3,,,1991-2020_BASELINE_PENDING,PASS
92,AWS,128.66298,38.05903,20111000,2022,364,364,16.53516483516485,9.656318681318677,4,7,,34,,,1991-2020_BASELINE_PENDING,PASS
92,AWS,128.66298,38.05903,20111000,2023,365,365,17.146301369863014,10.454520547945204,7,12,,36.1,,,1991-2020_BASELINE_PENDING,PASS
92,AWS,128.66298,38.05903,20111000,2024,91,91,6.531868131868132,0.17802197802197786,0,0,,18.9,,,1991-2020_BASELINE_PENDING,INSUFFICIENT_DAYS
96,AWS,131.86983,37.23952,1111100,2021,364,364,16.415934065934064,13.14120879120879,0,21,,31.2,,,1991-2020_BASELINE_PENDING,PASS
96,AWS,131.86983,37.23952,1111100,2022,357,357,15.734453781512611,12.501400560224084,0,16,,31.2,,,1991-2020_BASELINE_PENDING,PASS
96,AWS,131.86983,37.23952,1111100,2023,365,365,17.007397260273983,13.84082191780822,0,31,,31.6,,,1991-2020_BASELINE_PENDING,PASS
96,AWS,131.86983,37.23952,1111100,2024,91,91,7.884615384615386,4.187912087912089,0,0,,13.8,,,1991-2020_BASELINE_PENDING,INSUFFICIENT_DAYS
110,AWS,126.79451,37.55891,20111000,2021,365,365,18.409041095890405,8.164931506849316,19,10,,36.1,,,1991-2020_BASELINE_PENDING,PASS
110,AWS,126.79451,37.55891,20111000,2022,364,364,17.864010989010982,7.4129120879120824,8,15,,35.8,,,1991-2020_BASELINE_PENDING,PASS
110,AWS,126.79451,37.55891,20111000,2023,364,364,18.57115384615385,8.496703296703298,21,10,,35.7,,,1991-2020_BASELINE_PENDING,PASS
110,AWS,126.79451,37.55891,20111000,2024,91,91,7.643956043956045,-2.1945054945054947,0,0,,22.7,,,1991-2020_BASELINE_PENDING,INSUFFICIENT_DAYS
113,AWS,126.44087,37.4625,20111000,2021,365,365,17.181643835616434,9.590958904109597,5,14,,34.3,,,1991-2020_BASELINE_PENDING,PASS
113,AWS,126.44087,37.4625,20111000,2022,364,364,16.215659340659336,9.180494505494497,2,13,,35,,,1991-2020_BASELINE_PENDING,PASS
113,AWS,126.44087,37.4625,20111000,2023,365,365,17.030958904109585,9.909041095890412,2,18,,35.1,,,1991-2020_BASELINE_PENDING,PASS
113,AWS,126.44087,37.4625,20111000,2024,91,91,6.572527472527471,-0.7824175824175827,0,0,,20.5,,,1991-2020_BASELINE_PENDING,INSUFFICIENT_DAYS
116,AWS,126.96402,37.44526,1111000,2021,363,363,13.557851239669434,6.934986225895317,0,0,,31.8,,,1991-2020_BASELINE_PENDING,PASS
116,AWS,126.96402,37.44526,1111000,2022,364,364,13.023351648351648,6.580769230769232,0,0,,30.5,,,1991-2020_BASELINE_PENDING,PASS
116,AWS,126.96402,37.44526,1111000,2023,359,359,14.588579387186636,8.093036211699163,0,0,,32.4,,,1991-2020_BASELINE_PENDING,PASS
116,AWS,126.96402,37.44526,1111000,2024,91,91,2.856043956043957,-3.2747252747252746,0,0,,18.3,,,1991-2020_BASELINE_PENDING,INSUFFICIENT_DAYS
128,AWS,127.5,36.71666667,20111000,2021,359,359,18.64345403899722,7.107520891364895,17,3,,35.9,,,1991-2020_BASELINE_PENDING,PASS
128,AWS,127.5,36.71666667,20111000,2022,348,348,18.07011494252873,6.157471264367815,12,11,,34.7,,,1991-2020_BASELINE_PENDING,PASS
128,AWS,127.5,36.71666667,20111000,2023,365,365,19.220273972602747,7.758082191780818,22,4,,35.9,,,1991-2020_BASELINE_PENDING,PASS
128,AWS,127.5,36.71666667,20111000,2024,85,85,7.5482352941176485,-2.777647058823528,0,0,,19.6,,,1991-2020_BASELINE_PENDING,INSUFFICIENT_DAYS
142,AWS,128.66111111,35.89083333,20111000,2021,359,359,20.15403899721448,9.498607242339835,24,7,,37,,,1991-2020_BASELINE_PENDING,PASS
142,AWS,128.66111111,35.89083333,20111000,2022,361,361,20.47340720221606,9.412465373961222,34,26,,37.1,,,1991-2020_BASELINE_PENDING,PASS
142,AWS,128.66111111,35.89083333,20111000,2023,363,363,20.656473829201094,9.810743801652885,29,14,,38.1,,,1991-2020_BASELINE_PENDING,PASS
142,AWS,128.66111111,35.89083333,20111000,2024,87,87,9.925287356321837,-0.24022988505747075,0,0,,21.2,,,1991-2020_BASELINE_PENDING,INSUFFICIENT_DAYS
151,AWS,129.35222222,35.59333333,20111000,2021,365,365,19.584657534246578,9.265753424657532,7,1,,34.2,,,1991-2020_BASELINE_PENDING,PASS
151,AWS,129.35222222,35.59333333,20111000,2022,364,364,19.614835164835185,8.907142857142862,11,19,,35.9,,,1991-2020_BASELINE_PENDING,PASS
151,AWS,129.35222222,35.59333333,20111000,2023,365,365,20.11260273972602,9.561095890410957,10,7,,35,,,1991-2020_BASELINE_PENDING,PASS
151,AWS,129.35222222,35.59333333,20111000,2024,91,91,10.705494505494503,0.5802197802197804,0,0,,24.1,,,1991-2020_BASELINE_PENDING,INSUFFICIENT_DAYS
153,AWS,128.93444444,35.16916667,20111000,2021,356,356,20.759269662921348,11.490449438202248,17,23,,37.5,,,1991-2020_BASELINE_PENDING,PASS
153,AWS,128.93444444,35.16916667,20111000,2022,357,357,20.659103641456575,11.23361344537815,15,31,,34.7,,,1991-2020_BASELINE_PENDING,PASS
153,AWS,128.93444444,35.16916667,20111000,2023,365,365,20.201643835616434,10.989863013698631,12,16,,35.5,,,1991-2020_BASELINE_PENDING,PASS
153,AWS,128.93444444,35.16916667,20111000,2024,85,85,9.991764705882353,0.6941176470588236,0,0,,20.4,,,1991-2020_BASELINE_PENDING,INSUFFICIENT_DAYS
158,AWS,126.81166666,35.125,20111000,2021,359,359,20.30724233983286,9.0757660167131,21,4,,37,,,1991-2020_BASELINE_PENDING,PASS
158,AWS,126.81166666,35.125,20111000,2022,350,350,19.685428571428556,8.17028571428571,14,18,,35.7,,,1991-2020_BASELINE_PENDING,PASS
158,AWS,126.81166666,35.125,20111000,2023,365,365,20.401369863013706,9.409041095890414,25,10,,37.2,,,1991-2020_BASELINE_PENDING,PASS
158,AWS,126.81166666,35.125,20111000,2024,86,86,9.898837209302327,-0.2000000000000002,0,0,,21.6,,,1991-2020_BASELINE_PENDING,INSUFFICIENT_DAYS
160,AWS,128.99993,35.11885,1111000,2021,361,361,15.234072022160674,9.532963988919668,0,0,,30.3,,,1991-2020_BASELINE_PENDING,PASS
160,AWS,128.99993,35.11885,1111000,2022,365,365,15.06383561643837,9.379726027397265,0,0,,28.9,,,1991-2020_BASELINE_PENDING,PASS
160,AWS,128.99993,35.11885,1111000,2023,363,363,15.695316804407716,10.004683195592293,0,0,,30.3,,,1991-2020_BASELINE_PENDING,PASS
160,AWS,128.99993,35.11885,1111000,2024,91,91,6.87032967032967,0.6373626373626375,0,0,,16.9,,,1991-2020_BASELINE_PENDING,INSUFFICIENT_DAYS
161,AWS,128.06666666,35.08333333,20111000,2021,359,359,20.24512534818941,8.590250696378824,18,4,,36.6,,,1991-2020_BASELINE_PENDING,PASS
161,AWS,128.06666666,35.08333333,20111000,2022,351,351,19.96809116809116,7.597150997150989,8,20,,34.4,,,1991-2020_BASELINE_PENDING,PASS
161,AWS,128.06666666,35.08333333,20111000,2023,363,363,20.675206611570225,9.079063360881547,14,9,,37.2,,,1991-2020_BASELINE_PENDING,PASS
161,AWS,128.06666666,35.08333333,20111000,2024,89,89,10.604494382022471,-1.0325842696629215,0,0,,22.3,,,1991-2020_BASELINE_PENDING,INSUFFICIENT_DAYS
163,AWS,126.38305555,34.99138888,20111000,2021,365,365,18.963561643835607,10.846301369863014,6,7,,33.6,,,1991-2020_BASELINE_PENDING,PASS
163,AWS,126.38305555,34.99138888,20111000,2022,364,364,18.313461538461528,10.201923076923075,4,26,,34.2,,,1991-2020_BASELINE_PENDING,PASS
163,AWS,126.38305555,34.99138888,20111000,2023,365,365,18.84849315068492,10.839726027397258,9,17,,34.6,,,1991-2020_BASELINE_PENDING,PASS
163,AWS,126.38305555,34.99138888,20111000,2024,91,91,9.17032967032967,1.6637362637362638,0,0,,19.2,,,1991-2020_BASELINE_PENDING,INSUFFICIENT_DAYS
167,AWS,127.6125,34.84666667,20111000,2021,365,365,20.13123287671232,11.324383561643828,7,16,,36.8,,,1991-2020_BASELINE_PENDING,PASS
167,AWS,127.6125,34.84666667,20111000,2022,364,364,20.13598901098902,11.141758241758248,11,27,,33.7,,,1991-2020_BASELINE_PENDING,PASS
167,AWS,127.6125,34.84666667,20111000,2023,365,365,20.5095890410959,11.431232876712327,13,15,,36.1,,,1991-2020_BASELINE_PENDING,PASS
167,AWS,127.6125,34.84666667,20111000,2024,91,91,11.048351648351648,2.410989010989011,0,0,,21.9,,,1991-2020_BASELINE_PENDING,INSUFFICIENT_DAYS
175,AWS,126.3238,34.47211,1111000,2021,360,360,16.173888888888893,9.912777777777775,0,0,,29,,,1991-2020_BASELINE_PENDING,PASS
175,AWS,126.3238,34.47211,1111000,2022,364,364,15.698076923076929,9.464835164835165,0,0,,28.4,,,1991-2020_BASELINE_PENDING,PASS
175,AWS,126.3238,34.47211,1111000,2023,364,364,16.306593406593404,10.173901098901096,0,0,,30.9,,,1991-2020_BASELINE_PENDING,PASS
175,AWS,126.3238,34.47211,1111000,2024,91,91,7.5164835164835155,1.0593406593406591,0,0,,19,,,1991-2020_BASELINE_PENDING,INSUFFICIENT_DAYS
182,AWS,126.5,33.51666667,20111000,2021,364,364,19.57280219780222,14.041483516483526,2,27,,33.9,,,1991-2020_BASELINE_PENDING,PASS
182,AWS,126.5,33.51666667,20111000,2022,363,363,18.968319559228654,13.592561983471079,12,37,,35.7,,,1991-2020_BASELINE_PENDING,PASS
182,AWS,126.5,33.51666667,20111000,2023,365,365,19.865205479452058,13.838904109589054,4,41,,35,,,1991-2020_BASELINE_PENDING,PASS
182,AWS,126.5,33.51666667,20111000,2024,91,91,11.865934065934065,6.252747252747255,0,0,,26,,,1991-2020_BASELINE_PENDING,INSUFFICIENT_DAYS
229,AWS,125.55954,36.62544,1111200,2021,350,350,16.32514285714286,11.626285714285714,0,3,,32,,,1991-2020_BASELINE_PENDING,PASS
229,AWS,125.55954,36.62544,1111200,2022,315,315,15.383492063492058,11.10349206349206,0,8,,31.8,,,1991-2020_BASELINE_PENDING,PASS
229,AWS,125.55954,36.62544,1111200,2023,365,365,16.08191780821919,11.664383561643831,0,13,,32.5,,,1991-2020_BASELINE_PENDING,PASS
229,AWS,125.55954,36.62544,1111200,2024,91,91,6.336263736263737,2.1978021978021984,0,0,,16.8,,,1991-2020_BASELINE_PENDING,INSUFFICIENT_DAYS
230,AWS,126.10297,37.2645,1211000,2021,52,52,8.642307692307691,2.0269230769230773,0,0,,15.6,,,1991-2020_BASELINE_PENDING,INSUFFICIENT_DAYS
230,AWS,126.10297,37.2645,1211000,2022,347,347,15.451873198847274,9.577521613832854,0,6,,32.4,,,1991-2020_BASELINE_PENDING,PASS
230,AWS,126.10297,37.2645,1211000,2023,365,365,15.880273972602742,9.94191780821917,0,2,,31.2,,,1991-2020_BASELINE_PENDING,PASS
230,AWS,126.10297,37.2645,1211000,2024,90,90,6.120000000000001,0.15222222222222223,0,0,,19.7,,,1991-2020_BASELINE_PENDING,INSUFFICIENT_DAYS
300,AWS,126.31507,35.85799,1111000,2021,365,365,17.258356164383553,11.79369863013698,1,9,,33.1,,,1991-2020_BASELINE_PENDING,PASS
300,AWS,126.31507,35.85799,1111000,2022,363,363,16.722865013774094,11.38071625344352,1,15,,33.3,,,1991-2020_BASELINE_PENDING,PASS
300,AWS,126.31507,35.85799,1111000,2023,362,362,17.337016574585622,11.923204419889505,2,16,,33.3,,,1991-2020_BASELINE_PENDING,PASS
300,AWS,126.31507,35.85799,1111000,2024,91,91,7.798901098901098,3.0824175824175817,0,0,,17,,,1991-2020_BASELINE_PENDING,INSUFFICIENT_DAYS
301,AWS,126.11642,35.09515,1111000,2021,365,365,18.40027397260274,11.559999999999997,2,3,,33.1,,,1991-2020_BASELINE_PENDING,PASS
301,AWS,126.11642,35.09515,1111000,2022,364,364,17.643131868131878,11.381318681318687,0,20,,32.9,,,1991-2020_BASELINE_PENDING,PASS
301,AWS,126.11642,35.09515,1111000,2023,354,354,17.908757062146886,11.76271186440679,0,5,,32.2,,,1991-2020_BASELINE_PENDING,PASS
301,AWS,126.11642,35.09515,1111000,2024,90,90,8.614444444444445,3.124444444444445,0,0,,18.8,,,1991-2020_BASELINE_PENDING,INSUFFICIENT_DAYS
302,AWS,126.18264,34.64274,11111000,2021,365,365,18.69917808219177,11.479999999999997,1,0,,33.1,,,1991-2020_BASELINE_PENDING,PASS
302,AWS,126.18264,34.64274,11111000,2022,365,365,18.07726027397261,11.093150684931514,0,9,,32.9,,,1991-2020_BASELINE_PENDING,PASS
302,AWS,126.18264,34.64274,11111000,2023,363,363,18.558953168044074,11.545730027548213,5,1,,33.9,,,1991-2020_BASELINE_PENDING,PASS
302,AWS,126.18264,34.64274,11111000,2024,91,91,9.242857142857146,3.4868131868131877,0,0,,18.2,,,1991-2020_BASELINE_PENDING,INSUFFICIENT_DAYS
303,AWS,125.09741,34.07275,1111000,2021,358,358,17.72905027932962,13.680167597765356,0,19,,31.7,,,1991-2020_BASELINE_PENDING,PASS
303,AWS,125.09741,34.07275,1111000,2022,355,355,16.780845070422526,13.098028169014086,0,24,,30.8,,,1991-2020_BASELINE_PENDING,PASS
303,AWS,125.09741,34.07275,1111000,2023,363,363,17.614049586776865,13.603581267217631,0,29,,31.9,,,1991-2020_BASELINE_PENDING,PASS
303,AWS,125.09741,34.07275,1111000,2024,91,91,9.71208791208791,5.6472527472527485,0,0,,18,,,1991-2020_BASELINE_PENDING,INSUFFICIENT_DAYS
304,AWS,126.84849,34.31801,1111000,2021,365,365,19.29150684931506,11.88054794520549,1,8,,33.2,,,1991-2020_BASELINE_PENDING,PASS
304,AWS,126.84849,34.31801,1111000,2022,365,365,18.936712328767126,11.112328767123294,0,11,,32.9,,,1991-2020_BASELINE_PENDING,PASS
304,AWS,126.84849,34.31801,1111000,2023,362,362,19.538121546961328,11.52016574585634,4,11,,34.9,,,1991-2020_BASELINE_PENDING,PASS
304,AWS,126.84849,34.31801,1111000,2024,91,91,10.229670329670329,2.9846153846153856,0,0,,20.6,,,1991-2020_BASELINE_PENDING,INSUFFICIENT_DAYS
305,AWS,126.92009,33.98622,1111000,2021,365,365,18.121369863013697,14.33369863013699,0,25,,30.4,,,1991-2020_BASELINE_PENDING,PASS
305,AWS,126.92009,33.98622,1111000,2022,365,365,17.571780821917795,13.644383561643824,0,23,,31.3,,,1991-2020_BASELINE_PENDING,PASS
305,AWS,126.92009,33.98622,1111000,2023,365,365,18.38657534246576,14.333972602739733,0,36,,31.5,,,1991-2020_BASELINE_PENDING,PASS
305,AWS,126.92009,33.98622,1111000,2024,91,91,10.595604395604395,6.512087912087912,0,0,,19.5,,,1991-2020_BASELINE_PENDING,INSUFFICIENT_DAYS
306,AWS,127.8011,34.43185,1111000,2021,363,363,17.894765840220387,12.561432506887042,0,23,,31.2,,,1991-2020_BASELINE_PENDING,PASS
306,AWS,127.8011,34.43185,1111000,2022,363,363,17.89366391184573,12.337190082644621,0,19,,32.6,,,1991-2020_BASELINE_PENDING,PASS
306,AWS,127.8011,34.43185,1111000,2023,365,365,18.586027397260274,12.87726027397261,0,22,,32.2,,,1991-2020_BASELINE_PENDING,PASS
306,AWS,127.8011,34.43185,1111000,2024,91,91,10.275824175824175,4.627472527472528,0,0,,17.7,,,1991-2020_BASELINE_PENDING,INSUFFICIENT_DAYS
308,AWS,126.07303,34.68703,1111000,2021,365,365,18.482191780821914,12.31041095890412,0,2,,32.7,,,1991-2020_BASELINE_PENDING,PASS
308,AWS,126.07303,34.68703,1111000,2022,356,356,18.25308988764045,12.003932584269652,0,9,,31,,,1991-2020_BASELINE_PENDING,PASS
308,AWS,126.07303,34.68703,1111000,2023,365,365,19.132054794520553,12.710410958904102,4,4,,33.8,,,1991-2020_BASELINE_PENDING,PASS
308,AWS,126.07303,34.68703,1111000,2024,91,91,10.227472527472528,4.490109890109892,0,0,,18.2,,,1991-2020_BASELINE_PENDING,INSUFFICIENT_DAYS
309,AWS,126.6866,37.9464,1111000,2021,365,365,17.64493150684933,5.3413698630137,14,0,,35.8,,,1991-2020_BASELINE_PENDING,PASS
309,AWS,126.6866,37.9464,1111000,2022,365,365,16.970410958904118,3.9810958904109626,5,3,,36.1,,,1991-2020_BASELINE_PENDING,PASS
309,AWS,126.6866,37.9464,1111000,2023,365,365,17.737808219178074,5.587397260273981,11,0,,35.1,,,1991-2020_BASELINE_PENDING,PASS
309,AWS,126.6866,37.9464,1111000,2024,91,91,6.981318681318685,-5.486813186813187,0,0,,23.3,,,1991-2020_BASELINE_PENDING,INSUFFICIENT_DAYS
310,AWS,129.26472,37.32471,1111000,2021,365,365,17.63205479452056,9.195890410958905,1,0,,33.5,,,1991-2020_BASELINE_PENDING,PASS
310,AWS,129.26472,37.32471,1111000,2022,365,365,17.565479452054802,9.004657534246574,8,6,,34.3,,,1991-2020_BASELINE_PENDING,PASS
310,AWS,129.26472,37.32471,1111000,2023,365,365,18.319178082191787,9.716438356164385,9,2,,35.9,,,1991-2020_BASELINE_PENDING,PASS
310,AWS,129.26472,37.32471,1111000,2024,91,91,7.65494505494505,-0.07692307692307655,0,0,,21.4,,,1991-2020_BASELINE_PENDING,INSUFFICIENT_DAYS
311,AWS,128.08673,35.78915,1111000,2021,365,365,14.66493150684932,5.574794520547943,0,0,,31.5,,,1991-2020_BASELINE_PENDING,PASS
311,AWS,128.08673,35.78915,1111000,2022,355,355,14.900563380281694,5.56535211267605,0,0,,29.1,,,1991-2020_BASELINE_PENDING,PASS
311,AWS,128.08673,35.78915,1111000,2023,363,363,15.053443526170803,5.9812672176308475,0,0,,29,,,1991-2020_BASELINE_PENDING,PASS
311,AWS,128.08673,35.78915,1111000,2024,91,91,5.953846153846153,-2.669230769230769,0,0,,19.7,,,1991-2020_BASELINE_PENDING,INSUFFICIENT_DAYS
312,AWS,129.14128,36.39314,1111000,2021,365,365,18.278082191780836,6.533424657534241,8,0,,35.1,,,1991-2020_BASELINE_PENDING,PASS
312,AWS,129.14128,36.39314,1111000,2022,363,363,18.279614325068867,5.6928374655647325,13,1,,35.8,,,1991-2020_BASELINE_PENDING,PASS
312,AWS,129.14128,36.39314,1111000,2023,365,365,18.43616438356163,6.223835616438359,5,0,,35,,,1991-2020_BASELINE_PENDING,PASS
312,AWS,129.14128,36.39314,1111000,2024,91,91,7.903296703296704,-2.7472527472527486,0,0,,20.5,,,1991-2020_BASELINE_PENDING,INSUFFICIENT_DAYS
313,AWS,128.74127,34.88208,1111000,2021,150,150,14.45266666666666,8.582666666666668,0,0,,26,,,1991-2020_BASELINE_PENDING,INSUFFICIENT_DAYS
313,AWS,128.74127,34.88208,1111000,2022,277,277,21.984837545126357,15.91371841155235,2,20,,34.1,,,1991-2020_BASELINE_PENDING,INSUFFICIENT_DAYS
313,AWS,128.74127,34.88208,1111000,2023,362,362,19.639502762430947,13.47790055248619,2,42,,33.6,,,1991-2020_BASELINE_PENDING,PASS
313,AWS,128.74127,34.88208,1111000,2024,91,91,10.416483516483513,4.314285714285714,0,0,,20.2,,,1991-2020_BASELINE_PENDING,INSUFFICIENT_DAYS
314,AWS,127.74312,35.86621,1111000,2021,360,360,10.186944444444455,2.19694444444444,0,0,,27.1,,,1991-2020_BASELINE_PENDING,PASS
314,AWS,127.74312,35.86621,1111000,2022,364,364,10.030769230769225,1.5609890109890108,0,0,,26.6,,,1991-2020_BASELINE_PENDING,PASS
314,AWS,127.74312,35.86621,1111000,2023,365,365,11.001643835616443,2.6931506849315077,0,0,,25.7,,,1991-2020_BASELINE_PENDING,PASS
314,AWS,127.74312,35.86621,1111000,2024,91,91,0.23406593406593434,-7.405494505494505,0,0,,12.7,,,1991-2020_BASELINE_PENDING,INSUFFICIENT_DAYS
315,AWS,127.51079,35.30673,1111000,2021,364,364,12.74340659340659,5.544230769230768,0,0,,28,,,1991-2020_BASELINE_PENDING,PASS
315,AWS,127.51079,35.30673,1111000,2022,365,365,12.450136986301356,5.199178082191779,0,0,,28.5,,,1991-2020_BASELINE_PENDING,PASS
315,AWS,127.51079,35.30673,1111000,2023,363,363,13.002754820936644,6.158402203856754,0,0,,29.4,,,1991-2020_BASELINE_PENDING,PASS
315,AWS,127.51079,35.30673,1111000,2024,91,91,2.575824175824175,-3.7417582417582413,0,0,,16.3,,,1991-2020_BASELINE_PENDING,INSUFFICIENT_DAYS
316,AWS,126.99743,35.11438,11111000,2021,363,363,13.57190082644628,7.1209366391184625,0,0,,28.1,,,1991-2020_BASELINE_PENDING,PASS
316,AWS,126.99743,35.11438,11111000,2022,365,365,12.766027397260263,6.1441095890411,0,0,,26.3,,,1991-2020_BASELINE_PENDING,PASS
316,AWS,126.99743,35.11438,11111000,2023,363,363,13.578787878787875,7.126446280991741,0,0,,28.1,,,1991-2020_BASELINE_PENDING,PASS
316,AWS,126.99743,35.11438,11111000,2024,91,91,3.996703296703297,-2.3989010989010997,0,0,,16,,,1991-2020_BASELINE_PENDING,INSUFFICIENT_DAYS
317,AWS,127.11418,35.72951,1111000,2021,365,365,19.37479452054795,8.429863013698634,15,0,,34.5,,,1991-2020_BASELINE_PENDING,PASS
317,AWS,127.11418,35.72951,1111000,2022,363,363,18.838567493112958,7.691735537190091,10,10,,34.6,,,1991-2020_BASELINE_PENDING,PASS
317,AWS,127.11418,35.72951,1111000,2023,365,365,19.286027397260266,8.83397260273973,12,1,,34.7,,,1991-2020_BASELINE_PENDING,PASS
317,AWS,127.11418,35.72951,1111000,2024,91,91,9.167032967032968,-0.37582417582417577,0,0,,21.6,,,1991-2020_BASELINE_PENDING,INSUFFICIENT_DAYS
318,AWS,128.68208,37.65328,1111000,2021,365,365,13.241369863013713,3.2427397260273985,0,0,,30.8,,,1991-2020_BASELINE_PENDING,PASS
318,AWS,128.68208,37.65328,1111000,2022,361,361,13.031855955678672,2.6681440443213287,0,0,,30.5,,,1991-2020_BASELINE_PENDING,PASS
318,AWS,128.68208,37.65328,1111000,2023,364,364,13.425824175824179,3.6791208791208816,0,0,,30.6,,,1991-2020_BASELINE_PENDING,PASS
318,AWS,128.68208,37.65328,1111000,2024,91,91,1.1175824175824178,-5.978021978021975,0,0,,13.1,,,1991-2020_BASELINE_PENDING,INSUFFICIENT_DAYS
319,AWS,130.87154,37.53751,1111000,2021,365,365,17.356712328767117,11.49698630136987,1,7,,33.4,,,1991-2020_BASELINE_PENDING,PASS
319,AWS,130.87154,37.53751,1111000,2022,360,360,17.20222222222221,11.409999999999997,1,13,,33.3,,,1991-2020_BASELINE_PENDING,PASS
319,AWS,130.87154,37.53751,1111000,2023,365,365,18.20739726027398,12.33150684931507,6,24,,34,,,1991-2020_BASELINE_PENDING,PASS
319,AWS,130.87154,37.53751,1111000,2024,91,91,7.891208791208792,2.6813186813186816,0,0,,18.8,,,1991-2020_BASELINE_PENDING,INSUFFICIENT_DAYS
320,AWS,128.31375,38.33104,1111000,2021,364,364,8.148626373626374,2.084615384615384,0,0,,26.4,,,1991-2020_BASELINE_PENDING,PASS
320,AWS,128.31375,38.33104,1111000,2022,365,365,7.782191780821917,1.724657534246576,0,0,,25.5,,,1991-2020_BASELINE_PENDING,PASS
320,AWS,128.31375,38.33104,1111000,2023,363,363,8.839393939393947,2.785950413223138,0,0,,26.9,,,1991-2020_BASELINE_PENDING,PASS
320,AWS,128.31375,38.33104,1111000,2024,91,91,-3.1549450549450553,-8.952747252747255,0,0,,7.6,,,1991-2020_BASELINE_PENDING,INSUFFICIENT_DAYS
321,AWS,128.1963,38.1147,1111000,2021,363,363,16.961707988980717,5.792837465564735,16,0,,35.9,,,1991-2020_BASELINE_PENDING,PASS
321,AWS,128.1963,38.1147,1111000,2022,365,365,16.709589041095896,4.957808219178079,6,0,,34.2,,,1991-2020_BASELINE_PENDING,PASS
321,AWS,128.1963,38.1147,1111000,2023,365,365,17.501369863013707,5.8621917808219175,13,0,,34.8,,,1991-2020_BASELINE_PENDING,PASS
321,AWS,128.1963,38.1147,1111000,2024,91,91,5.989010989010988,-4.317582417582418,0,0,,19.8,,,1991-2020_BASELINE_PENDING,INSUFFICIENT_DAYS
322,AWS,127.66263,38.20067,1111000,2021,365,365,15.66383561643837,4.037260273972602,10,0,,34.9,,,1991-2020_BASELINE_PENDING,PASS
322,AWS,127.66263,38.20067,1111000,2022,365,365,14.382739726027403,3.5479452054794507,0,0,,31.9,,,1991-2020_BASELINE_PENDING,PASS
322,AWS,127.66263,38.20067,1111000,2023,365,365,15.258082191780826,4.512602739726028,0,0,,31.8,,,1991-2020_BASELINE_PENDING,PASS
322,AWS,127.66263,38.20067,1111000,2024,91,91,4.124175824175824,-5.80879120879121,0,0,,19.2,,,1991-2020_BASELINE_PENDING,INSUFFICIENT_DAYS
323,AWS,127.52551,38.27268,1111000,2021,365,365,16.48630136986302,4.6358904109589005,8,0,,35.3,,,1991-2020_BASELINE_PENDING,PASS
323,AWS,127.52551,38.27268,1111000,2022,365,365,15.87287671232877,3.6843835616438363,3,0,,34,,,1991-2020_BASELINE_PENDING,PASS
323,AWS,127.52551,38.27268,1111000,2023,365,365,16.600821917808226,4.751780821917806,0,0,,32.9,,,1991-2020_BASELINE_PENDING,PASS
323,AWS,127.52551,38.27268,1111000,2024,91,91,5.329670329670329,-5.8978021978022,0,0,,20.8,,,1991-2020_BASELINE_PENDING,INSUFFICIENT_DAYS
324,AWS,128.07446,36.91019,1111000,2021,365,365,17.73232876712328,7.78383561643836,6,0,,33.7,,,1991-2020_BASELINE_PENDING,PASS
324,AWS,128.07446,36.91019,1111000,2022,364,364,17.396153846153847,7.154670329670326,5,2,,34.2,,,1991-2020_BASELINE_PENDING,PASS
324,AWS,128.07446,36.91019,1111000,2023,365,365,18.133698630136983,8.227945205479452,5,0,,34.4,,,1991-2020_BASELINE_PENDING,PASS
324,AWS,128.07446,36.91019,1111000,2024,91,91,7.417582417582416,-0.9901098901098891,0,0,,20.4,,,1991-2020_BASELINE_PENDING,INSUFFICIENT_DAYS
325,AWS,128.02526,37.14449,1111000,2021,365,365,17.528219178082196,5.791506849315069,12,0,,34.2,,,1991-2020_BASELINE_PENDING,PASS
325,AWS,128.02526,37.14449,1111000,2022,365,365,17.110684931506842,4.772328767123286,3,0,,33.8,,,1991-2020_BASELINE_PENDING,PASS
325,AWS,128.02526,37.14449,1111000,2023,356,356,18.074157303370782,6.101685393258425,8,0,,34.6,,,1991-2020_BASELINE_PENDING,PASS
325,AWS,128.02526,37.14449,1111000,2024,91,91,6.846153846153846,-3.9857142857142875,0,0,,21.3,,,1991-2020_BASELINE_PENDING,INSUFFICIENT_DAYS
326,AWS,127.61126,37.54553,1111000,2021,365,365,17.025753424657545,6.144109589041095,4,0,,33.7,,,1991-2020_BASELINE_PENDING,PASS
326,AWS,127.61126,37.54553,1111000,2022,364,364,16.577747252747244,5.393681318681318,2,0,,34.2,,,1991-2020_BASELINE_PENDING,PASS
326,AWS,127.61126,37.54553,1111000,2023,359,359,17.32005571030642,6.6178272980501465,3,0,,34.6,,,1991-2020_BASELINE_PENDING,PASS
326,AWS,127.61126,37.54553,1111000,2024,91,91,6.416483516483516,-3.3791208791208796,0,0,,21.6,,,1991-2020_BASELINE_PENDING,INSUFFICIENT_DAYS
327,AWS,127.51278,36.62611,1111000,2021,365,365,18.368219178082207,7.840273972602729,16,0,,37.8,,,1991-2020_BASELINE_PENDING,PASS
327,AWS,127.51278,36.62611,1111000,2022,365,365,18.483013698630124,7.546575342465748,16,4,,36.2,,,1991-2020_BASELINE_PENDING,PASS
327,AWS,127.51278,36.62611,1111000,2023,365,365,18.833698630136972,9.623013698630142,9,5,,34.4,,,1991-2020_BASELINE_PENDING,PASS
327,AWS,127.51278,36.62611,1111000,2024,91,91,8.08791208791209,-0.07912087912087867,0,0,,20,,,1991-2020_BASELINE_PENDING,INSUFFICIENT_DAYS
328,AWS,126.39838,33.2505,1111000,2021,365,365,20.416164383561632,13.671506849315056,0,27,,32.6,,,1991-2020_BASELINE_PENDING,PASS
328,AWS,126.39838,33.2505,1111000,2022,365,365,20.128493150684942,13.25589041095891,1,35,,33.4,,,1991-2020_BASELINE_PENDING,PASS
328,AWS,126.39838,33.2505,1111000,2023,365,365,20.541917808219182,13.64383561643835,4,28,,35.2,,,1991-2020_BASELINE_PENDING,PASS
328,AWS,126.39838,33.2505,1111000,2024,91,91,12.678021978021976,6.246153846153846,0,0,,18.6,,,1991-2020_BASELINE_PENDING,INSUFFICIENT_DAYS
329,AWS,126.56546,33.44734,1111000,2021,364,364,17.744780219780214,10.476098901098897,0,0,,31.1,,,1991-2020_BASELINE_PENDING,PASS
329,AWS,126.56546,33.44734,1111000,2022,364,364,17.327747252747255,10.250549450549451,3,3,,33.5,,,1991-2020_BASELINE_PENDING,PASS
329,AWS,126.56546,33.44734,1111000,2023,365,365,18.020547945205475,11.008767123287676,1,5,,33.3,,,1991-2020_BASELINE_PENDING,PASS
329,AWS,126.56546,33.44734,1111000,2024,91,91,9.4967032967033,3.042857142857143,0,0,,25.7,,,1991-2020_BASELINE_PENDING,INSUFFICIENT_DAYS
330,AWS,126.64947,33.50081,1111000,2021,364,364,19.0315934065934,13.04093406593406,0,9,,32.2,,,1991-2020_BASELINE_PENDING,PASS
330,AWS,126.64947,33.50081,1111000,2022,365,365,18.4882191780822,12.40054794520548,5,27,,33.8,,,1991-2020_BASELINE_PENDING,PASS
330,AWS,126.64947,33.50081,1111000,2023,364,364,19.29780219780218,13.028571428571427,1,28,,34.3,,,1991-2020_BASELINE_PENDING,PASS
330,AWS,126.64947,33.50081,1111000,2024,91,91,10.894505494505495,5.165934065934066,0,0,,22.9,,,1991-2020_BASELINE_PENDING,INSUFFICIENT_DAYS
347,AWS,127.85685,37.22755,1111000,2022,21,21,0.5142857142857141,-9.290476190476191,0,0,,8.1,,,1991-2020_BASELINE_PENDING,INSUFFICIENT_DAYS
347,AWS,127.85685,37.22755,1111000,2023,365,365,17.68438356164382,6.727671232876711,5,0,,34.5,,,1991-2020_BASELINE_PENDING,PASS
347,AWS,127.85685,37.22755,1111000,2024,91,91,7.0175824175824175,-2.9461538461538463,0,0,,21.8,,,1991-2020_BASELINE_PENDING,INSUFFICIENT_DAYS
348,AWS,128.71678,38.02572,1111000,2022,39,39,6.299999999999999,-1.2923076923076924,0,0,,20.8,,,1991-2020_BASELINE_PENDING,INSUFFICIENT_DAYS
348,AWS,128.71678,38.02572,1111000,2023,365,365,17.637534246575342,10.509589041095895,8,8,,36.2,,,1991-2020_BASELINE_PENDING,PASS
348,AWS,128.71678,38.02572,1111000,2024,91,91,7.278021978021979,0.2736263736263737,0,0,,19.7,,,1991-2020_BASELINE_PENDING,INSUFFICIENT_DAYS
349,AWS,127.84308,37.59997,1111000,2021,8,8,-2.3125,-11.862499999999999,0,0,,2.6,,,1991-2020_BASELINE_PENDING,INSUFFICIENT_DAYS
349,AWS,127.84308,37.59997,1111000,2022,365,365,16.685205479452048,5.187671232876715,2,0,,33.9,,,1991-2020_BASELINE_PENDING,PASS
349,AWS,127.84308,37.59997,1111000,2023,365,365,17.387945205479454,6.287397260273975,3,0,,33.9,,,1991-2020_BASELINE_PENDING,PASS
349,AWS,127.84308,37.59997,1111000,2024,91,91,6.863736263736264,-3.6725274725274724,0,0,,22.9,,,1991-2020_BASELINE_PENDING,INSUFFICIENT_DAYS
350,AWS,128.49556,37.99534,1111000,2021,259,259,16.727799227799235,7.881081081081083,0,0,,30.7,,,1991-2020_BASELINE_PENDING,INSUFFICIENT_DAYS
350,AWS,128.49556,37.99534,1111000,2022,365,365,13.250684931506852,3.50712328767123,0,0,,30.4,,,1991-2020_BASELINE_PENDING,PASS
350,AWS,128.49556,37.99534,1111000,2023,365,365,14.09369863013698,4.317808219178081,0,0,,32.1,,,1991-2020_BASELINE_PENDING,PASS
350,AWS,128.49556,37.99534,1111000,2024,91,91,2.4560439560439558,-6.285714285714282,0,0,,14.5,,,1991-2020_BASELINE_PENDING,INSUFFICIENT_DAYS
351,AWS,126.9768,37.8978,,2021,365,365,18.034520547945213,7.0268493150684925,17,1,,37.4,,,1991-2020_BASELINE_PENDING,PASS
351,AWS,126.9768,37.8978,,2022,307,307,15.083713355048872,3.7143322475570053,1,0,,33.3,,,1991-2020_BASELINE_PENDING,PASS
351,AWS,126.9768,37.8978,,2023,346,346,17.414161849710993,6.621676300578031,10,0,,35.1,,,1991-2020_BASELINE_PENDING,PASS
351,AWS,126.9768,37.8978,,2024,71,71,5.4521126760563385,-4.226760563380282,0,0,,17.4,,,1991-2020_BASELINE_PENDING,INSUFFICIENT_DAYS
352,AWS,126.9436,37.7156,,2021,362,362,18.219613259668527,8.126795580110494,18,1,,37.6,,,1991-2020_BASELINE_PENDING,PASS
352,AWS,126.9436,37.7156,,2022,314,314,17.02133757961782,7.140445859872607,9,3,,35.5,,,1991-2020_BASELINE_PENDING,PASS
352,AWS,126.9436,37.7156,,2023,351,351,17.886609686609685,7.918803418803414,15,0,,35.3,,,1991-2020_BASELINE_PENDING,PASS
352,AWS,126.9436,37.7156,,2024,64,64,6.032812500000002,-2.7109374999999987,0,0,,16.8,,,1991-2020_BASELINE_PENDING,INSUFFICIENT_DAYS
355,AWS,127.0364,37.1136,,2021,329,329,20.198480243161093,9.860486322188455,24,10,,36.5,,,1991-2020_BASELINE_PENDING,PASS
355,AWS,127.0364,37.1136,,2022,288,288,21.61388888888891,11.13854166666667,17,13,,35.6,,,1991-2020_BASELINE_PENDING,INSUFFICIENT_DAYS
355,AWS,127.0364,37.1136,,2023,363,363,19.253994490358117,8.647933884297519,26,10,,37.2,,,1991-2020_BASELINE_PENDING,PASS
355,AWS,127.0364,37.1136,,2024,91,91,8.028571428571427,-1.664835164835165,0,0,,23.2,,,1991-2020_BASELINE_PENDING,INSUFFICIENT_DAYS
356,AWS,127.0183,37.0481,,2021,339,339,19.100589970501463,9.759292035398222,19,15,,35.8,,,1991-2020_BASELINE_PENDING,PASS
356,AWS,127.0183,37.0481,,2022,356,356,18.180617977528083,8.734269662921344,11,15,,34.6,,,1991-2020_BASELINE_PENDING,PASS
356,AWS,127.0183,37.0481,,2023,360,360,18.90444444444445,9.544722222222225,21,15,,35.7,,,1991-2020_BASELINE_PENDING,PASS
356,AWS,127.0183,37.0481,,2024,91,91,8.087912087912086,-0.4153846153846153,0,0,,22.3,,,1991-2020_BASELINE_PENDING,INSUFFICIENT_DAYS
358,AWS,126.9214,36.9672,,2021,365,365,18.37616438356164,9.09698630136986,17,13,,35.5,,,1991-2020_BASELINE_PENDING,PASS
358,AWS,126.9214,36.9672,,2022,362,362,17.641988950276236,8.42209944751382,10,14,,35.4,,,1991-2020_BASELINE_PENDING,PASS
358,AWS,126.9214,36.9672,,2023,355,355,18.645070422535213,9.430985915492961,20,11,,35.8,,,1991-2020_BASELINE_PENDING,PASS
358,AWS,126.9214,36.9672,,2024,91,91,7.603296703296705,-0.5923076923076929,0,0,,22.1,,,1991-2020_BASELINE_PENDING,INSUFFICIENT_DAYS
359,AWS,127.1592,37.8542,,2021,360,360,15.677222222222213,5.046944444444445,3,0,,34.2,,,1991-2020_BASELINE_PENDING,PASS
359,AWS,127.1592,37.8542,,2022,357,357,15.089075630252099,4.473109243697482,1,0,,33.7,,,1991-2020_BASELINE_PENDING,PASS
359,AWS,127.1592,37.8542,,2023,362,362,15.799999999999994,5.446132596685087,2,0,,33.7,,,1991-2020_BASELINE_PENDING,PASS
359,AWS,127.1592,37.8542,,2024,89,89,5.240449438202249,-4.604494382022474,0,0,,20,,,1991-2020_BASELINE_PENDING,INSUFFICIENT_DAYS
360,AWS,127.2283,37.7861,,2021,352,352,18.073863636363626,6.671306818181813,15,0,,36.9,,,1991-2020_BASELINE_PENDING,PASS
360,AWS,127.2283,37.7861,,2022,315,315,18.2326984126984,6.906349206349208,12,3,,35.3,,,1991-2020_BASELINE_PENDING,PASS
360,AWS,127.2283,37.7861,,2023,364,364,18.066483516483533,6.831318681318688,25,1,,35.7,,,1991-2020_BASELINE_PENDING,PASS
360,AWS,127.2283,37.7861,,2024,91,91,6.986813186813186,-3.595604395604395,0,0,,22.8,,,1991-2020_BASELINE_PENDING,INSUFFICIENT_DAYS
361,AWS,127.2447,38.0053,,2021,331,331,18.729607250755283,7.637160120845921,14,1,,35.5,,,1991-2020_BASELINE_PENDING,PASS
361,AWS,127.2447,38.0053,,2022,270,270,20.851481481481503,9.806296296296292,10,5,,35.8,,,1991-2020_BASELINE_PENDING,INSUFFICIENT_DAYS
361,AWS,127.2447,38.0053,,2023,355,355,18.054929577464797,6.958873239436606,24,1,,35.4,,,1991-2020_BASELINE_PENDING,PASS
361,AWS,127.2447,38.0053,,2024,91,91,7.474725274725274,-3.2494505494505472,0,0,,22.8,,,1991-2020_BASELINE_PENDING,INSUFFICIENT_DAYS
364,AWS,127.11901,37.38276,,2021,217,217,14.979723502304148,6.130414746543781,2,3,,35.2,,,1991-2020_BASELINE_PENDING,INSUFFICIENT_DAYS
364,AWS,127.11901,37.38276,,2022,362,362,19.191436464088394,9.912430939226516,27,35,,37.2,,,1991-2020_BASELINE_PENDING,PASS
364,AWS,127.11901,37.38276,,2023,352,352,18.521022727272737,9.319318181818177,21,10,,36.7,,,1991-2020_BASELINE_PENDING,PASS
364,AWS,127.11901,37.38276,,2024,89,89,6.865168539325842,-1.3067415730337093,0,0,,18.3,,,1991-2020_BASELINE_PENDING,INSUFFICIENT_DAYS
365,AWS,126.89514,37.40925,,2021,126,126,19.096031746031745,10.230158730158736,0,0,,31.9,,,1991-2020_BASELINE_PENDING,INSUFFICIENT_DAYS
365,AWS,126.89514,37.40925,,2022,317,317,17.82555205047319,6.945741324921134,9,9,,36,,,1991-2020_BASELINE_PENDING,PASS
365,AWS,126.89514,37.40925,,2023,337,337,18.71839762611276,9.428783382789312,19,13,,36.3,,,1991-2020_BASELINE_PENDING,PASS
365,AWS,126.89514,37.40925,,2024,88,88,7.734090909090909,-0.4829545454545455,0,0,,23.5,,,1991-2020_BASELINE_PENDING,INSUFFICIENT_DAYS
366,AWS,127.00756,37.39397,,2021,320,320,19.005000000000013,9.628437500000002,24,17,,37.9,,,1991-2020_BASELINE_PENDING,PASS
366,AWS,127.00756,37.39397,,2022,152,152,13.21381578947368,3.227631578947368,0,0,,30.3,,,1991-2020_BASELINE_PENDING,INSUFFICIENT_DAYS
366,AWS,127.00756,37.39397,,2023,358,358,18.705027932960885,7.876536312849165,22,0,,36.2,,,1991-2020_BASELINE_PENDING,PASS
366,AWS,127.00756,37.39397,,2024,91,91,8.925274725274726,-1.9989010989010982,0,0,,25.2,,,1991-2020_BASELINE_PENDING,INSUFFICIENT_DAYS
367,AWS,126.78457,37.40617,,2021,303,303,18.21452145214521,9.810231023102311,0,0,,30.2,,,1991-2020_BASELINE_PENDING,PASS
367,AWS,126.78457,37.40617,,2022,361,361,18.173407202216076,7.895567867036015,11,14,,37.4,,,1991-2020_BASELINE_PENDING,PASS
367,AWS,126.78457,37.40617,,2023,364,364,18.714285714285705,9.014010989010986,26,10,,37.4,,,1991-2020_BASELINE_PENDING,PASS
367,AWS,126.78457,37.40617,,2024,91,91,7.621978021978022,-1.3813186813186797,0,0,,23.5,,,1991-2020_BASELINE_PENDING,INSUFFICIENT_DAYS
368,AWS,127.15029,37.59924,,2021,317,317,18.271608832807566,9.792744479495276,5,1,,34.4,,,1991-2020_BASELINE_PENDING,PASS
368,AWS,127.15029,37.59924,,2022,360,360,17.207777777777775,8.709444444444443,7,17,,34.9,,,1991-2020_BASELINE_PENDING,PASS
368,AWS,127.15029,37.59924,,2023,321,321,18.424922118380067,10.02492211838006,18,13,,35.2,,,1991-2020_BASELINE_PENDING,PASS
368,AWS,127.15029,37.59924,,2024,91,91,7.295604395604395,-0.49450549450549425,0,0,,21.8,,,1991-2020_BASELINE_PENDING,INSUFFICIENT_DAYS
369,AWS,126.91692,37.36404,,2021,365,365,18.054794520547944,9.697534246575344,18,15,,35.7,,,1991-2020_BASELINE_PENDING,PASS
369,AWS,126.91692,37.36404,,2022,319,319,17.547648902821305,9.590282131661436,9,15,,35.2,,,1991-2020_BASELINE_PENDING,PASS
369,AWS,126.91692,37.36404,,2023,77,77,6.757142857142856,-1.803896103896105,0,0,,22.6,,,1991-2020_BASELINE_PENDING,INSUFFICIENT_DAYS
369,AWS,126.91692,37.36404,,2024,37,37,11.197297297297299,2.1837837837837837,0,0,,23,,,1991-2020_BASELINE_PENDING,INSUFFICIENT_DAYS
370,AWS,127.22159,37.11568,,2021,249,249,13.222891566265066,4.482730923694779,0,0,,28.8,,,1991-2020_BASELINE_PENDING,INSUFFICIENT_DAYS
370,AWS,127.22159,37.11568,,2022,346,346,16.41936416184969,7.7390173410404595,2,8,,34.2,,,1991-2020_BASELINE_PENDING,PASS
370,AWS,127.22159,37.11568,,2023,352,352,17.20142045454546,8.6153409090909,7,3,,34.4,,,1991-2020_BASELINE_PENDING,PASS
370,AWS,127.22159,37.11568,,2024,85,85,6.880000000000001,-1.0847058823529412,0,0,,23.1,,,1991-2020_BASELINE_PENDING,INSUFFICIENT_DAYS
371,AWS,127.11452,37.28045,,2021,363,363,18.41101928374656,8.709366391184574,24,13,,37.5,,,1991-2020_BASELINE_PENDING,PASS
371,AWS,127.11452,37.28045,,2022,362,362,17.629281767955785,8.042817679558015,12,12,,35.9,,,1991-2020_BASELINE_PENDING,PASS
371,AWS,127.11452,37.28045,,2023,362,362,18.788121546961328,9.111325966850826,28,9,,37.1,,,1991-2020_BASELINE_PENDING,PASS
371,AWS,127.11452,37.28045,,2024,91,91,7.55934065934066,-1.2725274725274724,0,0,,22.5,,,1991-2020_BASELINE_PENDING,INSUFFICIENT_DAYS
372,AWS,127.0267,37.8722,,2021,365,365,17.663561643835617,6.8282191780821915,13,3,,35.7,,,1991-2020_BASELINE_PENDING,PASS
372,AWS,127.0267,37.8722,,2022,355,355,17.294929577464806,6.359718309859152,5,5,,35.9,,,1991-2020_BASELINE_PENDING,PASS
372,AWS,127.0267,37.8722,,2023,356,356,18.71011235955055,8.165730337078655,29,17,,37,,,1991-2020_BASELINE_PENDING,PASS
372,AWS,127.0267,37.8722,,2024,71,71,5.904225352112676,-4.0126760563380275,0,0,,18,,,1991-2020_BASELINE_PENDING,INSUFFICIENT_DAYS
373,AWS,127.0458,37.7706,,2021,360,360,17.68472222222222,5.876388888888889,14,0,,36.6,,,1991-2020_BASELINE_PENDING,PASS
373,AWS,127.0458,37.7706,,2022,362,362,17.01353591160222,5.295580110497242,7,1,,35.3,,,1991-2020_BASELINE_PENDING,PASS
373,AWS,127.0458,37.7706,,2023,363,363,18.04683195592287,6.649586776859507,29,9,,38,,,1991-2020_BASELINE_PENDING,PASS
373,AWS,127.0458,37.7706,,2024,71,71,5.2380281690140835,-5.429577464788733,0,0,,17.4,,,1991-2020_BASELINE_PENDING,INSUFFICIENT_DAYS
374,AWS,126.9706,37.0467,,2021,146,146,18.584246575342462,10.115068493150687,5,6,,34.2,,,1991-2020_BASELINE_PENDING,INSUFFICIENT_DAYS
374,AWS,126.9706,37.0467,,2022,362,362,17.33232044198895,8.39309392265194,8,13,,34.3,,,1991-2020_BASELINE_PENDING,PASS
374,AWS,126.9706,37.0467,,2023,323,323,20.04953560371518,11.069349845201245,14,12,,35.4,,,1991-2020_BASELINE_PENDING,PASS
374,AWS,126.9706,37.0467,,2024,91,91,7.509890109890111,-0.7582417582417581,0,0,,22.1,,,1991-2020_BASELINE_PENDING,INSUFFICIENT_DAYS
375,AWS,126.9875,37.7919,,2021,363,363,17.166942148760324,6.246280991735536,13,1,,37.5,,,1991-2020_BASELINE_PENDING,PASS
375,AWS,126.9875,37.7919,,2022,362,362,16.456906077348076,5.577071823204423,5,3,,35.8,,,1991-2020_BASELINE_PENDING,PASS
375,AWS,126.9875,37.7919,,2023,349,349,18.338681948424068,7.805444126074501,28,9,,36.2,,,1991-2020_BASELINE_PENDING,PASS
375,AWS,126.9875,37.7919,,2024,71,71,5.550704225352114,-4.352112676056341,0,0,,17,,,1991-2020_BASELINE_PENDING,INSUFFICIENT_DAYS
376,AWS,126.85895,37.44738,1111000,2021,175,175,20.149714285714275,11.943428571428576,12,6,,35.4,,,1991-2020_BASELINE_PENDING,INSUFFICIENT_DAYS
376,AWS,126.85895,37.44738,1111000,2022,363,363,17.038567493112954,8.314325068870524,4,10,,34.5,,,1991-2020_BASELINE_PENDING,PASS
376,AWS,126.85895,37.44738,1111000,2023,365,365,17.82821917808219,9.183287671232886,13,5,,35.7,,,1991-2020_BASELINE_PENDING,PASS
376,AWS,126.85895,37.44738,1111000,2024,91,91,7.058241758241758,-0.9439560439560442,0,0,,22.6,,,1991-2020_BASELINE_PENDING,INSUFFICIENT_DAYS
377,AWS,126.89194,37.39523,1111000,2022,361,361,17.49667590027701,5.203601108033238,7,7,,35.1,,,1991-2020_BASELINE_PENDING,PASS
377,AWS,126.89194,37.39523,1111000,2023,365,365,18.278356164383567,6.504657534246569,16,2,,35.7,,,1991-2020_BASELINE_PENDING,PASS
377,AWS,126.89194,37.39523,1111000,2024,91,91,7.557142857142856,-3.7461538461538457,0,0,,22.6,,,1991-2020_BASELINE_PENDING,INSUFFICIENT_DAYS
378,AWS,127.36278,36.30361,1111000,2023,56,56,8.70178571428571,-0.6160714285714285,0,0,,21.7,,,1991-2020_BASELINE_PENDING,INSUFFICIENT_DAYS
378,AWS,127.36278,36.30361,1111000,2024,91,91,8.631868131868135,-0.45054945054945084,0,0,,21,,,1991-2020_BASELINE_PENDING,INSUFFICIENT_DAYS
379,AWS,127.5463,35.54046,1111000,2021,43,43,8.446511627906974,-2.8581395348837204,0,0,,17.6,,,1991-2020_BASELINE_PENDING,INSUFFICIENT_DAYS
379,AWS,127.5463,35.54046,1111000,2022,365,365,18.177260273972603,6.330136986301377,0,1,,32.9,,,1991-2020_BASELINE_PENDING,PASS
379,AWS,127.5463,35.54046,1111000,2023,365,365,18.75972602739726,7.414520547945203,5,0,,34.7,,,1991-2020_BASELINE_PENDING,PASS
379,AWS,127.5463,35.54046,1111000,2024,91,91,8.62197802197802,-1.7252747252747256,0,0,,23.8,,,1991-2020_BASELINE_PENDING,INSUFFICIENT_DAYS
400,AWS,127.08162,37.4982,1111000,2021,365,365,19.048219178082196,9.981369863013695,25,23,,37.1,,,1991-2020_BASELINE_PENDING,PASS
400,AWS,127.08162,37.4982,1111000,2022,365,365,18.422191780821915,9.551780821917804,17,23,,36.3,,,1991-2020_BASELINE_PENDING,PASS
400,AWS,127.08162,37.4982,1111000,2023,365,365,19.25863013698628,10.338630136986302,30,20,,36.9,,,1991-2020_BASELINE_PENDING,PASS
400,AWS,127.08162,37.4982,1111000,2024,91,91,8.268131868131869,0.1593406593406589,0,0,,23.1,,,1991-2020_BASELINE_PENDING,INSUFFICIENT_DAYS
401,AWS,127.02601,37.48462,1111000,2021,365,365,18.60191780821918,9.700273972602737,19,16,,37.4,,,1991-2020_BASELINE_PENDING,PASS
401,AWS,127.02601,37.48462,1111000,2022,364,364,17.99175824175826,9.241208791208795,15,20,,35.8,,,1991-2020_BASELINE_PENDING,PASS
401,AWS,127.02601,37.48462,1111000,2023,365,365,18.75780821917807,9.951780821917806,21,12,,35.6,,,1991-2020_BASELINE_PENDING,PASS
401,AWS,127.02601,37.48462,1111000,2024,91,91,8.013186813186813,0.10989010989010958,0,0,,22.9,,,1991-2020_BASELINE_PENDING,INSUFFICIENT_DAYS
402,AWS,127.14498,37.55556,1111000,2021,328,328,17.674695121951206,8.91006097560975,18,17,,35.9,,,1991-2020_BASELINE_PENDING,PASS
402,AWS,127.14498,37.55556,1111000,2022,364,364,17.965109890109893,9.134890109890115,12,21,,36.9,,,1991-2020_BASELINE_PENDING,PASS
402,AWS,127.14498,37.55556,1111000,2023,365,365,18.606301369863022,9.958630136986306,19,12,,35,,,1991-2020_BASELINE_PENDING,PASS
402,AWS,127.14498,37.55556,1111000,2024,91,91,7.828571428571428,-0.14725274725274737,0,0,,22.2,,,1991-2020_BASELINE_PENDING,INSUFFICIENT_DAYS
403,AWS,127.12538,37.47426,1111000,2021,365,365,18.6758904109589,10.860547945205482,22,25,,37,,,1991-2020_BASELINE_PENDING,PASS
403,AWS,127.12538,37.47426,1111000,2022,365,365,18.04109589041095,10.40931506849315,13,29,,36.2,,,1991-2020_BASELINE_PENDING,PASS
403,AWS,127.12538,37.47426,1111000,2023,364,364,18.963186813186823,11.237912087912083,26,25,,36.9,,,1991-2020_BASELINE_PENDING,PASS
403,AWS,127.12538,37.47426,1111000,2024,91,91,8.115384615384617,1.2241758241758238,0,0,,23.8,,,1991-2020_BASELINE_PENDING,INSUFFICIENT_DAYS
404,AWS,126.82953,37.5739,1111000,2021,364,364,18.52445054945056,9.392582417582416,22,18,,38.1,,,1991-2020_BASELINE_PENDING,PASS
404,AWS,126.82953,37.5739,1111000,2022,365,365,18.158356164383562,8.780547945205486,16,19,,36.8,,,1991-2020_BASELINE_PENDING,PASS
404,AWS,126.82953,37.5739,1111000,2023,360,360,18.980277777777793,9.873611111111112,28,16,,36.3,,,1991-2020_BASELINE_PENDING,PASS
404,AWS,126.82953,37.5739,1111000,2024,89,89,7.935955056179776,-0.5303370786516856,0,0,,23.1,,,1991-2020_BASELINE_PENDING,INSUFFICIENT_DAYS
405,AWS,126.87937,37.52823,1111000,2021,365,365,18.926575342465775,10.945753424657532,28,30,,38.2,,,1991-2020_BASELINE_PENDING,PASS
405,AWS,126.87937,37.52823,1111000,2022,365,365,18.148219178082186,10.479452054794521,18,29,,36.2,,,1991-2020_BASELINE_PENDING,PASS
405,AWS,126.87937,37.52823,1111000,2023,365,365,18.468493150684935,11.202465753424647,20,25,,36,,,1991-2020_BASELINE_PENDING,PASS
405,AWS,126.87937,37.52823,1111000,2024,89,89,7.687640449438203,0.985393258426966,0,0,,22.2,,,1991-2020_BASELINE_PENDING,INSUFFICIENT_DAYS
406,AWS,127.03042,37.66557,1111000,2021,354,354,18.492090395480222,8.308757062146894,9,12,,34.7,,,1991-2020_BASELINE_PENDING,PASS
406,AWS,127.03042,37.66557,1111000,2022,347,347,18.027089337175806,7.768011527377518,3,19,,34.1,,,1991-2020_BASELINE_PENDING,PASS
406,AWS,127.03042,37.66557,1111000,2023,349,349,18.92779369627507,9.243266475644697,6,8,,33.8,,,1991-2020_BASELINE_PENDING,PASS
406,AWS,127.03042,37.66557,1111000,2024,90,90,8.843333333333334,-1.8766666666666665,0,0,,24.8,,,1991-2020_BASELINE_PENDING,INSUFFICIENT_DAYS
407,AWS,127.09192,37.62186,1111000,2021,365,365,18.121917808219187,7.020273972602741,17,1,,35.8,,,1991-2020_BASELINE_PENDING,PASS
407,AWS,127.09192,37.62186,1111000,2022,365,365,17.63315068493151,6.279452054794519,11,8,,35.1,,,1991-2020_BASELINE_PENDING,PASS
407,AWS,127.09192,37.62186,1111000,2023,356,356,18.486516853932606,7.2747191011235905,21,0,,35.8,,,1991-2020_BASELINE_PENDING,PASS
407,AWS,127.09192,37.62186,1111000,2024,89,89,7.776404494382023,-3.1101123595505626,0,0,,22.8,,,1991-2020_BASELINE_PENDING,INSUFFICIENT_DAYS
408,AWS,127.06036,37.58463,1111000,2021,365,365,18.646575342465745,10.395616438356159,18,19,,37.1,,,1991-2020_BASELINE_PENDING,PASS
408,AWS,127.06036,37.58463,1111000,2022,365,365,18.111780821917815,9.981917808219178,9,20,,35.8,,,1991-2020_BASELINE_PENDING,PASS
408,AWS,127.06036,37.58463,1111000,2023,361,361,18.79445983379502,10.800831024930748,24,17,,36.4,,,1991-2020_BASELINE_PENDING,PASS
408,AWS,127.06036,37.58463,1111000,2024,91,91,7.7395604395604405,0.4615384615384618,0,0,,22.7,,,1991-2020_BASELINE_PENDING,INSUFFICIENT_DAYS
409,AWS,127.08682,37.58551,1111000,2021,364,364,18.557692307692303,10.59120879120879,22,22,,36.9,,,1991-2020_BASELINE_PENDING,PASS
409,AWS,127.08682,37.58551,1111000,2022,363,363,17.93250688705234,10.128925619834714,15,26,,36,,,1991-2020_BASELINE_PENDING,PASS
409,AWS,127.08682,37.58551,1111000,2023,365,365,18.72027397260273,10.876438356164378,24,21,,35.8,,,1991-2020_BASELINE_PENDING,PASS
409,AWS,127.08682,37.58551,1111000,2024,91,91,7.745054945054946,0.6769230769230772,0,0,,22.9,,,1991-2020_BASELINE_PENDING,INSUFFICIENT_DAYS
410,AWS,126.91746,37.4933,1111000,2021,365,365,18.818356164383555,10.155068493150685,23,25,,37.1,,,1991-2020_BASELINE_PENDING,PASS
410,AWS,126.91746,37.4933,1111000,2022,365,365,17.453150684931504,8.852328767123286,9,15,,36.1,,,1991-2020_BASELINE_PENDING,PASS
410,AWS,126.91746,37.4933,1111000,2023,365,365,18.226301369863034,9.630958904109583,21,22,,36,,,1991-2020_BASELINE_PENDING,PASS
410,AWS,126.91746,37.4933,1111000,2024,91,91,6.853846153846155,-1.3120879120879112,0,0,,22.1,,,1991-2020_BASELINE_PENDING,INSUFFICIENT_DAYS
411,AWS,126.92915,37.55165,1111000,2021,353,353,18.968555240793194,10.664305949008495,20,19,,36,,,1991-2020_BASELINE_PENDING,PASS
411,AWS,126.92915,37.55165,1111000,2022,365,365,18.14082191780822,9.793698630136992,14,19,,35.9,,,1991-2020_BASELINE_PENDING,PASS
411,AWS,126.92915,37.55165,1111000,2023,350,350,18.540857142857153,10.44885714285714,22,22,,35.3,,,1991-2020_BASELINE_PENDING,PASS
411,AWS,126.92915,37.55165,1111000,2024,87,87,7.642528735632184,0.0850574712643687,0,0,,23.5,,,1991-2020_BASELINE_PENDING,INSUFFICIENT_DAYS
412,AWS,126.94078,37.57047,1111000,2021,365,365,17.740273972602736,9.070684931506843,14,11,,34.9,,,1991-2020_BASELINE_PENDING,PASS
412,AWS,126.94078,37.57047,1111000,2022,365,365,17.188493150684934,8.539452054794523,6,8,,34.8,,,1991-2020_BASELINE_PENDING,PASS
412,AWS,126.94078,37.57047,1111000,2023,365,365,17.89068493150685,9.397534246575342,12,4,,34.4,,,1991-2020_BASELINE_PENDING,PASS
412,AWS,126.94078,37.57047,1111000,2024,91,91,7.180219780219781,-0.7890109890109889,0,0,,23.2,,,1991-2020_BASELINE_PENDING,INSUFFICIENT_DAYS
413,AWS,127.08524,37.5366,1111000,2021,365,365,18.623013698630125,10.092876712328765,24,18,,37.3,,,1991-2020_BASELINE_PENDING,PASS
413,AWS,127.08524,37.5366,1111000,2022,363,363,17.95674931129476,9.632782369145998,14,16,,35.8,,,1991-2020_BASELINE_PENDING,PASS
413,AWS,127.08524,37.5366,1111000,2023,364,364,18.870329670329667,10.596428571428575,27,17,,36.6,,,1991-2020_BASELINE_PENDING,PASS
413,AWS,127.08524,37.5366,1111000,2024,91,91,7.805494505494507,0.8626373626373629,0,0,,22.9,,,1991-2020_BASELINE_PENDING,INSUFFICIENT_DAYS
414,AWS,126.99981,37.61134,1111000,2021,363,363,16.81790633608816,8.668595041322314,6,9,,33.8,,,1991-2020_BASELINE_PENDING,PASS
414,AWS,126.99981,37.61134,1111000,2022,363,363,16.811570247933883,8.902479338842975,3,16,,33.5,,,1991-2020_BASELINE_PENDING,PASS
414,AWS,126.99981,37.61134,1111000,2023,364,364,17.601373626373636,9.761538461538466,13,10,,35,,,1991-2020_BASELINE_PENDING,PASS
414,AWS,126.99981,37.61134,1111000,2024,90,90,6.80777777777778,-0.3777777777777777,0,0,,21.6,,,1991-2020_BASELINE_PENDING,INSUFFICIENT_DAYS
415,AWS,126.97629,37.51955,1111000,2021,358,358,18.852513966480448,10.343016759776534,29,27,,38.5,,,1991-2020_BASELINE_PENDING,PASS
415,AWS,126.97629,37.51955,1111000,2022,361,361,18.181717451523525,10.014404432132961,17,27,,36.5,,,1991-2020_BASELINE_PENDING,PASS
415,AWS,126.97629,37.51955,1111000,2023,359,359,19.20779944289694,11.094986072423398,27,27,,38.2,,,1991-2020_BASELINE_PENDING,PASS
415,AWS,126.97629,37.51955,1111000,2024,76,76,8.134210526315792,0.17368421052631577,0,0,,23.6,,,1991-2020_BASELINE_PENDING,INSUFFICIENT_DAYS
416,AWS,126.94273,37.64647,1111000,2021,361,361,17.783102493074782,6.751246537396115,12,0,,36.7,,,1991-2020_BASELINE_PENDING,PASS
416,AWS,126.94273,37.64647,1111000,2022,363,363,17.036639118457302,6.012121212121213,2,2,,34.8,,,1991-2020_BASELINE_PENDING,PASS
416,AWS,126.94273,37.64647,1111000,2023,355,355,18.16366197183097,7.376056338028173,11,2,,34.9,,,1991-2020_BASELINE_PENDING,PASS
416,AWS,126.94273,37.64647,1111000,2024,91,91,7.383516483516485,-2.935164835164836,0,0,,21.9,,,1991-2020_BASELINE_PENDING,INSUFFICIENT_DAYS
417,AWS,126.90016,37.46551,1111000,2021,362,362,18.304419889502746,10.733425414364632,20,27,,37.1,,,1991-2020_BASELINE_PENDING,PASS
417,AWS,126.90016,37.46551,1111000,2022,365,365,17.810958904109558,10.317260273972607,13,24,,36.7,,,1991-2020_BASELINE_PENDING,PASS
417,AWS,126.90016,37.46551,1111000,2023,363,363,18.678512396694224,11.123966942148767,25,27,,36.5,,,1991-2020_BASELINE_PENDING,PASS
417,AWS,126.90016,37.46551,1111000,2024,91,91,7.596703296703297,0.8131868131868132,0,0,,22.8,,,1991-2020_BASELINE_PENDING,INSUFFICIENT_DAYS
418,AWS,126.93904,37.52489,1111000,2021,365,365,18.229589041095903,11.082465753424655,17,31,,36.5,,,1991-2020_BASELINE_PENDING,PASS
418,AWS,126.93904,37.52489,1111000,2022,362,362,17.521270718232042,10.559944751381213,9,24,,35.2,,,1991-2020_BASELINE_PENDING,PASS
418,AWS,126.93904,37.52489,1111000,2023,365,365,18.578082191780826,11.382465753424661,18,26,,35.7,,,1991-2020_BASELINE_PENDING,PASS
418,AWS,126.93904,37.52489,1111000,2024,89,89,7.440449438202248,0.8719101123595513,0,0,,22.3,,,1991-2020_BASELINE_PENDING,INSUFFICIENT_DAYS
419,AWS,126.98736,37.55236,1111000,2021,364,364,17.05384615384616,8.871978021978013,11,11,,35.5,,,1991-2020_BASELINE_PENDING,PASS
419,AWS,126.98736,37.55236,1111000,2022,365,365,16.317260273972597,8.447123287671232,7,7,,34.7,,,1991-2020_BASELINE_PENDING,PASS
419,AWS,126.98736,37.55236,1111000,2023,365,365,17.15506849315069,9.284109589041096,13,7,,34.4,,,1991-2020_BASELINE_PENDING,PASS
419,AWS,126.98736,37.55236,1111000,2024,91,91,6,-1.1604395604395603,0,0,,19.8,,,1991-2020_BASELINE_PENDING,INSUFFICIENT_DAYS
421,AWS,127.03885,37.54721,1111000,2021,322,322,17.76739130434782,10.32795031055901,16,29,,36.6,,,1991-2020_BASELINE_PENDING,PASS
421,AWS,127.03885,37.54721,1111000,2022,363,363,18.406887052341595,11.279614325068888,10,33,,35.6,,,1991-2020_BASELINE_PENDING,PASS
421,AWS,127.03885,37.54721,1111000,2023,365,365,18.534246575342472,11.007945205479455,18,22,,35.3,,,1991-2020_BASELINE_PENDING,PASS
421,AWS,127.03885,37.54721,1111000,2024,91,91,7.731868131868128,0.9329670329670328,0,0,,22.9,,,1991-2020_BASELINE_PENDING,INSUFFICIENT_DAYS
423,AWS,126.82629,37.49328,1111000,2021,363,363,18.730303030303023,9.836914600550958,17,18,,36.4,,,1991-2020_BASELINE_PENDING,PASS
423,AWS,126.82629,37.49328,1111000,2022,362,362,18.03149171270718,9.216022099447512,8,20,,35.1,,,1991-2020_BASELINE_PENDING,PASS
423,AWS,126.82629,37.49328,1111000,2023,362,362,18.664917127071828,9.982320441988954,24,20,,35,,,1991-2020_BASELINE_PENDING,PASS
423,AWS,126.82629,37.49328,1111000,2024,88,88,7.686363636363637,-0.3500000000000004,0,0,,22.5,,,1991-2020_BASELINE_PENDING,INSUFFICIENT_DAYS
424,AWS,127.00981,37.63801,1111000,2021,365,365,18.56054794520549,10.121095890410954,23,22,,37.9,,,1991-2020_BASELINE_PENDING,PASS
424,AWS,127.00981,37.63801,1111000,2022,364,364,17.764010989010977,9.278296703296698,17,25,,36.3,,,1991-2020_BASELINE_PENDING,PASS
424,AWS,127.00981,37.63801,1111000,2023,365,365,18.007945205479444,8.715068493150689,17,0,,35.5,,,1991-2020_BASELINE_PENDING,PASS
424,AWS,127.00981,37.63801,1111000,2024,91,91,7.275824175824174,-1.2373626373626379,0,0,,22.3,,,1991-2020_BASELINE_PENDING,INSUFFICIENT_DAYS
425,AWS,126.98154,37.46347,1111000,2021,362,362,17.893370165745875,8.586187845303865,12,1,,35.2,,,1991-2020_BASELINE_PENDING,PASS
425,AWS,126.98154,37.46347,1111000,2022,350,350,16.80485714285714,7.713428571428568,3,0,,34,,,1991-2020_BASELINE_PENDING,PASS
425,AWS,126.98154,37.46347,1111000,2023,364,364,17.79478021978023,8.89395604395604,7,1,,35,,,1991-2020_BASELINE_PENDING,PASS
425,AWS,126.98154,37.46347,1111000,2024,91,91,7.210989010989013,-1.020879120879121,0,0,,22.1,,,1991-2020_BASELINE_PENDING,INSUFFICIENT_DAYS
426,AWS,124.63048,37.96611,1111000,2021,363,363,14.902479338842976,9.810192837465566,0,5,,32.6,,,1991-2020_BASELINE_PENDING,PASS
426,AWS,124.63048,37.96611,1111000,2022,343,343,14.448688046647229,9.784839650145766,0,3,,30.1,,,1991-2020_BASELINE_PENDING,PASS
426,AWS,124.63048,37.96611,1111000,2023,338,338,15.470414201183424,10.842011834319521,0,6,,29.8,,,1991-2020_BASELINE_PENDING,PASS
426,AWS,124.63048,37.96611,1111000,2024,91,91,5.082417582417583,1.1208791208791207,0,0,,14.8,,,1991-2020_BASELINE_PENDING,INSUFFICIENT_DAYS
427,AWS,126.64721,37.66877,1111000,2021,365,365,18.31698630136986,9.18657534246576,19,19,,37,,,1991-2020_BASELINE_PENDING,PASS
427,AWS,126.64721,37.66877,1111000,2022,365,365,17.79534246575344,8.693698630136984,10,20,,36.3,,,1991-2020_BASELINE_PENDING,PASS
427,AWS,126.64721,37.66877,1111000,2023,365,365,18.82931506849316,9.72,30,20,,36.3,,,1991-2020_BASELINE_PENDING,PASS
427,AWS,126.64721,37.66877,1111000,2024,91,91,8.040659340659339,-0.8494505494505495,0,0,,23.3,,,1991-2020_BASELINE_PENDING,INSUFFICIENT_DAYS
428,AWS,127.21278,37.55124,1111000,2021,365,365,19.11534246575342,8.675890410958903,25,8,,38.2,,,1991-2020_BASELINE_PENDING,PASS
428,AWS,127.21278,37.55124,1111000,2022,365,365,18.664383561643834,8.127945205479456,17,15,,36.9,,,1991-2020_BASELINE_PENDING,PASS
428,AWS,127.21278,37.55124,1111000,2023,365,365,19.366575342465765,8.960273972602742,25,8,,37.1,,,1991-2020_BASELINE_PENDING,PASS
428,AWS,127.21278,37.55124,1111000,2024,91,91,8.656043956043952,-1.1065934065934062,0,0,,24.3,,,1991-2020_BASELINE_PENDING,INSUFFICIENT_DAYS
430,AWS,127.00971,37.27464,,2021,365,365,17.836164383561652,9.68876712328767,16,17,,35.6,,,1991-2020_BASELINE_PENDING,PASS
430,AWS,127.00971,37.27464,,2022,350,350,16.8937142857143,8.88257142857143,9,13,,34.5,,,1991-2020_BASELINE_PENDING,PASS
430,AWS,127.00971,37.27464,,2023,345,345,17.499130434782614,9.40115942028985,15,9,,35.4,,,1991-2020_BASELINE_PENDING,PASS
430,AWS,127.00971,37.27464,,2024,91,91,7.05054945054945,-0.24505494505494513,0,0,,22.1,,,1991-2020_BASELINE_PENDING,INSUFFICIENT_DAYS
431,AWS,127.07179,37.74874,,2021,352,352,17.603693181818183,6.933806818181818,12,0,,36.5,,,1991-2020_BASELINE_PENDING,PASS
431,AWS,127.07179,37.74874,,2022,359,359,17.25543175487466,6.559052924791087,6,2,,34.4,,,1991-2020_BASELINE_PENDING,PASS
431,AWS,127.07179,37.74874,,2023,364,364,18.376098901098892,8.0554945054945,22,2,,35.4,,,1991-2020_BASELINE_PENDING,PASS
431,AWS,127.07179,37.74874,,2024,91,91,7.67912087912088,-2.051648351648351,0,0,,23.1,,,1991-2020_BASELINE_PENDING,INSUFFICIENT_DAYS
432,AWS,126.92063,37.13087,,2021,330,330,18.34,10.07454545454545,16,17,,35.1,,,1991-2020_BASELINE_PENDING,PASS
432,AWS,126.92063,37.13087,,2022,328,328,16.943597560975615,8.5140243902439,7,14,,34.3,,,1991-2020_BASELINE_PENDING,PASS
432,AWS,126.92063,37.13087,,2023,296,296,20.13682432432433,11.790540540540531,17,21,,36,,,1991-2020_BASELINE_PENDING,INSUFFICIENT_DAYS
432,AWS,126.92063,37.13087,,2024,53,53,7.7132075471698105,-0.23396226415094418,0,0,,17.9,,,1991-2020_BASELINE_PENDING,INSUFFICIENT_DAYS
433,AWS,126.7636,37.50059,,2021,365,365,17.500547945205472,9.472876712328762,12,12,,36.2,,,1991-2020_BASELINE_PENDING,PASS
433,AWS,126.7636,37.50059,,2022,362,362,16.592817679558003,8.85441988950275,3,8,,34.7,,,1991-2020_BASELINE_PENDING,PASS
433,AWS,126.7636,37.50059,,2023,358,358,16.472625698324027,8.910335195530726,2,7,,34,,,1991-2020_BASELINE_PENDING,PASS
433,AWS,126.7636,37.50059,,2024,91,91,6.297802197802197,-0.6901098901098899,0,0,,21.7,,,1991-2020_BASELINE_PENDING,INSUFFICIENT_DAYS
434,AWS,126.95685,37.39436,,2021,364,364,17.803846153846152,10.568956043956044,11,19,,35.3,,,1991-2020_BASELINE_PENDING,PASS
434,AWS,126.95685,37.39436,,2022,351,351,17.116239316239316,10.202849002849007,4,20,,34.8,,,1991-2020_BASELINE_PENDING,PASS
434,AWS,126.95685,37.39436,,2023,321,321,17.460436137071653,10.323676012461055,8,21,,34.5,,,1991-2020_BASELINE_PENDING,PASS
434,AWS,126.95685,37.39436,,2024,89,89,7.155056179775279,0.6786516853932583,0,0,,21.5,,,1991-2020_BASELINE_PENDING,INSUFFICIENT_DAYS
435,AWS,126.83397,37.32713,,2021,365,365,17.43753424657534,9.950136986301374,10,15,,35,,,1991-2020_BASELINE_PENDING,PASS
435,AWS,126.83397,37.32713,,2022,348,348,16.422988505747135,9.222413793103446,4,9,,33.9,,,1991-2020_BASELINE_PENDING,PASS
435,AWS,126.83397,37.32713,,2023,364,364,17.50384615384615,10.314835164835163,6,17,,34.7,,,1991-2020_BASELINE_PENDING,PASS
435,AWS,126.83397,37.32713,,2024,91,91,6.965934065934066,0.3747252747252745,0,0,,21.2,,,1991-2020_BASELINE_PENDING,INSUFFICIENT_DAYS
436,AWS,127.18839,37.23444,,2021,363,363,17.039118457300262,8.057575757575759,13,1,,34.9,,,1991-2020_BASELINE_PENDING,PASS
436,AWS,127.18839,37.23444,,2022,362,362,16.47486187845304,7.53314917127073,3,5,,34.2,,,1991-2020_BASELINE_PENDING,PASS
436,AWS,127.18839,37.23444,,2023,364,364,17.74423076923078,8.826923076923064,16,5,,35.2,,,1991-2020_BASELINE_PENDING,PASS
436,AWS,127.18839,37.23444,,2024,91,91,6.55934065934066,-1.3494505494505495,0,0,,20.3,,,1991-2020_BASELINE_PENDING,INSUFFICIENT_DAYS
437,AWS,126.86531,37.47867,,2021,365,365,18.41863013698629,10.896164383561652,19,28,,36.4,,,1991-2020_BASELINE_PENDING,PASS
437,AWS,126.86531,37.47867,,2022,361,361,17.650969529085884,10.260664819944603,13,23,,36.2,,,1991-2020_BASELINE_PENDING,PASS
437,AWS,126.86531,37.47867,,2023,360,360,18.805833333333332,11.35055555555556,27,26,,36.8,,,1991-2020_BASELINE_PENDING,PASS
437,AWS,126.86531,37.47867,,2024,90,90,7.813333333333335,1.051111111111111,0,0,,23.5,,,1991-2020_BASELINE_PENDING,INSUFFICIENT_DAYS
438,AWS,126.93534,37.36148,,2021,365,365,18.08054794520547,9.99890410958904,19,18,,35.8,,,1991-2020_BASELINE_PENDING,PASS
438,AWS,126.93534,37.36148,,2022,355,355,17.183943661971828,9.190422535211269,7,14,,34.9,,,1991-2020_BASELINE_PENDING,PASS
438,AWS,126.93534,37.36148,,2023,364,364,18.368406593406593,10.283241758241761,21,18,,35.9,,,1991-2020_BASELINE_PENDING,PASS
438,AWS,126.93534,37.36148,,2024,91,91,7.467032967032968,0.2483516483516484,0,0,,22.1,,,1991-2020_BASELINE_PENDING,INSUFFICIENT_DAYS
439,AWS,127.0357,37.20877,,2021,365,365,16.65287671232877,8.3972602739726,8,6,,34.4,,,1991-2020_BASELINE_PENDING,PASS
439,AWS,127.0357,37.20877,,2022,361,361,16.227423822714677,8.03047091412743,1,5,,33.2,,,1991-2020_BASELINE_PENDING,PASS
439,AWS,127.0357,37.20877,,2023,364,364,18.751098901098914,10.614560439560444,22,24,,35.7,,,1991-2020_BASELINE_PENDING,PASS
439,AWS,127.0357,37.20877,,2024,87,87,7.793103448275859,0.5413793103448273,0,0,,22.4,,,1991-2020_BASELINE_PENDING,INSUFFICIENT_DAYS
440,AWS,127.44063,37.27839,,2021,364,364,17.11675824175823,7.626648351648344,13,0,,34.6,,,1991-2020_BASELINE_PENDING,PASS
440,AWS,127.44063,37.27839,,2022,351,351,16.097150997150983,6.547863247863246,0,1,,32.7,,,1991-2020_BASELINE_PENDING,PASS
440,AWS,127.44063,37.27839,,2023,363,363,18.413223140495884,9.069972451790633,20,11,,35.4,,,1991-2020_BASELINE_PENDING,PASS
440,AWS,127.44063,37.27839,,2024,91,91,7.325274725274727,-0.8637362637362641,0,0,,21.9,,,1991-2020_BASELINE_PENDING,INSUFFICIENT_DAYS
441,AWS,126.76244,37.60758,,2021,351,351,18.632763532763544,9.763532763532767,13,13,,35.9,,,1991-2020_BASELINE_PENDING,PASS
441,AWS,126.76244,37.60758,,2022,358,358,17.091899441340782,8.159217877094969,4,9,,35.3,,,1991-2020_BASELINE_PENDING,PASS
441,AWS,126.76244,37.60758,,2023,362,362,18.03895027624309,9.060497237569066,14,6,,35.5,,,1991-2020_BASELINE_PENDING,PASS
441,AWS,126.76244,37.60758,,2024,78,78,7.215384615384615,-1.3217948717948727,0,0,,22.5,,,1991-2020_BASELINE_PENDING,INSUFFICIENT_DAYS
442,AWS,127.28566,37.43277,,2021,249,249,14.596385542168676,2.9710843373493967,0,0,,31.2,,,1991-2020_BASELINE_PENDING,INSUFFICIENT_DAYS
442,AWS,127.28566,37.43277,,2022,359,359,18.856545961002798,6.743454038997213,23,5,,36.4,,,1991-2020_BASELINE_PENDING,PASS
442,AWS,127.28566,37.43277,,2023,326,326,21.089263803680975,9.08036809815951,32,2,,37.5,,,1991-2020_BASELINE_PENDING,PASS
443,AWS,127.30633,37.03307,,2021,365,365,16.12876712328767,5.71013698630137,1,0,,33.1,,,1991-2020_BASELINE_PENDING,PASS
443,AWS,127.30633,37.03307,,2022,305,305,15.367540983606558,4.680655737704917,0,1,,32,,,1991-2020_BASELINE_PENDING,PASS
443,AWS,127.30633,37.03307,,2023,362,362,16.729834254143647,5.784530386740325,2,0,,33.8,,,1991-2020_BASELINE_PENDING,PASS
443,AWS,127.30633,37.03307,,2024,91,91,6.138461538461537,-3.7505494505494505,0,0,,21.2,,,1991-2020_BASELINE_PENDING,INSUFFICIENT_DAYS
444,AWS,127.21367,37.53794,,2021,359,359,17.793314763231187,7.954874651810585,17,0,,35.8,,,1991-2020_BASELINE_PENDING,PASS
444,AWS,127.21367,37.53794,,2022,354,354,16.994632768361573,7.1211864406779535,7,5,,35,,,1991-2020_BASELINE_PENDING,PASS
444,AWS,127.21367,37.53794,,2023,364,364,17.852197802197804,8.056868131868132,13,2,,35.2,,,1991-2020_BASELINE_PENDING,PASS
444,AWS,127.21367,37.53794,,2024,91,91,6.826373626373627,-2.1439560439560443,0,0,,20.9,,,1991-2020_BASELINE_PENDING,INSUFFICIENT_DAYS
445,AWS,126.96884,37.34452,,2021,363,363,16.663636363636353,7.568870523415979,8,1,,33.9,,,1991-2020_BASELINE_PENDING,PASS
445,AWS,126.96884,37.34452,,2022,251,251,11.590438247011955,1.6972111553784845,0,0,,27.6,,,1991-2020_BASELINE_PENDING,INSUFFICIENT_DAYS
445,AWS,126.96884,37.34452,,2023,353,353,17.460906515580735,8.298583569405094,6,0,,33.6,,,1991-2020_BASELINE_PENDING,PASS
445,AWS,126.96884,37.34452,,2024,91,91,7.347252747252749,-1.0340659340659348,0,0,,22.1,,,1991-2020_BASELINE_PENDING,INSUFFICIENT_DAYS
446,AWS,127.06373,37.14031,,2021,364,364,16.93543956043957,7.50192307692308,7,0,,34.1,,,1991-2020_BASELINE_PENDING,PASS
446,AWS,127.06373,37.14031,,2022,362,362,16.632596685082863,7.085359116022106,2,2,,33.3,,,1991-2020_BASELINE_PENDING,PASS
446,AWS,127.06373,37.14031,,2023,364,364,18.958516483516494,9.49835164835165,21,12,,36.3,,,1991-2020_BASELINE_PENDING,PASS
446,AWS,127.06373,37.14031,,2024,91,91,8.24065934065934,-0.30329670329670344,0,0,,22.5,,,1991-2020_BASELINE_PENDING,INSUFFICIENT_DAYS
447,AWS,127.67685,37.32983,,2021,364,364,16.45659340659341,5.074175824175826,4,0,,34.1,,,1991-2020_BASELINE_PENDING,PASS
447,AWS,127.67685,37.32983,,2022,328,328,16.88963414634147,5.330487804878051,2,1,,33.5,,,1991-2020_BASELINE_PENDING,PASS
447,AWS,127.67685,37.32983,,2023,364,364,18.287087912087923,7.071978021978019,20,0,,35.3,,,1991-2020_BASELINE_PENDING,PASS
447,AWS,127.67685,37.32983,,2024,91,91,7.524175824175825,-2.85054945054945,0,0,,22,,,1991-2020_BASELINE_PENDING,INSUFFICIENT_DAYS
448,AWS,127.46399,37.40228,,2021,360,360,18.11916666666667,6.92527777777778,21,0,,36.3,,,1991-2020_BASELINE_PENDING,PASS
448,AWS,127.46399,37.40228,,2022,362,362,17.64558011049723,6.301657458563539,11,4,,35.5,,,1991-2020_BASELINE_PENDING,PASS
448,AWS,127.46399,37.40228,,2023,362,362,18.540883977900553,7.481767955801105,24,2,,36.1,,,1991-2020_BASELINE_PENDING,PASS
448,AWS,127.46399,37.40228,,2024,91,91,7.519780219780221,-2.3560439560439566,0,0,,22.1,,,1991-2020_BASELINE_PENDING,INSUFFICIENT_DAYS
449,AWS,127.44809,37.51002,,2021,365,365,17.847123287671224,7.479178082191777,14,0,,34.8,,,1991-2020_BASELINE_PENDING,PASS
449,AWS,127.44809,37.51002,,2022,342,342,19.53099415204679,8.416666666666671,25,14,,36.1,,,1991-2020_BASELINE_PENDING,PASS
449,AWS,127.44809,37.51002,,2023,364,364,20.401373626373623,9.451098901098906,47,17,,38,,,1991-2020_BASELINE_PENDING,PASS
449,AWS,127.44809,37.51002,,2024,87,87,9.19770114942529,-0.8344827586206895,0,0,,20.4,,,1991-2020_BASELINE_PENDING,INSUFFICIENT_DAYS
450,AWS,126.84896,37.59834,,2021,361,361,18.3163434903047,9.08836565096953,22,14,,37.8,,,1991-2020_BASELINE_PENDING,PASS
450,AWS,126.84896,37.59834,,2022,358,358,17.40726256983242,8.296368715083798,12,14,,35.8,,,1991-2020_BASELINE_PENDING,PASS
450,AWS,126.84896,37.59834,,2023,353,353,18.376487252124644,9.068271954674218,11,7,,35,,,1991-2020_BASELINE_PENDING,PASS
450,AWS,126.84896,37.59834,,2024,91,91,7.48901098901099,-1.5428571428571423,0,0,,22.3,,,1991-2020_BASELINE_PENDING,INSUFFICIENT_DAYS
451,AWS,127.20483,37.69851,,2021,341,341,17.035190615835777,7.005571847507333,13,2,,36.2,,,1991-2020_BASELINE_PENDING,PASS
451,AWS,127.20483,37.69851,,2022,340,340,16.768529411764703,6.503823529411771,10,2,,34.7,,,1991-2020_BASELINE_PENDING,PASS
451,AWS,127.20483,37.69851,,2023,361,361,18.605540166204978,8.598891966759002,26,4,,36,,,1991-2020_BASELINE_PENDING,PASS
451,AWS,127.20483,37.69851,,2024,91,91,7.860439560439557,-1.4417582417582413,0,0,,23.4,,,1991-2020_BASELINE_PENDING,INSUFFICIENT_DAYS
452,AWS,127.22638,37.93408,,2021,314,314,17.545859872611462,6.128980891719749,11,0,,36,,,1991-2020_BASELINE_PENDING,PASS
452,AWS,127.22638,37.93408,,2022,360,360,17.081388888888902,4.934722222222219,10,0,,36.3,,,1991-2020_BASELINE_PENDING,PASS
452,AWS,127.22638,37.93408,,2023,358,358,17.306703910614512,5.737709497206699,10,0,,34.3,,,1991-2020_BASELINE_PENDING,PASS
452,AWS,127.22638,37.93408,,2024,91,91,6.348351648351649,-4.915384615384612,0,0,,22,,,1991-2020_BASELINE_PENDING,INSUFFICIENT_DAYS
453,AWS,126.89644,37.44205,,2021,365,365,18.108767123287663,9.290684931506846,11,11,,35.5,,,1991-2020_BASELINE_PENDING,PASS
453,AWS,126.89644,37.44205,,2022,362,362,17.568232044198894,8.795580110497237,5,16,,35,,,1991-2020_BASELINE_PENDING,PASS
453,AWS,126.89644,37.44205,,2023,355,355,18.71323943661972,9.839436619718308,16,13,,35.9,,,1991-2020_BASELINE_PENDING,PASS
453,AWS,126.89644,37.44205,,2024,87,87,8.31494252873563,0.06321839080459807,0,0,,22.7,,,1991-2020_BASELINE_PENDING,INSUFFICIENT_DAYS
454,AWS,127.06693,37.97426,,2021,358,358,17.568994413407804,6.951396648044693,11,0,,36,,,1991-2020_BASELINE_PENDING,PASS
454,AWS,127.06693,37.97426,,2022,321,321,16.211838006230543,5.609968847352029,4,1,,35,,,1991-2020_BASELINE_PENDING,PASS
454,AWS,127.06693,37.97426,,2023,363,363,18.048484848484836,7.535537190082644,23,3,,34.9,,,1991-2020_BASELINE_PENDING,PASS
454,AWS,127.06693,37.97426,,2024,90,90,7.066666666666666,-3.042222222222222,0,0,,22.8,,,1991-2020_BASELINE_PENDING,INSUFFICIENT_DAYS
455,AWS,127.50083,37.84598,,2021,365,365,17.124931506849325,5.721095890410959,11,0,,35.1,,,1991-2020_BASELINE_PENDING,PASS
455,AWS,127.50083,37.84598,,2022,360,360,16.829166666666666,4.879722222222221,5,0,,34.2,,,1991-2020_BASELINE_PENDING,PASS
455,AWS,127.50083,37.84598,,2023,363,363,18.314049586776868,6.78539944903581,22,0,,34.7,,,1991-2020_BASELINE_PENDING,PASS
455,AWS,127.50083,37.84598,,2024,91,91,7.758241758241761,-3.371428571428571,0,0,,22.3,,,1991-2020_BASELINE_PENDING,INSUFFICIENT_DAYS
456,AWS,127.07564,38.09632,,2021,361,361,16.817728531855952,5.219390581717453,11,1,,33.9,,,1991-2020_BASELINE_PENDING,PASS
456,AWS,127.07564,38.09632,,2022,362,362,16.39060773480664,4.698342541436467,7,9,,36.4,,,1991-2020_BASELINE_PENDING,PASS
456,AWS,127.07564,38.09632,,2023,364,364,15.990934065934077,5.141208791208787,2,0,,34.2,,,1991-2020_BASELINE_PENDING,PASS
456,AWS,127.07564,38.09632,,2024,91,91,5.240659340659341,-5.393406593406594,0,0,,20.7,,,1991-2020_BASELINE_PENDING,INSUFFICIENT_DAYS
457,AWS,127.19412,37.522,,2021,361,361,18.842105263157908,8.13047091412743,21,4,,36.3,,,1991-2020_BASELINE_PENDING,PASS
457,AWS,127.19412,37.522,,2022,344,344,17.954941860465116,6.825290697674418,10,5,,36.1,,,1991-2020_BASELINE_PENDING,PASS
457,AWS,127.19412,37.522,,2023,352,352,19.57329545454543,8.696875000000006,30,5,,37.6,,,1991-2020_BASELINE_PENDING,PASS
457,AWS,127.19412,37.522,,2024,91,91,8.264835164835166,-1.7461538461538468,0,0,,23.3,,,1991-2020_BASELINE_PENDING,INSUFFICIENT_DAYS
458,AWS,127.30579,37.4747,,2021,365,365,19.183287671232865,6.946027397260277,33,0,,38,,,1991-2020_BASELINE_PENDING,PASS
458,AWS,127.30579,37.4747,,2022,361,361,18.53518005540168,5.957894736842106,27,2,,36.8,,,1991-2020_BASELINE_PENDING,PASS
458,AWS,127.30579,37.4747,,2023,364,364,18.52912087912087,6.012087912087905,33,0,,37.1,,,1991-2020_BASELINE_PENDING,PASS
458,AWS,127.30579,37.4747,,2024,91,91,7.130769230769229,-3.998901098901098,0,0,,23.8,,,1991-2020_BASELINE_PENDING,INSUFFICIENT_DAYS
459,AWS,127.19675,37.34545,,2021,363,363,18.718181818181822,7.941597796143255,21,2,,36.5,,,1991-2020_BASELINE_PENDING,PASS
459,AWS,127.19675,37.34545,,2022,360,360,17.971666666666657,7.15638888888889,13,9,,35.7,,,1991-2020_BASELINE_PENDING,PASS
459,AWS,127.19675,37.34545,,2023,354,354,18.998587570621478,8.261299435028246,22,2,,36,,,1991-2020_BASELINE_PENDING,PASS
459,AWS,127.19675,37.34545,,2024,91,91,7.642857142857139,-1.9736263736263728,0,0,,22.3,,,1991-2020_BASELINE_PENDING,INSUFFICIENT_DAYS
460,AWS,127.40541,37.36887,,2021,214,214,16.453271028037385,4.157009345794392,8,0,,35.5,,,1991-2020_BASELINE_PENDING,INSUFFICIENT_DAYS
460,AWS,127.40541,37.36887,,2022,362,362,18.36491712707183,5.78729281767956,22,6,,36.7,,,1991-2020_BASELINE_PENDING,PASS
460,AWS,127.40541,37.36887,,2023,345,345,19.80289855072462,7.417681159420289,37,1,,38.5,,,1991-2020_BASELINE_PENDING,PASS
460,AWS,127.40541,37.36887,,2024,81,81,7.754320987654321,-4.093827160493826,0,0,,22.9,,,1991-2020_BASELINE_PENDING,INSUFFICIENT_DAYS
461,AWS,127.35799,37.24896,,2021,365,365,16.83780821917806,5.728219178082194,14,0,,34.8,,,1991-2020_BASELINE_PENDING,PASS
461,AWS,127.35799,37.24896,,2022,356,356,15.829213483146075,4.6306179775280905,5,0,,33.4,,,1991-2020_BASELINE_PENDING,PASS
461,AWS,127.35799,37.24896,,2023,364,364,16.953571428571436,5.7868131868131885,14,0,,35.1,,,1991-2020_BASELINE_PENDING,PASS
461,AWS,127.35799,37.24896,,2024,91,91,5.4604395604395615,-4.327472527472528,0,0,,20.9,,,1991-2020_BASELINE_PENDING,INSUFFICIENT_DAYS
462,AWS,127.48022,37.17172,,2021,357,357,16.989355742296922,6.497198879551824,9,0,,34.2,,,1991-2020_BASELINE_PENDING,PASS
462,AWS,127.48022,37.17172,,2022,356,356,16.484831460674148,5.728089887640444,0,3,,32.9,,,1991-2020_BASELINE_PENDING,PASS
462,AWS,127.48022,37.17172,,2023,362,362,18.733149171270718,8.191436464088392,22,3,,35.7,,,1991-2020_BASELINE_PENDING,PASS
462,AWS,127.48022,37.17172,,2024,91,91,7.797802197802197,-1.5681318681318677,0,0,,23.2,,,1991-2020_BASELINE_PENDING,INSUFFICIENT_DAYS
463,AWS,127.54805,37.33164,,2021,359,359,18.252367688022293,7.250139275766019,19,0,,35.8,,,1991-2020_BASELINE_PENDING,PASS
463,AWS,127.54805,37.33164,,2022,357,357,17.408123249299713,5.913165266106446,13,8,,35.1,,,1991-2020_BASELINE_PENDING,PASS
463,AWS,127.54805,37.33164,,2023,364,364,18.37802197802198,7.355219780219777,23,2,,36.1,,,1991-2020_BASELINE_PENDING,PASS
463,AWS,127.54805,37.33164,,2024,91,91,7.298901098901097,-2.840659340659342,0,0,,22.4,,,1991-2020_BASELINE_PENDING,INSUFFICIENT_DAYS
464,AWS,127.66095,37.20418,,2021,364,364,18.710164835164846,6.674450549450545,27,1,,36.6,,,1991-2020_BASELINE_PENDING,PASS
464,AWS,127.66095,37.20418,,2022,358,358,18.12988826815642,5.848044692737426,15,2,,36.6,,,1991-2020_BASELINE_PENDING,PASS
464,AWS,127.66095,37.20418,,2023,347,347,19.847838616714693,8.012103746397694,34,9,,37.6,,,1991-2020_BASELINE_PENDING,PASS
464,AWS,127.66095,37.20418,,2024,91,91,9.379120879120876,-1.1593406593406592,0,0,,24.8,,,1991-2020_BASELINE_PENDING,INSUFFICIENT_DAYS
465,AWS,127.54852,37.20354,,2021,364,364,17.717857142857127,6.184065934065928,18,0,,36.5,,,1991-2020_BASELINE_PENDING,PASS
465,AWS,127.54852,37.20354,,2022,362,362,17.21408839779006,5.49889502762431,9,1,,35.2,,,1991-2020_BASELINE_PENDING,PASS
465,AWS,127.54852,37.20354,,2023,364,364,19.14642857142857,7.792032967032965,30,3,,36.6,,,1991-2020_BASELINE_PENDING,PASS
465,AWS,127.54852,37.20354,,2024,91,91,7.9010989010989,-2.1725274725274724,0,0,,22.6,,,1991-2020_BASELINE_PENDING,INSUFFICIENT_DAYS
466,AWS,127.53435,37.38974,,2021,360,360,17.937777777777782,6.378333333333336,18,0,,36,,,1991-2020_BASELINE_PENDING,PASS
466,AWS,127.53435,37.38974,,2022,361,361,18.208864265927975,6.236565096952907,19,0,,36.3,,,1991-2020_BASELINE_PENDING,PASS
466,AWS,127.53435,37.38974,,2023,364,364,20.739560439560428,9.072527472527472,51,14,,38.2,,,1991-2020_BASELINE_PENDING,PASS
466,AWS,127.53435,37.38974,,2024,91,91,9.617582417582419,-0.852747252747253,0,0,,24.7,,,1991-2020_BASELINE_PENDING,INSUFFICIENT_DAYS
467,AWS,127.21575,37.09414,,2021,365,365,19.65342465753427,9.061917808219174,28,7,,37.3,,,1991-2020_BASELINE_PENDING,PASS
467,AWS,127.21575,37.09414,,2022,290,290,20.265517241379314,9.571724137931037,14,7,,35.7,,,1991-2020_BASELINE_PENDING,INSUFFICIENT_DAYS
467,AWS,127.21575,37.09414,,2023,287,287,22.5836236933798,11.773519163763064,32,2,,37,,,1991-2020_BASELINE_PENDING,INSUFFICIENT_DAYS
467,AWS,127.21575,37.09414,,2024,91,91,8.57802197802198,-1.0791208791208795,0,0,,23.9,,,1991-2020_BASELINE_PENDING,INSUFFICIENT_DAYS
468,AWS,127.25925,36.94309,,2021,316,316,19.037025316455683,7.964240506329117,29,5,,37,,,1991-2020_BASELINE_PENDING,PASS
468,AWS,127.25925,36.94309,,2022,362,362,19.13756906077347,7.674309392265186,24,16,,36,,,1991-2020_BASELINE_PENDING,PASS
468,AWS,127.25925,36.94309,,2023,327,327,21.402446483180434,9.980733944954126,29,4,,37,,,1991-2020_BASELINE_PENDING,PASS
468,AWS,127.25925,36.94309,,2024,34,34,12.629411764705884,1.4294117647058824,0,0,,22.4,,,1991-2020_BASELINE_PENDING,INSUFFICIENT_DAYS
469,AWS,127.43374,37.14077,,2021,365,365,19.128493150684914,7.884931506849318,29,1,,37.2,,,1991-2020_BASELINE_PENDING,PASS
469,AWS,127.43374,37.14077,,2022,311,311,19.8048231511254,8.506109324758839,23,10,,36.7,,,1991-2020_BASELINE_PENDING,PASS
469,AWS,127.43374,37.14077,,2023,323,323,20.844582043343635,9.415479876160994,34,0,,36.5,,,1991-2020_BASELINE_PENDING,PASS
469,AWS,127.43374,37.14077,,2024,91,91,8.44175824175824,-1.495604395604395,0,0,,23.3,,,1991-2020_BASELINE_PENDING,INSUFFICIENT_DAYS
470,AWS,127.26962,37.08056,,2021,365,365,19.057534246575337,8.595068493150686,17,2,,37.3,,,1991-2020_BASELINE_PENDING,PASS
470,AWS,127.26962,37.08056,,2022,195,195,15.844615384615393,3.4528205128205145,4,2,,34.9,,,1991-2020_BASELINE_PENDING,INSUFFICIENT_DAYS
470,AWS,127.26962,37.08056,,2023,331,331,18.89063444108761,7.533534743202416,21,3,,39.3,,,1991-2020_BASELINE_PENDING,PASS
470,AWS,127.26962,37.08056,,2024,91,91,8.951648351648354,-1.081318681318682,0,0,,24.3,,,1991-2020_BASELINE_PENDING,INSUFFICIENT_DAYS
471,AWS,127.06491,37.06639,,2021,365,365,18.742191780821933,10.018630136986307,20,16,,36,,,1991-2020_BASELINE_PENDING,PASS
471,AWS,127.06491,37.06639,,2022,359,359,18.357381615598868,9.627019498607245,13,17,,35.8,,,1991-2020_BASELINE_PENDING,PASS
471,AWS,127.06491,37.06639,,2023,350,350,19.106571428571417,10.247714285714283,24,15,,38.2,,,1991-2020_BASELINE_PENDING,PASS
471,AWS,127.06491,37.06639,,2024,91,91,8.287912087912089,0.4703296703296704,0,0,,22.5,,,1991-2020_BASELINE_PENDING,INSUFFICIENT_DAYS
472,AWS,126.85475,36.9845,,2021,350,350,17.870571428571434,9.355142857142862,13,14,,35.2,,,1991-2020_BASELINE_PENDING,PASS
472,AWS,126.85475,36.9845,,2022,355,355,17.40591549295776,9.030422535211263,9,14,,35,,,1991-2020_BASELINE_PENDING,PASS
472,AWS,126.85475,36.9845,,2023,339,339,18.45191740412981,9.986135693215346,10,5,,34.8,,,1991-2020_BASELINE_PENDING,PASS
472,AWS,126.85475,36.9845,,2024,91,91,7.975824175824174,0.4802197802197809,0,0,,23,,,1991-2020_BASELINE_PENDING,INSUFFICIENT_DAYS
473,AWS,127.18636,37.84864,,2021,348,348,16.35488505747125,6.066379310344834,10,0,,34.7,,,1991-2020_BASELINE_PENDING,PASS
473,AWS,127.18636,37.84864,,2022,357,357,15.6078431372549,5.3703081232492975,1,0,,34,,,1991-2020_BASELINE_PENDING,PASS
473,AWS,127.18636,37.84864,,2023,354,354,16.541807909604522,6.577683615819209,0,0,,32.8,,,1991-2020_BASELINE_PENDING,PASS
473,AWS,127.18636,37.84864,,2024,87,87,5.758620689655171,-3.7333333333333343,0,0,,20.4,,,1991-2020_BASELINE_PENDING,INSUFFICIENT_DAYS
474,AWS,127.2755,38.08909,,2021,364,364,17.16153846153845,6.498076923076924,11,1,,35.5,,,1991-2020_BASELINE_PENDING,PASS
474,AWS,127.2755,38.08909,,2022,361,361,16.324376731301932,5.493905817174509,5,1,,34.7,,,1991-2020_BASELINE_PENDING,PASS
474,AWS,127.2755,38.08909,,2023,351,351,17.020797720797713,6.48632478632479,9,1,,33.8,,,1991-2020_BASELINE_PENDING,PASS
474,AWS,127.2755,38.08909,,2024,91,91,6.5186813186813195,-3.452747252747252,0,0,,21.9,,,1991-2020_BASELINE_PENDING,INSUFFICIENT_DAYS
475,AWS,127.2512,38.15774,,2021,361,361,18.070637119113584,6.936011080332405,19,1,,37.9,,,1991-2020_BASELINE_PENDING,PASS
475,AWS,127.2512,38.15774,,2022,361,361,17.16011080332411,5.855955678670358,12,2,,37.3,,,1991-2020_BASELINE_PENDING,PASS
475,AWS,127.2512,38.15774,,2023,364,364,17.905219780219777,6.843681318681322,27,1,,35.1,,,1991-2020_BASELINE_PENDING,PASS
475,AWS,127.2512,38.15774,,2024,91,91,6.874725274725276,-3.3615384615384603,0,0,,23,,,1991-2020_BASELINE_PENDING,INSUFFICIENT_DAYS
476,AWS,127.28831,37.90132,,2021,361,361,17.609141274238237,5.227146814404434,12,0,,36.3,,,1991-2020_BASELINE_PENDING,PASS
476,AWS,127.28831,37.90132,,2022,354,354,16.83644067796611,4.300564971751411,7,0,,35.8,,,1991-2020_BASELINE_PENDING,PASS
476,AWS,127.28831,37.90132,,2023,362,362,17.832596685082873,5.930110497237572,9,0,,34.5,,,1991-2020_BASELINE_PENDING,PASS
476,AWS,127.28831,37.90132,,2024,91,91,7.238461538461537,-4.302197802197803,0,0,,22.9,,,1991-2020_BASELINE_PENDING,INSUFFICIENT_DAYS
477,AWS,127.0441,37.9056,,2021,254,254,22.625984251968504,11.396456692913391,25,4,,39.6,,,1991-2020_BASELINE_PENDING,INSUFFICIENT_DAYS
477,AWS,127.0441,37.9056,,2022,362,362,17.951104972375692,6.374309392265196,14,7,,38,,,1991-2020_BASELINE_PENDING,PASS
477,AWS,127.0441,37.9056,,2023,363,363,19.516804407713487,7.971074380165287,37,8,,37,,,1991-2020_BASELINE_PENDING,PASS
477,AWS,127.0441,37.9056,,2024,90,90,8.200000000000003,-2.8866666666666694,0,0,,25.3,,,1991-2020_BASELINE_PENDING,INSUFFICIENT_DAYS
478,AWS,127.01279,38.05857,,2021,362,362,17.667403314917117,5.983149171270719,12,0,,36.6,,,1991-2020_BASELINE_PENDING,PASS
478,AWS,127.01279,38.05857,,2022,362,362,16.635359116022087,4.7080110497237575,5,1,,36,,,1991-2020_BASELINE_PENDING,PASS
478,AWS,127.01279,38.05857,,2023,364,364,17.477197802197818,6.134615384615382,12,1,,34.4,,,1991-2020_BASELINE_PENDING,PASS
478,AWS,127.01279,38.05857,,2024,91,91,6.919780219780222,-4.423076923076923,0,0,,22.6,,,1991-2020_BASELINE_PENDING,INSUFFICIENT_DAYS
479,AWS,126.88427,37.98183,,2021,365,365,17.337534246575338,6.366301369863021,10,0,,35,,,1991-2020_BASELINE_PENDING,PASS
479,AWS,126.88427,37.98183,,2022,362,362,16.5953038674033,5.335635359116022,4,0,,35,,,1991-2020_BASELINE_PENDING,PASS
479,AWS,126.88427,37.98183,,2023,363,363,17.887878787878783,7.188154269972456,14,0,,34.6,,,1991-2020_BASELINE_PENDING,PASS
479,AWS,126.88427,37.98183,,2024,91,91,7.427472527472526,-3.1824175824175844,0,0,,22.9,,,1991-2020_BASELINE_PENDING,INSUFFICIENT_DAYS
480,AWS,126.99289,38.04743,,2021,365,365,16.809589041095887,4.35808219178082,13,0,,35.1,,,1991-2020_BASELINE_PENDING,PASS
480,AWS,126.99289,38.04743,,2022,361,361,16.241551246537387,3.521883656509698,2,0,,34.9,,,1991-2020_BASELINE_PENDING,PASS
480,AWS,126.99289,38.04743,,2023,363,363,18.318457300275476,6.357575757575752,25,2,,35.1,,,1991-2020_BASELINE_PENDING,PASS
480,AWS,126.99289,38.04743,,2024,82,82,6.719512195121954,-5.1463414634146325,0,0,,16.9,,,1991-2020_BASELINE_PENDING,INSUFFICIENT_DAYS
481,AWS,126.71624,37.80246,,2021,346,346,17.899132947976874,7.016184971098269,21,2,,36.6,,,1991-2020_BASELINE_PENDING,PASS
481,AWS,126.71624,37.80246,,2022,350,350,17.424000000000003,6.56742857142857,12,3,,36.1,,,1991-2020_BASELINE_PENDING,PASS
481,AWS,126.71624,37.80246,,2023,362,362,18.582872928176794,8.105801104972377,28,6,,36.1,,,1991-2020_BASELINE_PENDING,PASS
481,AWS,126.71624,37.80246,,2024,89,89,7.750561797752806,-2.3764044943820233,0,0,,24.9,,,1991-2020_BASELINE_PENDING,INSUFFICIENT_DAYS
482,AWS,126.85131,37.77602,,2021,365,365,17.04958904109589,5.10986301369863,12,0,,36.1,,,1991-2020_BASELINE_PENDING,PASS
482,AWS,126.85131,37.77602,,2022,355,355,16.956901408450708,4.5819718309859185,10,0,,35.7,,,1991-2020_BASELINE_PENDING,PASS
482,AWS,126.85131,37.77602,,2023,361,361,18.926592797783936,7.448476454293631,30,3,,36.4,,,1991-2020_BASELINE_PENDING,PASS
482,AWS,126.85131,37.77602,,2024,91,91,8.32857142857143,-2.805494505494504,0,0,,24.5,,,1991-2020_BASELINE_PENDING,INSUFFICIENT_DAYS
483,AWS,126.78913,37.92526,,2021,347,347,18.309221902017285,6.561671469740632,15,0,,36.9,,,1991-2020_BASELINE_PENDING,PASS
483,AWS,126.78913,37.92526,,2022,360,360,17.48527777777779,5.161388888888888,11,3,,37.4,,,1991-2020_BASELINE_PENDING,PASS
483,AWS,126.78913,37.92526,,2023,334,334,19.42455089820358,7.873053892215571,22,0,,35.8,,,1991-2020_BASELINE_PENDING,PASS
483,AWS,126.78913,37.92526,,2024,91,91,7.593406593406595,-4.2,0,0,,23.9,,,1991-2020_BASELINE_PENDING,INSUFFICIENT_DAYS
484,AWS,127.31645,37.64656,,2021,335,335,19.456716417910464,8.759402985074622,25,0,,36.9,,,1991-2020_BASELINE_PENDING,PASS
484,AWS,127.31645,37.64656,,2023,242,242,21.718181818181797,12.11280991735537,18,1,,35.6,,,1991-2020_BASELINE_PENDING,INSUFFICIENT_DAYS
484,AWS,127.31645,37.64656,,2024,91,91,6.974725274725277,-2.4208791208791203,0,0,,22.6,,,1991-2020_BASELINE_PENDING,INSUFFICIENT_DAYS
485,AWS,127.49483,37.67617,,2021,361,361,19.436842105263146,7.008864265927972,30,0,,38.6,,,1991-2020_BASELINE_PENDING,PASS
485,AWS,127.49483,37.67617,,2022,347,347,19.191066282420735,6.300000000000005,26,4,,36.9,,,1991-2020_BASELINE_PENDING,PASS
485,AWS,127.49483,37.67617,,2023,357,357,19.549019607843125,7.122408963585437,38,0,,37.5,,,1991-2020_BASELINE_PENDING,PASS
485,AWS,127.49483,37.67617,,2024,85,85,7.976470588235294,-3.429411764705883,0,0,,23.6,,,1991-2020_BASELINE_PENDING,INSUFFICIENT_DAYS
486,AWS,127.41448,37.73474,,2021,332,332,18.428915662650603,7.096084337349394,31,1,,38.5,,,1991-2020_BASELINE_PENDING,PASS
486,AWS,127.41448,37.73474,,2022,294,294,19.273809523809522,8.07925170068027,14,4,,36.4,,,1991-2020_BASELINE_PENDING,INSUFFICIENT_DAYS
486,AWS,127.41448,37.73474,,2023,343,343,19.30495626822158,8.343731778425648,31,1,,36.6,,,1991-2020_BASELINE_PENDING,PASS
486,AWS,127.41448,37.73474,,2024,91,91,8.126373626373624,-2.149450549450549,0,0,,23.6,,,1991-2020_BASELINE_PENDING,INSUFFICIENT_DAYS
487,AWS,126.55229,37.64527,,2021,365,365,18.090410958904116,8.472876712328771,12,5,,36.8,,,1991-2020_BASELINE_PENDING,PASS
487,AWS,126.55229,37.64527,,2022,358,358,16.926536312849176,7.4145251396648035,3,7,,35.4,,,1991-2020_BASELINE_PENDING,PASS
487,AWS,126.55229,37.64527,,2023,362,362,17.53011049723759,8.351933701657465,6,1,,34.8,,,1991-2020_BASELINE_PENDING,PASS
487,AWS,126.55229,37.64527,,2024,91,91,7.113186813186811,-2.125274725274726,0,0,,22.5,,,1991-2020_BASELINE_PENDING,INSUFFICIENT_DAYS
488,AWS,126.73004,37.21819,,2021,365,365,16.65780821917809,8.30301369863013,7,0,,34.5,,,1991-2020_BASELINE_PENDING,PASS
488,AWS,126.73004,37.21819,,2022,283,283,16.484098939929346,7.741696113074202,2,3,,33.6,,,1991-2020_BASELINE_PENDING,INSUFFICIENT_DAYS
488,AWS,126.73004,37.21819,,2023,331,331,18.69607250755287,9.31873111782477,15,7,,35.3,,,1991-2020_BASELINE_PENDING,PASS
488,AWS,126.73004,37.21819,,2024,74,74,7.462162162162163,-1.4432432432432434,0,0,,22.5,,,1991-2020_BASELINE_PENDING,INSUFFICIENT_DAYS
489,AWS,126.70881,37.16658,,2021,363,363,16.24986225895318,7.874104683195597,10,0,,34.4,,,1991-2020_BASELINE_PENDING,PASS
489,AWS,126.70881,37.16658,,2022,334,334,16.1877245508982,8.294610778443115,0,2,,32.3,,,1991-2020_BASELINE_PENDING,PASS
489,AWS,126.70881,37.16658,,2023,356,356,15.951123595505617,8.057022471910113,1,0,,33.2,,,1991-2020_BASELINE_PENDING,PASS
489,AWS,126.70881,37.16658,,2024,91,91,4.979120879120879,-2.3296703296703294,0,0,,19.5,,,1991-2020_BASELINE_PENDING,INSUFFICIENT_DAYS
491,AWS,127.0208333,38.0822222,,2021,360,360,17.536666666666655,6.352777777777779,9,1,,34.1,,,1991-2020_BASELINE_PENDING,PASS
491,AWS,127.0208333,38.0822222,,2022,362,362,16.981767955801093,4.75110497237569,9,6,,35.7,,,1991-2020_BASELINE_PENDING,PASS
491,AWS,127.0208333,38.0822222,,2023,348,348,17.494827586206913,5.686206896551721,19,2,,34.7,,,1991-2020_BASELINE_PENDING,PASS
491,AWS,127.0208333,38.0822222,,2024,91,91,6.8538461538461535,-4.935164835164836,0,0,,22.8,,,1991-2020_BASELINE_PENDING,INSUFFICIENT_DAYS
492,AWS,126.85136,37.41553,,2021,355,355,17.88028169014084,8.727042253521129,14,3,,35.8,,,1991-2020_BASELINE_PENDING,PASS
492,AWS,126.85136,37.41553,,2022,362,362,16.866022099447513,7.831491712707175,6,9,,34.9,,,1991-2020_BASELINE_PENDING,PASS
492,AWS,126.85136,37.41553,,2023,364,364,18.305769230769215,8.85357142857143,16,6,,154,,,1991-2020_BASELINE_PENDING,PASS
492,AWS,126.85136,37.41553,,2024,90,90,6.915555555555557,-1.4000000000000001,0,0,,22.7,,,1991-2020_BASELINE_PENDING,INSUFFICIENT_DAYS
493,AWS,127.00805,36.73615,1111000,2021,364,364,18.748626373626365,8.121978021978025,16,0,,35.1,,,1991-2020_BASELINE_PENDING,PASS
493,AWS,127.00805,36.73615,1111000,2022,241,241,21.849377593361,12.014107883817424,6,13,,34.7,,,1991-2020_BASELINE_PENDING,INSUFFICIENT_DAYS
493,AWS,127.00805,36.73615,1111000,2023,363,363,18.87658402203857,8.610743801652895,15,3,,36,,,1991-2020_BASELINE_PENDING,PASS
493,AWS,127.00805,36.73615,1111000,2024,90,90,7.774444444444447,-1.3233333333333337,0,0,,20.6,,,1991-2020_BASELINE_PENDING,INSUFFICIENT_DAYS
494,AWS,127.24028,36.53083,1111000,2021,365,365,18.726301369863005,8.74027397260274,14,0,,34.5,,,1991-2020_BASELINE_PENDING,PASS
494,AWS,127.24028,36.53083,1111000,2022,365,365,18.507671232876714,8.207397260273977,12,14,,35.5,,,1991-2020_BASELINE_PENDING,PASS
494,AWS,127.24028,36.53083,1111000,2023,364,364,18.83653846153846,8.726098901098894,15,0,,36,,,1991-2020_BASELINE_PENDING,PASS
494,AWS,127.24028,36.53083,1111000,2024,91,91,8.478021978021976,-0.5571428571428574,0,0,,21.1,,,1991-2020_BASELINE_PENDING,INSUFFICIENT_DAYS
495,AWS,127.16254,36.98062,1111000,2021,365,365,18.940821917808208,8.505479452054798,18,6,,36.3,,,1991-2020_BASELINE_PENDING,PASS
495,AWS,127.16254,36.98062,1111000,2022,365,365,18.32739726027398,7.784383561643835,13,16,,35.9,,,1991-2020_BASELINE_PENDING,PASS
495,AWS,127.16254,36.98062,1111000,2023,364,364,19.220054945054954,8.89120879120879,22,9,,36.1,,,1991-2020_BASELINE_PENDING,PASS
495,AWS,127.16254,36.98062,1111000,2024,91,91,8.18901098901099,-1.1076923076923078,0,0,,22.7,,,1991-2020_BASELINE_PENDING,INSUFFICIENT_DAYS
496,AWS,127.26876,36.45853,1111000,2021,365,365,19.01890410958905,7.719452054794518,18,0,,35.5,,,1991-2020_BASELINE_PENDING,PASS
496,AWS,127.26876,36.45853,1111000,2022,365,365,18.72657534246574,6.945753424657531,15,11,,35,,,1991-2020_BASELINE_PENDING,PASS
496,AWS,127.26876,36.45853,1111000,2023,364,364,19.55934065934064,8.154945054945056,22,1,,35.5,,,1991-2020_BASELINE_PENDING,PASS
496,AWS,127.26876,36.45853,1111000,2024,90,90,8.692222222222219,-1.7533333333333327,0,0,,21,,,1991-2020_BASELINE_PENDING,INSUFFICIENT_DAYS
497,AWS,128.85147,37.57516,1111000,2021,365,365,13.856712328767124,3.3087671232876725,0,0,,31.7,,,1991-2020_BASELINE_PENDING,PASS
497,AWS,128.85147,37.57516,1111000,2022,365,365,13.874246575342466,2.442191780821923,0,0,,30.8,,,1991-2020_BASELINE_PENDING,PASS
497,AWS,128.85147,37.57516,1111000,2023,365,365,14.596986301369878,3.280273972602741,0,0,,31.7,,,1991-2020_BASELINE_PENDING,PASS
497,AWS,128.85147,37.57516,1111000,2024,91,91,2.5978021978021975,-7.743956043956046,0,0,,14.5,,,1991-2020_BASELINE_PENDING,INSUFFICIENT_DAYS
498,AWS,128.51447,37.87925,11111000,2021,365,365,11.427945205479451,3.347945205479453,0,0,,28.1,,,1991-2020_BASELINE_PENDING,PASS
498,AWS,128.51447,37.87925,11111000,2022,365,365,11.448767123287665,2.9268493150684893,0,0,,28.1,,,1991-2020_BASELINE_PENDING,PASS
498,AWS,128.51447,37.87925,11111000,2023,364,364,12.21153846153846,3.8480769230769227,0,0,,29.5,,,1991-2020_BASELINE_PENDING,PASS
498,AWS,128.51447,37.87925,11111000,2024,90,90,-0.002222222222221484,-6.955555555555557,0,0,,11,,,1991-2020_BASELINE_PENDING,INSUFFICIENT_DAYS
500,AWS,126.47015,37.66571,1111000,2021,360,360,17.814722222222237,8.114444444444448,23,8,,36.4,,,1991-2020_BASELINE_PENDING,PASS
500,AWS,126.47015,37.66571,1111000,2022,358,358,17.046648044692738,7.412011173184354,7,6,,34.3,,,1991-2020_BASELINE_PENDING,PASS
500,AWS,126.47015,37.66571,1111000,2023,365,365,17.886027397260264,8.443013698630137,16,1,,35.1,,,1991-2020_BASELINE_PENDING,PASS
500,AWS,126.47015,37.66571,1111000,2024,91,91,6.681318681318684,-2.0043956043956053,0,0,,22.1,,,1991-2020_BASELINE_PENDING,INSUFFICIENT_DAYS
501,AWS,125.69819,37.65891,1111000,2021,365,365,15.829315068493155,9.342465753424658,0,8,,32.8,,,1991-2020_BASELINE_PENDING,PASS
501,AWS,125.69819,37.65891,1111000,2022,365,365,14.95068493150685,8.556986301369864,1,12,,33.6,,,1991-2020_BASELINE_PENDING,PASS
501,AWS,125.69819,37.65891,1111000,2023,363,363,15.825068870523399,9.608815426997243,0,6,,32.9,,,1991-2020_BASELINE_PENDING,PASS
501,AWS,125.69819,37.65891,1111000,2024,91,91,5.401098901098901,-1.0186813186813202,0,0,,18.8,,,1991-2020_BASELINE_PENDING,INSUFFICIENT_DAYS
502,AWS,126.29164,37.78944,1111000,2021,364,364,16.868406593406608,8.245604395604396,6,3,,36,,,1991-2020_BASELINE_PENDING,PASS
502,AWS,126.29164,37.78944,1111000,2022,365,365,15.94164383561643,7.269589041095885,1,10,,34.7,,,1991-2020_BASELINE_PENDING,PASS
502,AWS,126.29164,37.78944,1111000,2023,361,361,16.848753462603877,8.552354570637121,4,2,,34.9,,,1991-2020_BASELINE_PENDING,PASS
502,AWS,126.29164,37.78944,1111000,2024,91,91,6.06923076923077,-2.307692307692307,0,0,,21,,,1991-2020_BASELINE_PENDING,INSUFFICIENT_DAYS
503,AWS,126.71193,37.90804,1111000,2021,365,365,17.153150684931497,5.9980821917808225,9,0,,34.3,,,1991-2020_BASELINE_PENDING,PASS
503,AWS,126.71193,37.90804,1111000,2022,365,365,16.45835616438356,4.896986301369859,1,2,,34.5,,,1991-2020_BASELINE_PENDING,PASS
503,AWS,126.71193,37.90804,1111000,2023,355,355,17.24309859154929,6.5394366197183125,3,0,,33.4,,,1991-2020_BASELINE_PENDING,PASS
503,AWS,126.71193,37.90804,1111000,2024,91,91,7.043956043956046,-4.170329670329671,0,0,,22.8,,,1991-2020_BASELINE_PENDING,INSUFFICIENT_DAYS
504,AWS,127.18073,37.87035,1111000,2021,359,359,17.58690807799443,6.31615598885794,9,2,,36,,,1991-2020_BASELINE_PENDING,PASS
504,AWS,127.18073,37.87035,1111000,2022,362,362,17.31546961325966,5.925966850828725,7,7,,35.2,,,1991-2020_BASELINE_PENDING,PASS
504,AWS,127.18073,37.87035,1111000,2023,364,364,18.189010989010995,7.175824175824176,18,2,,34.8,,,1991-2020_BASELINE_PENDING,PASS
504,AWS,127.18073,37.87035,1111000,2024,91,91,7.402197802197805,-3.425274725274727,0,0,,22.7,,,1991-2020_BASELINE_PENDING,INSUFFICIENT_DAYS
505,AWS,127.34543,37.82439,1111000,2021,365,365,17.174520547945217,5.872328767123287,13,0,,34.7,,,1991-2020_BASELINE_PENDING,PASS
505,AWS,127.34543,37.82439,1111000,2022,364,364,16.82747252747254,5.2395604395604405,4,1,,34,,,1991-2020_BASELINE_PENDING,PASS
505,AWS,127.34543,37.82439,1111000,2023,365,365,17.608493150684936,6.467123287671235,16,0,,34.3,,,1991-2020_BASELINE_PENDING,PASS
505,AWS,127.34543,37.82439,1111000,2024,91,91,6.885714285714289,-3.730769230769229,0,0,,21.8,,,1991-2020_BASELINE_PENDING,INSUFFICIENT_DAYS
506,AWS,126.77693,37.74823,1111000,2021,365,365,17.67287671232877,7.430684931506854,11,1,,35.6,,,1991-2020_BASELINE_PENDING,PASS
506,AWS,126.77693,37.74823,1111000,2022,365,365,17.054520547945213,6.723013698630144,4,11,,35.5,,,1991-2020_BASELINE_PENDING,PASS
506,AWS,126.77693,37.74823,1111000,2023,365,365,17.951780821917808,7.927123287671233,17,2,,34.7,,,1991-2020_BASELINE_PENDING,PASS
506,AWS,126.77693,37.74823,1111000,2024,91,91,7.084615384615385,-2.5670329670329672,0,0,,22.9,,,1991-2020_BASELINE_PENDING,INSUFFICIENT_DAYS
507,AWS,127.14358,38.02479,1111000,2021,365,365,17.97232876712329,6.377808219178077,13,1,,36.6,,,1991-2020_BASELINE_PENDING,PASS
507,AWS,127.14358,38.02479,1111000,2022,365,365,17.186301369863017,5.3115068493150694,6,2,,35.7,,,1991-2020_BASELINE_PENDING,PASS
507,AWS,127.14358,38.02479,1111000,2023,365,365,17.965205479452056,6.6013698630137,14,1,,35.1,,,1991-2020_BASELINE_PENDING,PASS
507,AWS,127.14358,38.02479,1111000,2024,91,91,7.186813186813188,-4.162637362637359,0,0,,22.8,,,1991-2020_BASELINE_PENDING,INSUFFICIENT_DAYS
508,AWS,126.36093,37.46649,1111000,2021,363,363,15.557024793388434,9.41873278236915,0,6,,32.1,,,1991-2020_BASELINE_PENDING,PASS
508,AWS,126.36093,37.46649,1111000,2022,361,361,14.692797783933525,8.96897506925208,1,4,,33.5,,,1991-2020_BASELINE_PENDING,PASS
508,AWS,126.36093,37.46649,1111000,2023,362,362,15.646961325966865,9.812983425414366,1,3,,33.6,,,1991-2020_BASELINE_PENDING,PASS
508,AWS,126.36093,37.46649,1111000,2024,91,91,5.675824175824174,-0.45604395604395653,0,0,,18.9,,,1991-2020_BASELINE_PENDING,INSUFFICIENT_DAYS
509,AWS,126.95015,37.45284,1111000,2021,365,365,17.227945205479443,8.093972602739735,11,0,,35.2,,,1991-2020_BASELINE_PENDING,PASS
509,AWS,126.95015,37.45284,1111000,2022,364,364,16.58186813186813,7.51346153846154,3,2,,33.9,,,1991-2020_BASELINE_PENDING,PASS
509,AWS,126.95015,37.45284,1111000,2023,365,365,17.37287671232877,8.488493150684933,8,2,,35,,,1991-2020_BASELINE_PENDING,PASS
509,AWS,126.95015,37.45284,1111000,2024,91,91,6.671428571428569,-1.441758241758242,0,0,,22.1,,,1991-2020_BASELINE_PENDING,INSUFFICIENT_DAYS
510,AWS,126.90705,37.52706,1111000,2021,364,364,18.7467032967033,11.246703296703304,23,30,,37.4,,,1991-2020_BASELINE_PENDING,PASS
510,AWS,126.90705,37.52706,1111000,2022,363,363,18.0633608815427,10.81597796143251,15,31,,36,,,1991-2020_BASELINE_PENDING,PASS
510,AWS,126.90705,37.52706,1111000,2023,365,365,18.932602739726033,11.666575342465748,28,31,,37.1,,,1991-2020_BASELINE_PENDING,PASS
510,AWS,126.90705,37.52706,1111000,2024,91,91,7.88901098901099,1.2395604395604396,0,0,,22.6,,,1991-2020_BASELINE_PENDING,INSUFFICIENT_DAYS
511,AWS,126.6351,37.5675,1111000,2021,364,364,17.829120879120882,8.572802197802195,13,5,,36.7,,,1991-2020_BASELINE_PENDING,PASS
511,AWS,126.6351,37.5675,1111000,2022,358,358,16.94441340782124,7.377653631284913,4,9,,35.1,,,1991-2020_BASELINE_PENDING,PASS
511,AWS,126.6351,37.5675,1111000,2023,365,365,17.809041095890418,8.071780821917812,10,6,,34.9,,,1991-2020_BASELINE_PENDING,PASS
511,AWS,126.6351,37.5675,1111000,2024,91,91,7.185714285714284,-2.705494505494505,0,0,,22.5,,,1991-2020_BASELINE_PENDING,INSUFFICIENT_DAYS
512,AWS,126.66209,37.39684,1111000,2021,362,362,17.797790055248626,9.548342541436465,16,17,,36.1,,,1991-2020_BASELINE_PENDING,PASS
512,AWS,126.66209,37.39684,1111000,2022,365,365,17.03479452054795,9.096712328767127,7,16,,35.2,,,1991-2020_BASELINE_PENDING,PASS
512,AWS,126.66209,37.39684,1111000,2023,365,365,17.878082191780805,9.936164383561634,15,17,,36.2,,,1991-2020_BASELINE_PENDING,PASS
512,AWS,126.66209,37.39684,1111000,2024,91,91,7.062637362637364,-0.46263736263736216,0,0,,21.7,,,1991-2020_BASELINE_PENDING,INSUFFICIENT_DAYS
513,AWS,126.01427,37.06551,1111000,2021,365,365,16.543561643835627,9.440000000000003,5,0,,33.9,,,1991-2020_BASELINE_PENDING,PASS
513,AWS,126.01427,37.06551,1111000,2022,334,334,14.927544910179645,8.856287425149702,1,6,,33.6,,,1991-2020_BASELINE_PENDING,PASS
513,AWS,126.01427,37.06551,1111000,2023,365,365,15.484657534246574,10.853972602739727,0,2,,30.7,,,1991-2020_BASELINE_PENDING,PASS
513,AWS,126.01427,37.06551,1111000,2024,91,91,5.710989010989011,1.7538461538461545,0,0,,17.3,,,1991-2020_BASELINE_PENDING,INSUFFICIENT_DAYS
514,AWS,126.5787,37.23767,1111000,2021,365,365,17.510136986301376,8.070958904109597,7,0,,34,,,1991-2020_BASELINE_PENDING,PASS
514,AWS,126.5787,37.23767,1111000,2022,362,362,16.58535911602209,7.363812154696131,2,6,,34.2,,,1991-2020_BASELINE_PENDING,PASS
514,AWS,126.5787,37.23767,1111000,2023,365,365,17.07698630136986,8.116712328767123,2,3,,34.2,,,1991-2020_BASELINE_PENDING,PASS
514,AWS,126.5787,37.23767,1111000,2024,91,91,6.661538461538462,-1.902197802197803,0,0,,20.5,,,1991-2020_BASELINE_PENDING,INSUFFICIENT_DAYS
515,AWS,126.77389,37.08453,1111000,2021,365,365,17.554520547945202,8.944931506849322,8,3,,34.6,,,1991-2020_BASELINE_PENDING,PASS
515,AWS,126.77389,37.08453,1111000,2022,365,365,16.861095890410958,8.282191780821915,3,14,,33.3,,,1991-2020_BASELINE_PENDING,PASS
515,AWS,126.77389,37.08453,1111000,2023,365,365,17.808493150684924,9.298904109589035,7,5,,35,,,1991-2020_BASELINE_PENDING,PASS
515,AWS,126.77389,37.08453,1111000,2024,90,90,7.079999999999998,-0.6933333333333331,0,0,,22.4,,,1991-2020_BASELINE_PENDING,INSUFFICIENT_DAYS
516,AWS,127.25017,37.00371,1111000,2021,365,365,18.370684931506837,7.883561643835613,16,2,,35.5,,,1991-2020_BASELINE_PENDING,PASS
516,AWS,127.25017,37.00371,1111000,2022,365,365,17.79698630136985,7.0720547945205485,9,10,,35.1,,,1991-2020_BASELINE_PENDING,PASS
516,AWS,127.25017,37.00371,1111000,2023,363,363,18.66115702479339,8.200275482093666,15,2,,34.8,,,1991-2020_BASELINE_PENDING,PASS
516,AWS,127.25017,37.00371,1111000,2024,91,91,7.9802197802197785,-1.4252747252747258,0,0,,22.4,,,1991-2020_BASELINE_PENDING,INSUFFICIENT_DAYS
517,AWS,128.47523,38.3851,1111000,2021,364,364,17.164835164835164,8.54038461538461,1,1,,34.6,,,1991-2020_BASELINE_PENDING,PASS
517,AWS,128.47523,38.3851,1111000,2022,364,364,16.850000000000005,8.322527472527476,4,6,,35.1,,,1991-2020_BASELINE_PENDING,PASS
517,AWS,128.47523,38.3851,1111000,2023,365,365,17.09616438356164,8.99534246575342,6,2,,35.7,,,1991-2020_BASELINE_PENDING,PASS
517,AWS,128.47523,38.3851,1111000,2024,89,89,6.280898876404494,-1.2078651685393254,0,0,,19.3,,,1991-2020_BASELINE_PENDING,INSUFFICIENT_DAYS
518,AWS,128.1211,38.26958,11111000,2021,365,365,14.762191780821922,4.254794520547943,0,0,,32.7,,,1991-2020_BASELINE_PENDING,PASS
518,AWS,128.1211,38.26958,11111000,2022,364,364,14.390384615384624,3.6260989010989038,0,0,,31.6,,,1991-2020_BASELINE_PENDING,PASS
518,AWS,128.1211,38.26958,11111000,2023,364,364,15.076648351648354,4.36318681318681,0,0,,31.6,,,1991-2020_BASELINE_PENDING,PASS
518,AWS,128.1211,38.26958,11111000,2024,91,91,3.6175824175824176,-6.205494505494504,0,0,,17.4,,,1991-2020_BASELINE_PENDING,INSUFFICIENT_DAYS
519,AWS,127.51941,38.07545,1111000,2021,365,365,16.42356164383562,3.9810958904109595,9,0,,34.7,,,1991-2020_BASELINE_PENDING,PASS
519,AWS,127.51941,38.07545,1111000,2022,364,364,16.117857142857133,2.96098901098901,1,0,,33.7,,,1991-2020_BASELINE_PENDING,PASS
519,AWS,127.51941,38.07545,1111000,2023,362,362,17.008839779005523,4.339226519337014,1,0,,33.1,,,1991-2020_BASELINE_PENDING,PASS
519,AWS,127.51941,38.07545,1111000,2024,91,91,5.943956043956042,-6.225274725274722,0,0,,21.6,,,1991-2020_BASELINE_PENDING,INSUFFICIENT_DAYS
520,AWS,128.51818,38.16705,11111000,2021,365,365,16.51205479452054,7.857808219178086,1,0,,33.2,,,1991-2020_BASELINE_PENDING,PASS
520,AWS,128.51818,38.16705,11111000,2022,365,365,16.42712328767125,7.407945205479452,2,1,,33.7,,,1991-2020_BASELINE_PENDING,PASS
520,AWS,128.51818,38.16705,11111000,2023,364,364,17.35714285714287,8.081043956043962,10,1,,36.6,,,1991-2020_BASELINE_PENDING,PASS
520,AWS,128.51818,38.16705,11111000,2024,90,90,5.504444444444445,-2.637777777777778,0,0,,16.5,,,1991-2020_BASELINE_PENDING,INSUFFICIENT_DAYS
522,AWS,127.9838,37.78712,1111000,2021,364,364,17.94203296703297,5.354120879120878,21,0,,36.8,,,1991-2020_BASELINE_PENDING,PASS
522,AWS,127.9838,37.78712,1111000,2022,365,365,17.473424657534245,4.249589041095894,10,1,,35.8,,,1991-2020_BASELINE_PENDING,PASS
522,AWS,127.9838,37.78712,1111000,2023,365,365,18.231506849315064,5.726849315068491,17,0,,35.7,,,1991-2020_BASELINE_PENDING,PASS
522,AWS,127.9838,37.78712,1111000,2024,91,91,7.501098901098901,-4.445054945054945,0,0,,22.8,,,1991-2020_BASELINE_PENDING,INSUFFICIENT_DAYS
523,AWS,128.82138,37.89905,1111000,2021,364,364,17.315109890109895,7.758791208791204,0,0,,31.9,,,1991-2020_BASELINE_PENDING,PASS
523,AWS,128.82138,37.89905,1111000,2022,365,365,17.12630136986301,7.3495890410958955,4,2,,34.4,,,1991-2020_BASELINE_PENDING,PASS
523,AWS,128.82138,37.89905,1111000,2023,365,365,17.833698630136986,7.874794520547943,6,1,,34.6,,,1991-2020_BASELINE_PENDING,PASS
523,AWS,128.82138,37.89905,1111000,2024,91,91,7.217582417582416,-2.2153846153846155,0,0,,20.9,,,1991-2020_BASELINE_PENDING,INSUFFICIENT_DAYS
524,AWS,128.89382,37.78626,1111000,2021,365,365,18.24958904109588,9.58109589041096,1,5,,33.1,,,1991-2020_BASELINE_PENDING,PASS
524,AWS,128.89382,37.78626,1111000,2022,365,365,18.24301369863014,9.445479452054798,7,6,,35.6,,,1991-2020_BASELINE_PENDING,PASS
524,AWS,128.89382,37.78626,1111000,2023,364,364,18.65329670329673,10.164560439560432,13,10,,36.4,,,1991-2020_BASELINE_PENDING,PASS
524,AWS,128.89382,37.78626,1111000,2024,91,91,7.810989010989012,-0.2802197802197797,0,0,,21.4,,,1991-2020_BASELINE_PENDING,INSUFFICIENT_DAYS
525,AWS,128.35893,37.62109,1111000,2021,364,364,15.255494505494518,4.026648351648355,1,0,,34,,,1991-2020_BASELINE_PENDING,PASS
525,AWS,128.35893,37.62109,1111000,2022,365,365,14.871506849315072,3.0271232876712326,0,0,,32.3,,,1991-2020_BASELINE_PENDING,PASS
525,AWS,128.35893,37.62109,1111000,2023,361,361,15.640720221606632,3.9867036011080326,0,0,,32.3,,,1991-2020_BASELINE_PENDING,PASS
525,AWS,128.35893,37.62109,1111000,2024,86,86,4.2953488372093025,-6.511627906976744,0,0,,18,,,1991-2020_BASELINE_PENDING,INSUFFICIENT_DAYS
526,AWS,128.39469,37.37748,1111000,2021,365,365,17.633698630137005,5.468767123287667,21,0,,35,,,1991-2020_BASELINE_PENDING,PASS
526,AWS,128.39469,37.37748,1111000,2022,365,365,17.469041095890407,4.773698630136983,10,0,,35,,,1991-2020_BASELINE_PENDING,PASS
526,AWS,128.39469,37.37748,1111000,2023,365,365,18.087397260273985,5.8706849315068474,14,0,,34.8,,,1991-2020_BASELINE_PENDING,PASS
526,AWS,128.39469,37.37748,1111000,2024,91,91,6.709890109890112,-4.035164835164834,0,0,,21.5,,,1991-2020_BASELINE_PENDING,INSUFFICIENT_DAYS
527,AWS,128.64126,37.21108,1111000,2021,365,365,17.036986301369858,5.491232876712328,6,0,,34.1,,,1991-2020_BASELINE_PENDING,PASS
527,AWS,128.64126,37.21108,1111000,2022,365,365,16.753972602739722,4.784931506849315,4,0,,35,,,1991-2020_BASELINE_PENDING,PASS
527,AWS,128.64126,37.21108,1111000,2023,365,365,17.38273972602739,5.79506849315069,1,0,,33.6,,,1991-2020_BASELINE_PENDING,PASS
527,AWS,128.64126,37.21108,1111000,2024,91,91,6.39230769230769,-3.670329670329673,0,0,,20.9,,,1991-2020_BASELINE_PENDING,INSUFFICIENT_DAYS
529,AWS,129.28585,37.14156,1111000,2021,365,365,18.563835616438354,8.301095890410949,5,1,,34.4,,,1991-2020_BASELINE_PENDING,PASS
529,AWS,129.28585,37.14156,1111000,2022,365,365,18.594246575342464,8.365205479452055,10,3,,36,,,1991-2020_BASELINE_PENDING,PASS
529,AWS,129.28585,37.14156,1111000,2023,365,365,19.47260273972604,9.022465753424648,17,5,,36,,,1991-2020_BASELINE_PENDING,PASS
529,AWS,129.28585,37.14156,1111000,2024,91,91,8.450549450549453,-1.0945054945054944,0,0,,20.7,,,1991-2020_BASELINE_PENDING,INSUFFICIENT_DAYS
530,AWS,130.8118,37.5151,1110000,2021,365,365,16.941369863013694,10.695616438356165,2,7,,34,,,1991-2020_BASELINE_PENDING,PASS
530,AWS,130.8118,37.5151,1110000,2022,365,365,16.67205479452053,10.699178082191786,0,11,,32.1,,,1991-2020_BASELINE_PENDING,PASS
530,AWS,130.8118,37.5151,1110000,2023,360,360,17.041944444444447,11.745833333333339,0,14,,32.1,,,1991-2020_BASELINE_PENDING,PASS
530,AWS,130.8118,37.5151,1110000,2024,91,91,6.797802197802196,1.7494505494505497,0,0,,15.2,,,1991-2020_BASELINE_PENDING,INSUFFICIENT_DAYS
531,AWS,127.55219,37.89807,1111000,2021,365,365,18.49671232876713,5.443561643835618,20,0,,36.1,,,1991-2020_BASELINE_PENDING,PASS
531,AWS,127.55219,37.89807,1111000,2022,365,365,18.127397260273966,4.48958904109589,17,2,,35.9,,,1991-2020_BASELINE_PENDING,PASS
531,AWS,127.55219,37.89807,1111000,2023,362,362,18.468508287292817,5.827071823204424,25,1,,35.7,,,1991-2020_BASELINE_PENDING,PASS
531,AWS,127.55219,37.89807,1111000,2024,91,91,7.102197802197802,-4.5197802197802215,0,0,,22,,,1991-2020_BASELINE_PENDING,INSUFFICIENT_DAYS
532,AWS,127.07349,37.73476,1111000,2021,364,364,17.86236263736264,7.679120879120881,11,2,,35.4,,,1991-2020_BASELINE_PENDING,PASS
532,AWS,127.07349,37.73476,1111000,2022,365,365,17.256438356164377,7.110136986301378,4,10,,34.4,,,1991-2020_BASELINE_PENDING,PASS
532,AWS,127.07349,37.73476,1111000,2023,364,364,17.966483516483528,8.1131868131868,12,3,,34.6,,,1991-2020_BASELINE_PENDING,PASS
532,AWS,127.07349,37.73476,1111000,2024,91,91,7.354945054945055,-2.101098901098901,0,0,,22.5,,,1991-2020_BASELINE_PENDING,INSUFFICIENT_DAYS
533,AWS,127.48079,37.32779,1110000,2021,365,365,18.466849315068494,8.867671232876713,11,2,,34.4,,,1991-2020_BASELINE_PENDING,PASS
533,AWS,127.48079,37.32779,1110000,2022,365,365,18.02986301369862,8.119178082191777,3,12,,34,,,1991-2020_BASELINE_PENDING,PASS
533,AWS,127.48079,37.32779,1110000,2023,365,365,18.56849315068493,8.862465753424647,5,1,,34,,,1991-2020_BASELINE_PENDING,PASS
533,AWS,127.48079,37.32779,1110000,2024,91,91,8.615384615384615,-0.3219780219780228,0,0,,22.5,,,1991-2020_BASELINE_PENDING,INSUFFICIENT_DAYS
534,AWS,127.61058,37.121,1111000,2021,364,364,18.107417582417593,7.118681318681316,14,1,,35.1,,,1991-2020_BASELINE_PENDING,PASS
534,AWS,127.61058,37.121,1111000,2022,365,365,17.68465753424658,6.316164383561648,7,8,,35.1,,,1991-2020_BASELINE_PENDING,PASS
534,AWS,127.61058,37.121,1111000,2023,350,350,18.688857142857156,7.72742857142857,17,2,,35.1,,,1991-2020_BASELINE_PENDING,PASS
534,AWS,127.61058,37.121,1111000,2024,91,91,7.536263736263737,-2.394505494505495,0,0,,22.3,,,1991-2020_BASELINE_PENDING,INSUFFICIENT_DAYS
535,AWS,128.18265,37.71701,1111000,2021,363,363,16.568595041322318,3.8385674931129428,5,0,,34.3,,,1991-2020_BASELINE_PENDING,PASS
535,AWS,128.18265,37.71701,1111000,2022,365,365,16.404109589041106,2.9953424657534224,1,0,,33.2,,,1991-2020_BASELINE_PENDING,PASS
535,AWS,128.18265,37.71701,1111000,2023,362,362,17.115745856353584,4.302209944751381,5,0,,34,,,1991-2020_BASELINE_PENDING,PASS
535,AWS,128.18265,37.71701,1111000,2024,91,91,5.9340659340659325,-5.407692307692306,0,0,,21.2,,,1991-2020_BASELINE_PENDING,INSUFFICIENT_DAYS
536,AWS,127.97242,37.4876,1111000,2021,365,365,18.221917808219178,6.5443835616438415,20,0,,36.4,,,1991-2020_BASELINE_PENDING,PASS
536,AWS,127.97242,37.4876,1111000,2022,361,361,17.775346260387817,5.5739612188365735,11,2,,34.8,,,1991-2020_BASELINE_PENDING,PASS
536,AWS,127.97242,37.4876,1111000,2023,364,364,18.456318681318677,6.94340659340659,20,1,,35.8,,,1991-2020_BASELINE_PENDING,PASS
536,AWS,127.97242,37.4876,1111000,2024,91,91,7.634065934065934,-2.8505494505494515,0,0,,23.6,,,1991-2020_BASELINE_PENDING,INSUFFICIENT_DAYS
537,AWS,128.84589,37.48323,11111000,2021,365,365,15.770958904109586,5.062465753424658,3,0,,33.4,,,1991-2020_BASELINE_PENDING,PASS
537,AWS,128.84589,37.48323,11111000,2022,365,365,15.696712328767134,4.1243835616438345,1,0,,33.3,,,1991-2020_BASELINE_PENDING,PASS
537,AWS,128.84589,37.48323,11111000,2023,360,360,16.281944444444456,4.790555555555553,2,0,,34,,,1991-2020_BASELINE_PENDING,PASS
537,AWS,128.84589,37.48323,11111000,2024,91,91,4.671428571428571,-5.257142857142855,0,0,,17.6,,,1991-2020_BASELINE_PENDING,INSUFFICIENT_DAYS
538,AWS,127.10301,38.17254,1111000,2021,365,365,17.66438356164384,5.88712328767123,13,0,,37.1,,,1991-2020_BASELINE_PENDING,PASS
538,AWS,127.10301,38.17254,1111000,2022,365,365,17.08493150684931,4.788767123287668,7,5,,35.9,,,1991-2020_BASELINE_PENDING,PASS
538,AWS,127.10301,38.17254,1111000,2023,363,363,17.80440771349863,6.180716253443521,11,1,,34.5,,,1991-2020_BASELINE_PENDING,PASS
538,AWS,127.10301,38.17254,1111000,2024,91,91,6.592307692307691,-4.667032967032966,0,0,,22.5,,,1991-2020_BASELINE_PENDING,INSUFFICIENT_DAYS
539,AWS,127.36815,38.02405,1111000,2021,364,364,17.49258241758243,5.3192307692307725,13,0,,36.2,,,1991-2020_BASELINE_PENDING,PASS
539,AWS,127.36815,38.02405,1111000,2022,360,360,17.020277777777775,4.474444444444448,7,0,,34.5,,,1991-2020_BASELINE_PENDING,PASS
539,AWS,127.36815,38.02405,1111000,2023,351,351,17.527920227920216,5.479772079772078,14,0,,35.2,,,1991-2020_BASELINE_PENDING,PASS
539,AWS,127.36815,38.02405,1111000,2024,91,91,6.80879120879121,-4.786813186813186,0,0,,22.6,,,1991-2020_BASELINE_PENDING,INSUFFICIENT_DAYS
540,AWS,126.892,37.6373,1111000,2021,359,359,18.964902506963785,7.759610027855146,24,2,,36.9,,,1991-2020_BASELINE_PENDING,PASS
540,AWS,126.892,37.6373,1111000,2022,357,357,18.252661064425777,7.007282913165267,12,9,,35.4,,,1991-2020_BASELINE_PENDING,PASS
540,AWS,126.892,37.6373,1111000,2023,235,235,15.862553191489367,3.9187234042553167,1,0,,33.6,,,1991-2020_BASELINE_PENDING,INSUFFICIENT_DAYS
540,AWS,126.892,37.6373,1111000,2024,91,91,8.339560439560438,-2.154945054945053,0,0,,24.6,,,1991-2020_BASELINE_PENDING,INSUFFICIENT_DAYS
541,AWS,127.15055,37.63405,1111000,2021,365,365,18.699452054794513,7.926575342465755,18,5,,36.8,,,1991-2020_BASELINE_PENDING,PASS
541,AWS,127.15055,37.63405,1111000,2022,365,365,18.065205479452043,6.822739726027393,12,9,,36.7,,,1991-2020_BASELINE_PENDING,PASS
541,AWS,127.15055,37.63405,1111000,2023,363,363,18.947658402203864,7.955371900826452,25,4,,36.5,,,1991-2020_BASELINE_PENDING,PASS
541,AWS,127.15055,37.63405,1111000,2024,91,91,8.11868131868132,-2.0263736263736263,0,0,,23,,,1991-2020_BASELINE_PENDING,INSUFFICIENT_DAYS
542,AWS,127.38017,37.68414,1111000,2021,364,364,17.955219780219775,6.951373626373637,12,0,,35.2,,,1991-2020_BASELINE_PENDING,PASS
542,AWS,127.38017,37.68414,1111000,2022,364,364,17.61373626373627,6.173626373626369,5,0,,33.8,,,1991-2020_BASELINE_PENDING,PASS
542,AWS,127.38017,37.68414,1111000,2023,363,363,18.04132231404957,7.358953168044078,13,1,,34.9,,,1991-2020_BASELINE_PENDING,PASS
542,AWS,127.38017,37.68414,1111000,2024,91,91,7.4021978021978025,-2.6461538461538447,0,0,,22.7,,,1991-2020_BASELINE_PENDING,INSUFFICIENT_DAYS
543,AWS,126.54958,37.499,1111000,2021,364,364,17.60329670329671,8.635714285714284,10,0,,35.1,,,1991-2020_BASELINE_PENDING,PASS
543,AWS,126.54958,37.499,1111000,2022,363,363,16.800826446281008,8.265013774104677,2,6,,34.7,,,1991-2020_BASELINE_PENDING,PASS
543,AWS,126.54958,37.499,1111000,2023,365,365,17.345479452054796,9.268767123287668,3,2,,34.9,,,1991-2020_BASELINE_PENDING,PASS
543,AWS,126.54958,37.499,1111000,2024,91,91,6.853846153846152,-1.0999999999999999,0,0,,21.3,,,1991-2020_BASELINE_PENDING,INSUFFICIENT_DAYS
544,AWS,126.6544,37.18565,1111000,2021,365,365,17.559726027397282,9.661369863013693,11,7,,35.5,,,1991-2020_BASELINE_PENDING,PASS
544,AWS,126.6544,37.18565,1111000,2022,365,365,16.87369863013699,9.232602739726024,3,16,,34.8,,,1991-2020_BASELINE_PENDING,PASS
544,AWS,126.6544,37.18565,1111000,2023,361,361,17.48144044321331,9.837673130193906,11,11,,35.7,,,1991-2020_BASELINE_PENDING,PASS
544,AWS,126.6544,37.18565,1111000,2024,90,90,6.907777777777777,-0.34000000000000025,0,0,,21.8,,,1991-2020_BASELINE_PENDING,INSUFFICIENT_DAYS
545,AWS,126.83848,37.28103,1111000,2021,357,357,18.365546218487413,6.782633053221285,15,0,,35.3,,,1991-2020_BASELINE_PENDING,PASS
545,AWS,126.83848,37.28103,1111000,2022,364,364,17.54917582417583,5.708516483516485,4,3,,34.4,,,1991-2020_BASELINE_PENDING,PASS
545,AWS,126.83848,37.28103,1111000,2023,362,362,18.48259668508289,6.830110497237573,13,0,,35.7,,,1991-2020_BASELINE_PENDING,PASS
545,AWS,126.83848,37.28103,1111000,2024,91,91,7.802197802197805,-2.779120879120881,0,0,,22.9,,,1991-2020_BASELINE_PENDING,INSUFFICIENT_DAYS
546,AWS,127.2592,37.43529,1111000,2021,353,353,17.672237960339935,7.783569405099149,12,1,,34.2,,,1991-2020_BASELINE_PENDING,PASS
546,AWS,127.2592,37.43529,1111000,2022,358,358,17.084078212290496,6.954469273743014,2,6,,33.7,,,1991-2020_BASELINE_PENDING,PASS
546,AWS,127.2592,37.43529,1111000,2023,326,326,18.82883435582822,9.204907975460118,14,3,,34.2,,,1991-2020_BASELINE_PENDING,PASS
546,AWS,127.2592,37.43529,1111000,2024,90,90,7.130000000000001,-2.2355555555555564,0,0,,22,,,1991-2020_BASELINE_PENDING,INSUFFICIENT_DAYS
547,AWS,127.75488,37.41593,1111000,2021,359,359,18.638997214484693,5.4011142061281285,20,0,,36.3,,,1991-2020_BASELINE_PENDING,PASS
547,AWS,127.75488,37.41593,1111000,2022,365,365,18.028219178082214,4.414520547945204,13,3,,36.2,,,1991-2020_BASELINE_PENDING,PASS
547,AWS,127.75488,37.41593,1111000,2023,363,363,18.813498622589538,5.89063360881543,25,0,,36.1,,,1991-2020_BASELINE_PENDING,PASS
547,AWS,127.75488,37.41593,1111000,2024,91,91,7.7604395604395595,-4.174725274725277,0,0,,23.7,,,1991-2020_BASELINE_PENDING,INSUFFICIENT_DAYS
548,AWS,127.63956,37.26883,1111000,2021,363,363,17.58622589531679,7.540220385674936,7,0,,33.7,,,1991-2020_BASELINE_PENDING,PASS
548,AWS,127.63956,37.26883,1111000,2022,348,348,17.198850574712647,7.050862068965521,3,7,,33.8,,,1991-2020_BASELINE_PENDING,PASS
548,AWS,127.63956,37.26883,1111000,2023,357,357,17.85798319327732,7.950980392156854,8,1,,34.2,,,1991-2020_BASELINE_PENDING,PASS
548,AWS,127.63956,37.26883,1111000,2024,91,91,7.432967032967031,-1.8142857142857127,0,0,,22.8,,,1991-2020_BASELINE_PENDING,INSUFFICIENT_DAYS
549,AWS,127.22178,37.27011,1111000,2021,365,365,17.92054794520548,7.798356164383561,13,1,,34.3,,,1991-2020_BASELINE_PENDING,PASS
549,AWS,127.22178,37.27011,1111000,2022,354,354,16.959322033898292,6.5889830508474585,2,3,,33.5,,,1991-2020_BASELINE_PENDING,PASS
549,AWS,127.22178,37.27011,1111000,2023,341,341,17.91524926686217,7.773313782991203,8,0,,33.8,,,1991-2020_BASELINE_PENDING,PASS
549,AWS,127.22178,37.27011,1111000,2024,91,91,7.4967032967032985,-2.1065934065934067,0,0,,22.1,,,1991-2020_BASELINE_PENDING,INSUFFICIENT_DAYS
550,AWS,127.05271,37.1693,1111000,2021,349,349,18.753008595988536,9.096848137535824,16,8,,35.1,,,1991-2020_BASELINE_PENDING,PASS
550,AWS,127.05271,37.1693,1111000,2022,351,351,18.001139601139613,7.999430199430205,6,9,,34.5,,,1991-2020_BASELINE_PENDING,PASS
550,AWS,127.05271,37.1693,1111000,2023,364,364,19.030494505494502,8.148351648351648,20,2,,35.9,,,1991-2020_BASELINE_PENDING,PASS
550,AWS,127.05271,37.1693,1111000,2024,88,88,8.28977272727273,-1.7034090909090915,0,0,,23.2,,,1991-2020_BASELINE_PENDING,INSUFFICIENT_DAYS
551,AWS,127.10879,36.98769,1111000,2021,365,365,18.519178082191775,8.938904109589037,17,10,,35.6,,,1991-2020_BASELINE_PENDING,PASS
551,AWS,127.10879,36.98769,1111000,2022,365,365,18.149863013698635,8.243561643835621,9,16,,35.3,,,1991-2020_BASELINE_PENDING,PASS
551,AWS,127.10879,36.98769,1111000,2023,362,362,19.057458563535913,9.272099447513813,18,8,,35.6,,,1991-2020_BASELINE_PENDING,PASS
551,AWS,127.10879,36.98769,1111000,2024,91,91,8.125274725274727,-0.6736263736263736,0,0,,22.6,,,1991-2020_BASELINE_PENDING,INSUFFICIENT_DAYS
552,AWS,127.38937,38.23153,1111000,2021,362,362,16.361325966850846,3.4908839779005527,10,0,,35.3,,,1991-2020_BASELINE_PENDING,PASS
552,AWS,127.38937,38.23153,1111000,2022,365,365,15.728219178082192,2.5780821917808248,1,0,,33.4,,,1991-2020_BASELINE_PENDING,PASS
552,AWS,127.38937,38.23153,1111000,2023,364,364,16.525000000000013,4.189560439560438,1,0,,33.1,,,1991-2020_BASELINE_PENDING,PASS
552,AWS,127.38937,38.23153,1111000,2024,91,91,5.521978021978021,-5.443956043956044,0,0,,21.4,,,1991-2020_BASELINE_PENDING,INSUFFICIENT_DAYS
553,AWS,128.41794,38.45697,1111000,2021,365,365,17.16219178082193,9.32082191780822,1,1,,33.4,,,1991-2020_BASELINE_PENDING,PASS
553,AWS,128.41794,38.45697,1111000,2022,365,365,16.930136986301356,9.063561643835623,3,5,,34.7,,,1991-2020_BASELINE_PENDING,PASS
553,AWS,128.41794,38.45697,1111000,2023,365,365,17.52082191780822,9.891780821917818,9,8,,35.8,,,1991-2020_BASELINE_PENDING,PASS
553,AWS,128.41794,38.45697,1111000,2024,91,91,6.7197802197802226,-0.4747252747252738,0,0,,19.8,,,1991-2020_BASELINE_PENDING,INSUFFICIENT_DAYS
554,AWS,128.43713,38.21439,1111000,2021,365,365,11.701917808219175,4.283835616438357,0,0,,29.6,,,1991-2020_BASELINE_PENDING,PASS
554,AWS,128.43713,38.21439,1111000,2022,365,365,11.75068493150685,3.82219178082192,0,0,,28.7,,,1991-2020_BASELINE_PENDING,PASS
554,AWS,128.43713,38.21439,1111000,2023,365,365,12.55178082191781,4.719178082191778,0,0,,32,,,1991-2020_BASELINE_PENDING,PASS
554,AWS,128.43713,38.21439,1111000,2024,52,52,-1.2576923076923079,-7.56153846153846,0,0,,9.9,,,1991-2020_BASELINE_PENDING,INSUFFICIENT_DAYS
555,AWS,127.69062,38.08371,1111000,2021,365,365,18.411506849315067,5.963013698630134,21,0,,37.2,,,1991-2020_BASELINE_PENDING,PASS
555,AWS,127.69062,38.08371,1111000,2022,364,364,18.132967032967027,5.000824175824175,17,0,,37,,,1991-2020_BASELINE_PENDING,PASS
555,AWS,127.69062,38.08371,1111000,2023,365,365,17.73917808219178,6.488493150684935,8,0,,34.5,,,1991-2020_BASELINE_PENDING,PASS
555,AWS,127.69062,38.08371,1111000,2024,91,91,6.921978021978023,-3.749450549450551,0,0,,21.6,,,1991-2020_BASELINE_PENDING,INSUFFICIENT_DAYS
556,AWS,127.98527,38.09799,1111000,2021,365,365,17.8413698630137,5.536438356164392,22,0,,36.9,,,1991-2020_BASELINE_PENDING,PASS
556,AWS,127.98527,38.09799,1111000,2022,365,365,17.11780821917807,4.713698630136988,8,0,,35.2,,,1991-2020_BASELINE_PENDING,PASS
556,AWS,127.98527,38.09799,1111000,2023,365,365,17.855068493150682,5.8594520547945255,19,0,,35.1,,,1991-2020_BASELINE_PENDING,PASS
556,AWS,127.98527,38.09799,1111000,2024,91,91,6.627472527472526,-4.8307692307692305,0,0,,21.4,,,1991-2020_BASELINE_PENDING,INSUFFICIENT_DAYS
557,AWS,128.31388,37.9537,1111000,2021,365,365,16.824931506849328,5.784657534246583,13,0,,34.7,,,1991-2020_BASELINE_PENDING,PASS
557,AWS,128.31388,37.9537,1111000,2022,365,365,16.39808219178082,4.84712328767123,3,0,,34.5,,,1991-2020_BASELINE_PENDING,PASS
557,AWS,128.31388,37.9537,1111000,2023,360,360,17.113055555555544,5.734999999999996,4,0,,33.7,,,1991-2020_BASELINE_PENDING,PASS
557,AWS,128.31388,37.9537,1111000,2024,91,91,5.835164835164834,-4.170329670329671,0,0,,17.6,,,1991-2020_BASELINE_PENDING,INSUFFICIENT_DAYS
558,AWS,127.70066,37.68614,1111000,2021,365,365,18.116986301369867,5.51205479452055,16,0,,35.4,,,1991-2020_BASELINE_PENDING,PASS
558,AWS,127.70066,37.68614,1111000,2022,364,364,17.96456043956043,4.500549450549446,8,2,,34.8,,,1991-2020_BASELINE_PENDING,PASS
558,AWS,127.70066,37.68614,1111000,2023,365,365,19.066301369863012,6.1013698630136926,29,0,,36.2,,,1991-2020_BASELINE_PENDING,PASS
558,AWS,127.70066,37.68614,1111000,2024,91,91,8.104395604395602,-4.192307692307691,0,0,,24.1,,,1991-2020_BASELINE_PENDING,INSUFFICIENT_DAYS
559,AWS,128.39728,37.77805,1111000,2021,365,365,15.065479452054783,3.3701369863013695,3,0,,33.8,,,1991-2020_BASELINE_PENDING,PASS
559,AWS,128.39728,37.77805,1111000,2022,365,365,14.742739726027386,2.4945205479452053,0,0,,32.5,,,1991-2020_BASELINE_PENDING,PASS
559,AWS,128.39728,37.77805,1111000,2023,365,365,15.560273972602745,3.6260273972602763,1,0,,33,,,1991-2020_BASELINE_PENDING,PASS
559,AWS,128.39728,37.77805,1111000,2024,91,91,3.9439560439560437,-6.975824175824175,0,0,,18.5,,,1991-2020_BASELINE_PENDING,INSUFFICIENT_DAYS
560,AWS,128.56447,37.64794,1111000,2021,365,365,15.58383561643837,4.056986301369861,3,0,,34.3,,,1991-2020_BASELINE_PENDING,PASS
560,AWS,128.56447,37.64794,1111000,2022,365,365,15.372602739726023,3.2375342465753434,3,0,,33.3,,,1991-2020_BASELINE_PENDING,PASS
560,AWS,128.56447,37.64794,1111000,2023,363,363,16.328650137741047,4.206060606060608,2,0,,33.7,,,1991-2020_BASELINE_PENDING,PASS
560,AWS,128.56447,37.64794,1111000,2024,88,88,4.448863636363637,-6.389772727272725,0,0,,17.5,,,1991-2020_BASELINE_PENDING,INSUFFICIENT_DAYS
561,AWS,128.15275,37.58219,1111000,2021,365,365,17.65041095890411,4.959452054794524,20,0,,36.4,,,1991-2020_BASELINE_PENDING,PASS
561,AWS,128.15275,37.58219,1111000,2022,365,365,17.17068493150684,4.064931506849315,8,0,,35,,,1991-2020_BASELINE_PENDING,PASS
561,AWS,128.15275,37.58219,1111000,2023,365,365,17.753424657534243,5.444383561643837,13,0,,35,,,1991-2020_BASELINE_PENDING,PASS
561,AWS,128.15275,37.58219,1111000,2024,91,91,6.696703296703298,-4.176923076923076,0,0,,23.2,,,1991-2020_BASELINE_PENDING,INSUFFICIENT_DAYS
563,AWS,128.6828,37.46356,1111000,2021,364,364,16.80467032967033,6.306868131868137,8,0,,34.4,,,1991-2020_BASELINE_PENDING,PASS
563,AWS,128.6828,37.46356,1111000,2022,364,364,16.690659340659334,5.482692307692311,5,0,,33.8,,,1991-2020_BASELINE_PENDING,PASS
563,AWS,128.6828,37.46356,1111000,2023,365,365,17.49123287671232,6.375342465753431,5,0,,34.3,,,1991-2020_BASELINE_PENDING,PASS
563,AWS,128.6828,37.46356,1111000,2024,91,91,6.243956043956043,-3.351648351648351,0,0,,18.9,,,1991-2020_BASELINE_PENDING,INSUFFICIENT_DAYS
565,AWS,126.77795,37.39154,1111000,2021,361,361,18.031855955678672,7.731578947368424,16,2,,35.8,,,1991-2020_BASELINE_PENDING,PASS
565,AWS,126.77795,37.39154,1111000,2022,365,365,17.340273972602713,6.967671232876711,7,11,,35,,,1991-2020_BASELINE_PENDING,PASS
565,AWS,126.77795,37.39154,1111000,2023,365,365,18.16438356164382,8.041917808219178,15,4,,36.1,,,1991-2020_BASELINE_PENDING,PASS
565,AWS,126.77795,37.39154,1111000,2024,91,91,7.353846153846154,-2.4758241758241772,0,0,,22.5,,,1991-2020_BASELINE_PENDING,INSUFFICIENT_DAYS
566,AWS,128.81924,37.85155,1111000,2021,364,364,17.12225274725275,8.340109890109899,0,0,,30.6,,,1991-2020_BASELINE_PENDING,PASS
566,AWS,128.81924,37.85155,1111000,2022,365,365,16.936986301369863,7.891232876712332,2,2,,33.5,,,1991-2020_BASELINE_PENDING,PASS
566,AWS,128.81924,37.85155,1111000,2023,355,355,17.88507042253521,8.758309859154922,3,0,,33.9,,,1991-2020_BASELINE_PENDING,PASS
566,AWS,128.81924,37.85155,1111000,2024,91,91,7.178021978021978,-1.4054945054945052,0,0,,19.9,,,1991-2020_BASELINE_PENDING,INSUFFICIENT_DAYS
567,AWS,126.93176,37.95332,1111000,2021,365,365,17.830684931506866,6.064383561643838,14,0,,35.6,,,1991-2020_BASELINE_PENDING,PASS
567,AWS,126.93176,37.95332,1111000,2022,364,364,17.19450549450549,5.197802197802199,5,3,,35.5,,,1991-2020_BASELINE_PENDING,PASS
567,AWS,126.93176,37.95332,1111000,2023,365,365,17.904931506849305,6.548767123287665,15,0,,34.8,,,1991-2020_BASELINE_PENDING,PASS
567,AWS,126.93176,37.95332,1111000,2024,91,91,7.043956043956044,-4.15934065934066,0,0,,23.5,,,1991-2020_BASELINE_PENDING,INSUFFICIENT_DAYS
568,AWS,127.31349,37.95875,1111000,2021,365,365,17.44082191780823,4.879726027397257,13,0,,35.6,,,1991-2020_BASELINE_PENDING,PASS
568,AWS,127.31349,37.95875,1111000,2022,365,365,16.805205479452063,4.209589041095889,5,0,,35.4,,,1991-2020_BASELINE_PENDING,PASS
568,AWS,127.31349,37.95875,1111000,2023,365,365,17.495342465753417,5.456438356164387,9,0,,34.2,,,1991-2020_BASELINE_PENDING,PASS
568,AWS,127.31349,37.95875,1111000,2024,91,91,6.746153846153846,-4.984615384615384,0,0,,22.3,,,1991-2020_BASELINE_PENDING,INSUFFICIENT_DAYS
569,AWS,127.15698,37.58224,1111000,2021,365,365,18.84027397260274,8.881369863013697,23,12,,36.5,,,1991-2020_BASELINE_PENDING,PASS
569,AWS,127.15698,37.58224,1111000,2022,340,340,18.510588235294126,8.686176470588233,16,18,,35.6,,,1991-2020_BASELINE_PENDING,PASS
569,AWS,127.15698,37.58224,1111000,2023,364,364,18.69038461538463,9.111813186813183,19,6,,35,,,1991-2020_BASELINE_PENDING,PASS
569,AWS,127.15698,37.58224,1111000,2024,91,91,7.9010989010989015,-0.8274725274725271,0,0,,22.9,,,1991-2020_BASELINE_PENDING,INSUFFICIENT_DAYS
570,AWS,126.64233,37.6232,1111000,2021,365,365,17.735068493150674,8.280821917808218,13,2,,35.4,,,1991-2020_BASELINE_PENDING,PASS
570,AWS,126.64233,37.6232,1111000,2022,355,355,17.322535211267596,8.015492957746481,4,8,,35.4,,,1991-2020_BASELINE_PENDING,PASS
570,AWS,126.64233,37.6232,1111000,2023,349,349,17.425787965616045,8.504011461318049,6,1,,34.2,,,1991-2020_BASELINE_PENDING,PASS
570,AWS,126.64233,37.6232,1111000,2024,91,91,7.14175824175824,-1.806593406593408,0,0,,22.1,,,1991-2020_BASELINE_PENDING,INSUFFICIENT_DAYS
571,AWS,126.82094,37.19525,1111000,2021,359,359,18.258495821727013,9.291922005571031,20,16,,36.6,,,1991-2020_BASELINE_PENDING,PASS
571,AWS,126.82094,37.19525,1111000,2022,351,351,16.914814814814815,8.281766381766385,8,8,,34.8,,,1991-2020_BASELINE_PENDING,PASS
571,AWS,126.82094,37.19525,1111000,2023,360,360,18.190555555555548,9.406944444444441,16,10,,35.9,,,1991-2020_BASELINE_PENDING,PASS
571,AWS,126.82094,37.19525,1111000,2024,91,91,7.445054945054945,-0.7527472527472523,0,0,,22.8,,,1991-2020_BASELINE_PENDING,INSUFFICIENT_DAYS
572,AWS,127.12476,37.42093,1111000,2021,364,364,18.210714285714296,8.743131868131869,15,10,,35.7,,,1991-2020_BASELINE_PENDING,PASS
572,AWS,127.12476,37.42093,1111000,2022,364,364,17.590659340659347,8.18131868131868,4,15,,34.8,,,1991-2020_BASELINE_PENDING,PASS
572,AWS,127.12476,37.42093,1111000,2023,289,289,18.66297577854671,9.367474048442904,14,9,,35,,,1991-2020_BASELINE_PENDING,INSUFFICIENT_DAYS
572,AWS,127.12476,37.42093,1111000,2024,91,91,7.7,-1.0472527472527478,0,0,,21.8,,,1991-2020_BASELINE_PENDING,INSUFFICIENT_DAYS
573,AWS,127.71352,37.55821,1111000,2021,364,364,17.535989010989,5.4815934065934036,13,0,,35.3,,,1991-2020_BASELINE_PENDING,PASS
573,AWS,127.71352,37.55821,1111000,2022,365,365,17.234246575342475,4.498904109589041,5,1,,35.2,,,1991-2020_BASELINE_PENDING,PASS
573,AWS,127.71352,37.55821,1111000,2023,365,365,17.981917808219176,5.873698630136992,13,0,,35,,,1991-2020_BASELINE_PENDING,PASS
573,AWS,127.71352,37.55821,1111000,2024,91,91,7.1923076923076925,-4.118681318681317,0,0,,23,,,1991-2020_BASELINE_PENDING,INSUFFICIENT_DAYS
574,AWS,127.58711,37.3694,1111000,2021,365,365,17.953972602739746,6.623013698630131,14,0,,34.9,,,1991-2020_BASELINE_PENDING,PASS
574,AWS,127.58711,37.3694,1111000,2022,365,365,17.556712328767134,5.655616438356164,8,5,,34.9,,,1991-2020_BASELINE_PENDING,PASS
574,AWS,127.58711,37.3694,1111000,2023,365,365,18.299999999999994,6.920547945205476,17,0,,34.6,,,1991-2020_BASELINE_PENDING,PASS
574,AWS,127.58711,37.3694,1111000,2024,91,91,7.584615384615383,-3.0505494505494504,0,0,,22.1,,,1991-2020_BASELINE_PENDING,INSUFFICIENT_DAYS
575,AWS,127.18766,37.1058,1111000,2021,364,364,18.713736263736255,7.625824175824175,21,3,,36,,,1991-2020_BASELINE_PENDING,PASS
575,AWS,127.18766,37.1058,1111000,2022,363,363,18.209090909090897,6.659228650137735,15,10,,36.2,,,1991-2020_BASELINE_PENDING,PASS
575,AWS,127.18766,37.1058,1111000,2023,365,365,18.961643835616446,7.768219178082195,23,2,,36.9,,,1991-2020_BASELINE_PENDING,PASS
575,AWS,127.18766,37.1058,1111000,2024,90,90,7.591111111111113,-2.3033333333333337,0,0,,22.3,,,1991-2020_BASELINE_PENDING,INSUFFICIENT_DAYS
576,AWS,127.36632,37.12966,1111000,2021,359,359,17.806406685236773,5.682729805013926,14,0,,34.1,,,1991-2020_BASELINE_PENDING,PASS
576,AWS,127.36632,37.12966,1111000,2022,365,365,17.458904109589042,5.049589041095895,7,4,,34.3,,,1991-2020_BASELINE_PENDING,PASS
576,AWS,127.36632,37.12966,1111000,2023,365,365,18.23013698630138,6.122191780821922,16,0,,35.3,,,1991-2020_BASELINE_PENDING,PASS
576,AWS,127.36632,37.12966,1111000,2024,91,91,7.259340659340659,-3.547252747252748,0,0,,22,,,1991-2020_BASELINE_PENDING,INSUFFICIENT_DAYS
577,AWS,126.33659,37.53347,1111000,2021,365,365,16.38904109589042,9.465205479452052,1,3,,33.2,,,1991-2020_BASELINE_PENDING,PASS
577,AWS,126.33659,37.53347,1111000,2022,364,364,15.447252747252728,8.770604395604401,2,11,,34.7,,,1991-2020_BASELINE_PENDING,PASS
577,AWS,126.33659,37.53347,1111000,2023,360,360,16.354444444444447,9.840833333333334,2,5,,34.4,,,1991-2020_BASELINE_PENDING,PASS
577,AWS,126.33659,37.53347,1111000,2024,91,91,5.951648351648349,-0.6846153846153856,0,0,,20.2,,,1991-2020_BASELINE_PENDING,INSUFFICIENT_DAYS
578,AWS,126.26628,36.3012,1111000,2021,365,365,16.58986301369863,10.958356164383558,0,0,,32.4,,,1991-2020_BASELINE_PENDING,PASS
578,AWS,126.26628,36.3012,1111000,2022,364,364,15.607967032967027,10.417857142857144,1,13,,33.3,,,1991-2020_BASELINE_PENDING,PASS
578,AWS,126.26628,36.3012,1111000,2023,363,363,16.357851239669415,10.891460055096426,0,4,,31.9,,,1991-2020_BASELINE_PENDING,PASS
578,AWS,126.26628,36.3012,1111000,2024,91,91,6.709890109890112,2.1593406593406597,0,0,,17.3,,,1991-2020_BASELINE_PENDING,INSUFFICIENT_DAYS
579,AWS,128.9133,37.36684,1111000,2021,365,365,14.713424657534226,3.8827397260273937,0,0,,31.7,,,1991-2020_BASELINE_PENDING,PASS
579,AWS,128.9133,37.36684,1111000,2022,364,364,14.760714285714275,2.9538461538461536,0,0,,32.2,,,1991-2020_BASELINE_PENDING,PASS
579,AWS,128.9133,37.36684,1111000,2023,365,365,15.620273972602726,3.799726027397259,0,0,,32.7,,,1991-2020_BASELINE_PENDING,PASS
579,AWS,128.9133,37.36684,1111000,2024,91,91,3.868131868131868,-6.393406593406596,0,0,,16.5,,,1991-2020_BASELINE_PENDING,INSUFFICIENT_DAYS
580,AWS,129.02888,37.61345,1111000,2021,360,360,17.36694444444444,9.269166666666669,0,0,,32.6,,,1991-2020_BASELINE_PENDING,PASS
580,AWS,129.02888,37.61345,1111000,2022,365,365,17.301917808219176,9.163287671232881,4,5,,34.4,,,1991-2020_BASELINE_PENDING,PASS
580,AWS,129.02888,37.61345,1111000,2023,365,365,18.265479452054805,10.239452054794512,6,7,,35.6,,,1991-2020_BASELINE_PENDING,PASS
580,AWS,129.02888,37.61345,1111000,2024,91,91,7.563736263736261,0.16813186813186828,0,0,,20.4,,,1991-2020_BASELINE_PENDING,INSUFFICIENT_DAYS
581,AWS,128.77441,37.11663,1211000,2021,365,365,16.35753424657534,5.320273972602746,1,0,,33.4,,,1991-2020_BASELINE_PENDING,PASS
581,AWS,128.77441,37.11663,1211000,2022,365,365,16.269315068493146,4.516712328767122,2,0,,33.2,,,1991-2020_BASELINE_PENDING,PASS
581,AWS,128.77441,37.11663,1211000,2023,365,365,16.87753424657533,5.518630136986302,0,0,,32.9,,,1991-2020_BASELINE_PENDING,PASS
581,AWS,128.77441,37.11663,1211000,2024,91,91,6.225274725274725,-3.634065934065936,0,0,,19.1,,,1991-2020_BASELINE_PENDING,INSUFFICIENT_DAYS
582,AWS,128.07993,37.23146,1111000,2021,365,365,16.83671232876712,4.939452054794521,11,0,,33.6,,,1991-2020_BASELINE_PENDING,PASS
582,AWS,128.07993,37.23146,1111000,2022,365,365,16.350958904109575,3.9964383561643833,5,0,,33.9,,,1991-2020_BASELINE_PENDING,PASS
582,AWS,128.07993,37.23146,1111000,2023,365,365,17.131232876712335,5.200000000000002,10,0,,35.2,,,1991-2020_BASELINE_PENDING,PASS
582,AWS,128.07993,37.23146,1111000,2024,91,91,6.148351648351649,-4.450549450549452,0,0,,20.7,,,1991-2020_BASELINE_PENDING,INSUFFICIENT_DAYS
583,AWS,128.1551,37.46463,1111000,2021,365,365,14.299178082191771,3.623287671232874,0,0,,32,,,1991-2020_BASELINE_PENDING,PASS
583,AWS,128.1551,37.46463,1111000,2022,365,365,13.727945205479454,2.700273972602737,0,0,,31.3,,,1991-2020_BASELINE_PENDING,PASS
583,AWS,128.1551,37.46463,1111000,2023,365,365,14.56383561643836,3.798630136986299,0,0,,31.1,,,1991-2020_BASELINE_PENDING,PASS
583,AWS,128.1551,37.46463,1111000,2024,91,91,3.457142857142857,-6.181318681318682,0,0,,18.9,,,1991-2020_BASELINE_PENDING,INSUFFICIENT_DAYS
585,AWS,128.0742,37.95996,1111000,2021,365,365,17.25369863013698,5.505479452054797,15,0,,34.7,,,1991-2020_BASELINE_PENDING,PASS
585,AWS,128.0742,37.95996,1111000,2022,365,365,16.851780821917814,4.866575342465752,8,0,,34.1,,,1991-2020_BASELINE_PENDING,PASS
585,AWS,128.0742,37.95996,1111000,2023,365,365,17.598904109589043,5.806575342465752,10,0,,34.3,,,1991-2020_BASELINE_PENDING,PASS
585,AWS,128.0742,37.95996,1111000,2024,91,91,6.905494505494507,-4.40769230769231,0,0,,21.4,,,1991-2020_BASELINE_PENDING,INSUFFICIENT_DAYS
586,AWS,127.87694,38.03209,1111000,2021,365,365,17.010410958904103,5.798630136986306,10,0,,35.2,,,1991-2020_BASELINE_PENDING,PASS
586,AWS,127.87694,38.03209,1111000,2022,365,365,16.598082191780822,5.185753424657531,2,0,,33.7,,,1991-2020_BASELINE_PENDING,PASS
586,AWS,127.87694,38.03209,1111000,2023,365,365,17.29808219178081,6.11424657534247,4,0,,33.7,,,1991-2020_BASELINE_PENDING,PASS
586,AWS,127.87694,38.03209,1111000,2024,91,91,6.63956043956044,-3.7846153846153836,0,0,,20.8,,,1991-2020_BASELINE_PENDING,INSUFFICIENT_DAYS
587,AWS,127.95329,38.22642,1111000,2021,364,364,16.44505494505494,4.370879120879119,5,0,,33.8,,,1991-2020_BASELINE_PENDING,PASS
587,AWS,127.95329,38.22642,1111000,2022,360,360,16.54083333333333,4.0813888888888865,2,0,,33.9,,,1991-2020_BASELINE_PENDING,PASS
587,AWS,127.95329,38.22642,1111000,2023,365,365,17.5191780821918,5.381369863013697,4,0,,33.4,,,1991-2020_BASELINE_PENDING,PASS
587,AWS,127.95329,38.22642,1111000,2024,91,91,6.704395604395606,-4.640659340659341,0,0,,21,,,1991-2020_BASELINE_PENDING,INSUFFICIENT_DAYS
588,AWS,127.64289,37.79066,1111000,2021,365,365,17.90931506849314,5.521095890410961,18,0,,36,,,1991-2020_BASELINE_PENDING,PASS
588,AWS,127.64289,37.79066,1111000,2022,363,363,17.396969696969705,4.4666666666666694,10,2,,35.1,,,1991-2020_BASELINE_PENDING,PASS
588,AWS,127.64289,37.79066,1111000,2023,365,365,18.02493150684931,6.026027397260275,18,0,,34.9,,,1991-2020_BASELINE_PENDING,PASS
588,AWS,127.64289,37.79066,1111000,2024,91,91,7.2307692307692335,-4.513186813186815,0,0,,22,,,1991-2020_BASELINE_PENDING,INSUFFICIENT_DAYS
589,AWS,126.79026,37.70236,1111000,2021,359,359,17.413091922005567,7.153203342618382,9,1,,35.3,,,1991-2020_BASELINE_PENDING,PASS
589,AWS,126.79026,37.70236,1111000,2022,361,361,16.58227146814406,6.559833795013855,3,3,,34,,,1991-2020_BASELINE_PENDING,PASS
589,AWS,126.79026,37.70236,1111000,2023,365,365,17.36575342465754,7.752054794520546,2,0,,33.8,,,1991-2020_BASELINE_PENDING,PASS
589,AWS,126.79026,37.70236,1111000,2024,91,91,6.978021978021977,-2.5780219780219764,0,0,,21.9,,,1991-2020_BASELINE_PENDING,INSUFFICIENT_DAYS
590,AWS,127.00249,37.44028,1111000,2021,365,365,18.516438356164386,7.8980821917808175,18,2,,36.1,,,1991-2020_BASELINE_PENDING,PASS
590,AWS,127.00249,37.44028,1111000,2022,362,362,17.989226519337016,7.193370165745859,8,4,,34.6,,,1991-2020_BASELINE_PENDING,PASS
590,AWS,127.00249,37.44028,1111000,2023,365,365,18.86876712328766,8.24794520547945,18,1,,35.4,,,1991-2020_BASELINE_PENDING,PASS
590,AWS,127.00249,37.44028,1111000,2024,91,91,8.056043956043956,-1.7560439560439567,0,0,,24,,,1991-2020_BASELINE_PENDING,INSUFFICIENT_DAYS
591,AWS,128.05047,37.41554,1111000,2021,365,365,16.87095890410958,5.963835616438351,8,0,,35.1,,,1991-2020_BASELINE_PENDING,PASS
591,AWS,128.05047,37.41554,1111000,2022,365,365,16.451506849315074,5.348493150684934,3,1,,33.8,,,1991-2020_BASELINE_PENDING,PASS
591,AWS,128.05047,37.41554,1111000,2023,365,365,17.335068493150697,6.363287671232878,7,0,,34.4,,,1991-2020_BASELINE_PENDING,PASS
591,AWS,128.05047,37.41554,1111000,2024,91,91,6.328571428571431,-3.2065934065934067,0,0,,22.2,,,1991-2020_BASELINE_PENDING,INSUFFICIENT_DAYS
592,AWS,127.74866,37.23162,1111000,2021,365,365,18.09561643835616,6.216712328767127,19,0,,34.9,,,1991-2020_BASELINE_PENDING,PASS
592,AWS,127.74866,37.23162,1111000,2022,365,365,17.69479452054794,5.306027397260272,9,1,,35,,,1991-2020_BASELINE_PENDING,PASS
592,AWS,127.74866,37.23162,1111000,2023,365,365,18.458904109589042,6.672602739726031,18,0,,35.2,,,1991-2020_BASELINE_PENDING,PASS
592,AWS,127.74866,37.23162,1111000,2024,91,91,7.7868131868131885,-3.1219780219780233,0,0,,22.2,,,1991-2020_BASELINE_PENDING,INSUFFICIENT_DAYS
593,AWS,128.54069,38.00731,1111000,2021,359,359,16.693036211699155,8.85153203342618,2,1,,35,,,1991-2020_BASELINE_PENDING,PASS
593,AWS,128.54069,38.00731,1111000,2022,365,365,16.519452054794513,8.59808219178082,0,2,,32.6,,,1991-2020_BASELINE_PENDING,PASS
593,AWS,128.54069,38.00731,1111000,2023,365,365,17.2876712328767,9.364383561643843,10,6,,36.6,,,1991-2020_BASELINE_PENDING,PASS
593,AWS,128.54069,38.00731,1111000,2024,91,91,6.017582417582417,-0.746153846153846,0,0,,17.5,,,1991-2020_BASELINE_PENDING,INSUFFICIENT_DAYS
594,AWS,128.21,38.2533,1111000,2021,364,364,15.784615384615384,4.721153846153847,6,0,,33.9,,,1991-2020_BASELINE_PENDING,PASS
594,AWS,128.21,38.2533,1111000,2022,365,365,15.458082191780814,3.748219178082194,1,0,,33.1,,,1991-2020_BASELINE_PENDING,PASS
594,AWS,128.21,38.2533,1111000,2023,354,354,16.519209039548013,4.99011299435028,5,0,,33.4,,,1991-2020_BASELINE_PENDING,PASS
594,AWS,128.21,38.2533,1111000,2024,91,91,4.541758241758242,-5.790109890109888,0,0,,17.3,,,1991-2020_BASELINE_PENDING,INSUFFICIENT_DAYS
595,AWS,128.37415,38.26414,1211000,2021,365,365,13.847945205479432,5.481643835616441,0,0,,31.2,,,1991-2020_BASELINE_PENDING,PASS
595,AWS,128.37415,38.26414,1211000,2022,365,365,13.523287671232866,5.135068493150683,0,0,,31,,,1991-2020_BASELINE_PENDING,PASS
595,AWS,128.37415,38.26414,1211000,2023,365,365,14.247123287671227,5.901369863013696,0,0,,31.2,,,1991-2020_BASELINE_PENDING,PASS
595,AWS,128.37415,38.26414,1211000,2024,91,91,2.557142857142857,-5.247252747252748,0,0,,13.2,,,1991-2020_BASELINE_PENDING,INSUFFICIENT_DAYS
596,AWS,128.49325,38.07699,1111000,2021,365,365,16.365753424657537,7.629041095890413,1,0,,33.1,,,1991-2020_BASELINE_PENDING,PASS
596,AWS,128.49325,38.07699,1111000,2022,365,365,16.15780821917806,7.5665753424657565,0,3,,32.2,,,1991-2020_BASELINE_PENDING,PASS
596,AWS,128.49325,38.07699,1111000,2023,365,365,16.947671232876715,8.362465753424663,9,2,,35.5,,,1991-2020_BASELINE_PENDING,PASS
596,AWS,128.49325,38.07699,1111000,2024,91,91,5.674725274725276,-1.602197802197802,0,0,,16.7,,,1991-2020_BASELINE_PENDING,INSUFFICIENT_DAYS
597,AWS,128.44108,37.54548,1111000,2021,365,365,14.594794520547952,4.016986301369867,0,0,,31.9,,,1991-2020_BASELINE_PENDING,PASS
597,AWS,128.44108,37.54548,1111000,2022,365,365,14.139452054794507,3.1698630136986305,0,0,,30.9,,,1991-2020_BASELINE_PENDING,PASS
597,AWS,128.44108,37.54548,1111000,2023,364,364,15.103571428571426,4.046978021978025,0,0,,31.5,,,1991-2020_BASELINE_PENDING,PASS
597,AWS,128.44108,37.54548,1111000,2024,91,91,3.8164835164835167,-5.823076923076923,0,0,,18,,,1991-2020_BASELINE_PENDING,INSUFFICIENT_DAYS
598,AWS,126.9905,37.83118,1111000,2021,364,364,17.865934065934063,6.2651098901098905,14,1,,37,,,1991-2020_BASELINE_PENDING,PASS
598,AWS,126.9905,37.83118,1111000,2022,347,347,17.14697406340058,5.821037463976945,4,3,,35.1,,,1991-2020_BASELINE_PENDING,PASS
598,AWS,126.9905,37.83118,1111000,2023,354,354,18.30451977401129,7.119491525423729,20,0,,35.5,,,1991-2020_BASELINE_PENDING,PASS
598,AWS,126.9905,37.83118,1111000,2024,89,89,7.579775280898875,-3.953932584269662,0,0,,24.1,,,1991-2020_BASELINE_PENDING,INSUFFICIENT_DAYS
599,AWS,127.16977,37.76172,1111000,2021,365,365,18.0323287671233,5.302191780821923,13,0,,35.7,,,1991-2020_BASELINE_PENDING,PASS
599,AWS,127.16977,37.76172,1111000,2022,362,362,17.378176795580117,4.344198895027625,8,1,,35.9,,,1991-2020_BASELINE_PENDING,PASS
599,AWS,127.16977,37.76172,1111000,2023,365,365,18.177808219178065,5.830684931506851,18,0,,35.5,,,1991-2020_BASELINE_PENDING,PASS
599,AWS,127.16977,37.76172,1111000,2024,91,91,7.428571428571427,-4.627472527472527,0,0,,22.9,,,1991-2020_BASELINE_PENDING,INSUFFICIENT_DAYS
600,AWS,127.58973,36.97369,1111000,2021,364,364,18.6956043956044,7.0252747252747145,16,0,,35.3,,,1991-2020_BASELINE_PENDING,PASS
600,AWS,127.58973,36.97369,1111000,2022,365,365,18.472602739726018,6.034794520547946,17,5,,35.5,,,1991-2020_BASELINE_PENDING,PASS
600,AWS,127.58973,36.97369,1111000,2023,360,360,19.032500000000006,6.871666666666666,23,0,,36.9,,,1991-2020_BASELINE_PENDING,PASS
600,AWS,127.58973,36.97369,1111000,2024,90,90,7.691111111111111,-3.051111111111112,0,0,,22.9,,,1991-2020_BASELINE_PENDING,INSUFFICIENT_DAYS
601,AWS,128.34687,37.00204,1111000,2021,365,365,18.273424657534246,7.62082191780822,20,0,,36,,,1991-2020_BASELINE_PENDING,PASS
601,AWS,128.34687,37.00204,1111000,2022,364,364,18.038186813186815,6.959065934065937,15,5,,35.8,,,1991-2020_BASELINE_PENDING,PASS
601,AWS,128.34687,37.00204,1111000,2023,363,363,18.93223140495868,7.561983471074382,23,0,,35.4,,,1991-2020_BASELINE_PENDING,PASS
601,AWS,128.34687,37.00204,1111000,2024,91,91,7.971428571428573,-2.6098901098901104,0,0,,22.3,,,1991-2020_BASELINE_PENDING,INSUFFICIENT_DAYS
602,AWS,127.46231,36.86338,1111000,2021,365,365,18.643013698630153,7.6643835616438345,19,1,,36,,,1991-2020_BASELINE_PENDING,PASS
602,AWS,127.46231,36.86338,1111000,2022,365,365,18.441917808219173,7.0523287671232895,17,16,,36.1,,,1991-2020_BASELINE_PENDING,PASS
602,AWS,127.46231,36.86338,1111000,2023,365,365,19.172876712328755,8.275616438356163,20,2,,35.2,,,1991-2020_BASELINE_PENDING,PASS
602,AWS,127.46231,36.86338,1111000,2024,90,90,8.037777777777778,-1.522222222222222,0,0,,22.1,,,1991-2020_BASELINE_PENDING,INSUFFICIENT_DAYS
603,AWS,127.77758,36.81612,1111000,2021,364,364,18.326648351648352,6.321428571428567,17,0,,34.9,,,1991-2020_BASELINE_PENDING,PASS
603,AWS,127.77758,36.81612,1111000,2022,365,365,17.89041095890411,5.27643835616438,7,2,,34.6,,,1991-2020_BASELINE_PENDING,PASS
603,AWS,127.77758,36.81612,1111000,2023,365,365,18.738904109589033,6.553698630136982,20,0,,34.9,,,1991-2020_BASELINE_PENDING,PASS
603,AWS,127.77758,36.81612,1111000,2024,91,91,7.65384615384615,-3.07912087912088,0,0,,20.3,,,1991-2020_BASELINE_PENDING,INSUFFICIENT_DAYS
604,AWS,127.59654,36.29995,1111000,2021,365,365,18.91808219178082,7.912054794520561,16,1,,35.6,,,1991-2020_BASELINE_PENDING,PASS
604,AWS,127.59654,36.29995,1111000,2022,365,365,18.934520547945205,7.396438356164387,18,9,,35.5,,,1991-2020_BASELINE_PENDING,PASS
604,AWS,127.59654,36.29995,1111000,2023,358,358,19.900279329608935,8.913407821229045,23,12,,36.1,,,1991-2020_BASELINE_PENDING,PASS
604,AWS,127.59654,36.29995,1111000,2024,91,91,8.675824175824175,-1.5483516483516482,0,0,,20.5,,,1991-2020_BASELINE_PENDING,INSUFFICIENT_DAYS
605,AWS,127.755,36.16,1111000,2021,364,364,19.187912087912096,7.153571428571422,15,0,,35.2,,,1991-2020_BASELINE_PENDING,PASS
605,AWS,127.755,36.16,1111000,2022,360,360,19.076111111111107,6.146388888888891,17,1,,35.4,,,1991-2020_BASELINE_PENDING,PASS
605,AWS,127.755,36.16,1111000,2023,351,351,19.500284900284893,7.060968660968661,11,0,,34.6,,,1991-2020_BASELINE_PENDING,PASS
605,AWS,127.755,36.16,1111000,2024,89,89,8.738202247191012,-2.547191011235955,0,0,,21.6,,,1991-2020_BASELINE_PENDING,INSUFFICIENT_DAYS
606,AWS,126.38808,37.01061,1111000,2021,349,349,16.53954154727793,10.538395415472781,2,5,,33.5,,,1991-2020_BASELINE_PENDING,PASS
606,AWS,126.38808,37.01061,1111000,2022,361,361,16.65401662049862,11.300277008310252,2,20,,34.9,,,1991-2020_BASELINE_PENDING,PASS
606,AWS,126.38808,37.01061,1111000,2023,352,352,16.68267045454546,11.350568181818183,0,2,,32.2,,,1991-2020_BASELINE_PENDING,PASS
606,AWS,126.38808,37.01061,1111000,2024,91,91,6.726373626373628,1.815384615384615,0,0,,19.3,,,1991-2020_BASELINE_PENDING,INSUFFICIENT_DAYS
607,AWS,126.13541,36.67309,1111000,2021,364,364,16.678846153846152,10.720054945054953,0,6,,32.7,,,1991-2020_BASELINE_PENDING,PASS
607,AWS,126.13541,36.67309,1111000,2022,364,364,15.710439560439548,10.096153846153847,2,15,,33.8,,,1991-2020_BASELINE_PENDING,PASS
607,AWS,126.13541,36.67309,1111000,2023,365,365,16.200273972602744,10.596164383561636,2,3,,34.3,,,1991-2020_BASELINE_PENDING,PASS
607,AWS,126.13541,36.67309,1111000,2024,91,91,6.845054945054944,1.510989010989011,0,0,,17.8,,,1991-2020_BASELINE_PENDING,INSUFFICIENT_DAYS
609,AWS,126.35623,36.33796,1111000,2021,359,359,17.00612813370472,10.413370473537606,0,0,,32.4,,,1991-2020_BASELINE_PENDING,PASS
609,AWS,126.35623,36.33796,1111000,2022,364,364,16.309340659340663,9.956593406593413,2,11,,33.6,,,1991-2020_BASELINE_PENDING,PASS
609,AWS,126.35623,36.33796,1111000,2023,365,365,17.023835616438344,10.637260273972597,1,1,,33.6,,,1991-2020_BASELINE_PENDING,PASS
609,AWS,126.35623,36.33796,1111000,2024,91,91,7.429670329670329,1.4967032967032965,0,0,,21.2,,,1991-2020_BASELINE_PENDING,INSUFFICIENT_DAYS
610,AWS,126.44237,36.52003,1111000,2021,365,365,18.065753424657544,10.933972602739724,5,8,,33.8,,,1991-2020_BASELINE_PENDING,PASS
610,AWS,126.44237,36.52003,1111000,2022,364,364,17.54890109890109,10.44148351648352,8,18,,37.5,,,1991-2020_BASELINE_PENDING,PASS
610,AWS,126.44237,36.52003,1111000,2023,348,348,18.463505747126455,11.362931034482765,14,14,,34.6,,,1991-2020_BASELINE_PENDING,PASS
610,AWS,126.44237,36.52003,1111000,2024,91,91,7.661538461538459,1.1516483516483516,0,0,,21,,,1991-2020_BASELINE_PENDING,INSUFFICIENT_DAYS
611,AWS,127.28056,36.56667,1111000,2021,365,365,19.00438356164384,7.842191780821909,15,1,,35.4,,,1991-2020_BASELINE_PENDING,PASS
611,AWS,127.28056,36.56667,1111000,2022,365,365,19.285479452054798,7.079452054794519,25,9,,35.7,,,1991-2020_BASELINE_PENDING,PASS
611,AWS,127.28056,36.56667,1111000,2023,365,365,19.447671232876715,8.221369863013697,24,1,,36.1,,,1991-2020_BASELINE_PENDING,PASS
611,AWS,127.28056,36.56667,1111000,2024,90,90,8.393333333333333,-1.7233333333333338,0,0,,20.7,,,1991-2020_BASELINE_PENDING,INSUFFICIENT_DAYS
612,AWS,127.13646,36.48284,1111000,2021,364,364,18.98296703296703,7.832967032967023,22,1,,35.2,,,1991-2020_BASELINE_PENDING,PASS
612,AWS,127.13646,36.48284,1111000,2022,364,364,18.553296703296716,7.075824175824181,15,13,,35,,,1991-2020_BASELINE_PENDING,PASS
612,AWS,127.13646,36.48284,1111000,2023,365,365,19.15068493150685,8.34301369863014,17,1,,35.8,,,1991-2020_BASELINE_PENDING,PASS
612,AWS,127.13646,36.48284,1111000,2024,91,91,8.3989010989011,-1.42967032967033,0,0,,20.6,,,1991-2020_BASELINE_PENDING,INSUFFICIENT_DAYS
614,AWS,126.70411,36.06248,1111000,2021,364,364,18.245329670329674,8.567307692307693,7,2,,34.5,,,1991-2020_BASELINE_PENDING,PASS
614,AWS,126.70411,36.06248,1111000,2022,357,357,17.73697478991596,7.967507002801127,3,16,,35.5,,,1991-2020_BASELINE_PENDING,PASS
614,AWS,126.70411,36.06248,1111000,2023,359,359,18.411420612813384,8.924791086350984,2,1,,34.1,,,1991-2020_BASELINE_PENDING,PASS
614,AWS,126.70411,36.06248,1111000,2024,91,91,8.065934065934067,-0.3615384615384614,0,0,,19,,,1991-2020_BASELINE_PENDING,INSUFFICIENT_DAYS
615,AWS,127.10815,36.21164,1111100,2021,361,361,19.40470914127424,8.399445983379497,19,3,,35.6,,,1991-2020_BASELINE_PENDING,PASS
615,AWS,127.10815,36.21164,1111100,2022,364,364,18.982692307692304,7.620604395604389,15,14,,35.6,,,1991-2020_BASELINE_PENDING,PASS
615,AWS,127.10815,36.21164,1111100,2023,364,364,19.84835164835165,8.749450549450554,26,9,,36.4,,,1991-2020_BASELINE_PENDING,PASS
615,AWS,127.10815,36.21164,1111100,2024,91,91,9.103296703296701,-0.9857142857142863,0,0,,21.6,,,1991-2020_BASELINE_PENDING,INSUFFICIENT_DAYS
616,AWS,126.61739,36.88936,1111000,2021,363,363,17.863636363636363,8.581542699724523,8,1,,34.9,,,1991-2020_BASELINE_PENDING,PASS
616,AWS,126.61739,36.88936,1111000,2022,365,365,17.689863013698627,8.274794520547944,5,14,,34.2,,,1991-2020_BASELINE_PENDING,PASS
616,AWS,126.61739,36.88936,1111000,2023,360,360,18.643611111111117,9.248055555555554,15,4,,34.9,,,1991-2020_BASELINE_PENDING,PASS
616,AWS,126.61739,36.88936,1111000,2024,91,91,7.521978021978019,-0.902197802197802,0,0,,21.8,,,1991-2020_BASELINE_PENDING,INSUFFICIENT_DAYS
617,AWS,127.14556,36.89056,1110000,2021,365,365,18.62191780821917,8.811232876712332,22,9,,36.2,,,1991-2020_BASELINE_PENDING,PASS
617,AWS,127.14556,36.89056,1110000,2022,365,365,18.280547945205484,8.574520547945205,16,18,,36.2,,,1991-2020_BASELINE_PENDING,PASS
617,AWS,127.14556,36.89056,1110000,2023,355,355,19.080845070422523,9.177746478873237,22,14,,36.3,,,1991-2020_BASELINE_PENDING,PASS
617,AWS,127.14556,36.89056,1110000,2024,91,91,7.82087912087912,-2.076923076923077,0,0,,22.4,,,1991-2020_BASELINE_PENDING,INSUFFICIENT_DAYS
618,AWS,126.77906,36.42371,1110000,2021,364,364,18.507142857142856,6.72005494505495,13,0,,34.7,,,1991-2020_BASELINE_PENDING,PASS
618,AWS,126.77906,36.42371,1110000,2022,365,365,18.010684931506855,5.956986301369861,9,6,,35.4,,,1991-2020_BASELINE_PENDING,PASS
618,AWS,126.77906,36.42371,1110000,2023,365,365,18.84986301369864,7.197260273972591,14,0,,35.1,,,1991-2020_BASELINE_PENDING,PASS
618,AWS,126.77906,36.42371,1110000,2024,91,91,8.002197802197802,-2.659340659340659,0,0,,19.9,,,1991-2020_BASELINE_PENDING,INSUFFICIENT_DAYS
619,AWS,127.70241,36.92297,1111000,2021,364,364,17.4423076923077,5.871703296703304,5,0,,33.7,,,1991-2020_BASELINE_PENDING,PASS
619,AWS,127.70241,36.92297,1111000,2022,365,365,17.109589041095894,4.968767123287673,0,2,,32.9,,,1991-2020_BASELINE_PENDING,PASS
619,AWS,127.70241,36.92297,1111000,2023,356,356,18.04691011235955,6.499157303370782,4,0,,33.6,,,1991-2020_BASELINE_PENDING,PASS
619,AWS,127.70241,36.92297,1111000,2024,91,91,7.429670329670331,-2.5494505494505493,0,0,,21.5,,,1991-2020_BASELINE_PENDING,INSUFFICIENT_DAYS
620,AWS,127.90353,37.07371,1111000,2021,364,364,18.14862637362637,6.2170329670329645,18,1,,35.1,,,1991-2020_BASELINE_PENDING,PASS
620,AWS,127.90353,37.07371,1111000,2022,365,365,17.810958904109583,5.210136986301368,10,2,,34.7,,,1991-2020_BASELINE_PENDING,PASS
620,AWS,127.90353,37.07371,1111000,2023,365,365,18.626301369863004,6.610958904109592,19,0,,34.9,,,1991-2020_BASELINE_PENDING,PASS
620,AWS,127.90353,37.07371,1111000,2024,91,91,7.697802197802199,-3.17032967032967,0,0,,22.3,,,1991-2020_BASELINE_PENDING,INSUFFICIENT_DAYS
621,AWS,128.21421,36.97325,1111000,2021,362,362,18.20414364640884,6.835082872928178,17,0,,35.5,,,1991-2020_BASELINE_PENDING,PASS
621,AWS,128.21421,36.97325,1111000,2022,364,364,18.04203296703297,6.18241758241759,13,1,,35.7,,,1991-2020_BASELINE_PENDING,PASS
621,AWS,128.21421,36.97325,1111000,2023,365,365,18.76410958904111,7.164383561643833,26,0,,35.9,,,1991-2020_BASELINE_PENDING,PASS
621,AWS,128.21421,36.97325,1111000,2024,91,91,7.612087912087909,-2.337362637362638,0,0,,21.4,,,1991-2020_BASELINE_PENDING,INSUFFICIENT_DAYS
622,AWS,128.00791,36.83909,1111000,2021,361,361,17.328254847645425,5.851523545706373,5,0,,33.9,,,1991-2020_BASELINE_PENDING,PASS
622,AWS,128.00791,36.83909,1111000,2022,365,365,16.92493150684933,4.6189041095890415,3,3,,33.8,,,1991-2020_BASELINE_PENDING,PASS
622,AWS,128.00791,36.83909,1111000,2023,365,365,17.729315068493147,6.052328767123288,9,0,,33.8,,,1991-2020_BASELINE_PENDING,PASS
622,AWS,128.00791,36.83909,1111000,2024,91,91,6.762637362637363,-3.2395604395604405,0,0,,19.6,,,1991-2020_BASELINE_PENDING,INSUFFICIENT_DAYS
623,AWS,127.562,36.7956,1111000,2021,365,365,18.22356164383561,8.246027397260278,13,2,,35,,,1991-2020_BASELINE_PENDING,PASS
623,AWS,127.562,36.7956,1111000,2022,365,365,17.98986301369862,7.395616438356167,7,13,,34.9,,,1991-2020_BASELINE_PENDING,PASS
623,AWS,127.562,36.7956,1111000,2023,365,365,18.77342465753427,8.411780821917807,15,3,,35,,,1991-2020_BASELINE_PENDING,PASS
623,AWS,127.562,36.7956,1111000,2024,91,91,7.964835164835164,-1.399999999999999,0,0,,20.8,,,1991-2020_BASELINE_PENDING,INSUFFICIENT_DAYS
624,AWS,127.6571,36.62436,1111000,2021,364,364,17.298626373626377,6.102747252747257,6,0,,33.7,,,1991-2020_BASELINE_PENDING,PASS
624,AWS,127.6571,36.62436,1111000,2022,365,365,16.912602739726022,5.076164383561643,2,1,,33.6,,,1991-2020_BASELINE_PENDING,PASS
624,AWS,127.6571,36.62436,1111000,2023,365,365,17.758904109589036,6.3487671232876695,8,0,,33.4,,,1991-2020_BASELINE_PENDING,PASS
624,AWS,127.6571,36.62436,1111000,2024,91,91,6.8681318681318695,-3.075824175824177,0,0,,18.5,,,1991-2020_BASELINE_PENDING,INSUFFICIENT_DAYS
625,AWS,127.81557,36.51649,1111000,2021,365,365,17.17808219178083,6.148219178082189,3,0,,34.4,,,1991-2020_BASELINE_PENDING,PASS
625,AWS,127.81557,36.51649,1111000,2022,364,364,16.97500000000001,5.048626373626373,4,0,,34.4,,,1991-2020_BASELINE_PENDING,PASS
625,AWS,127.81557,36.51649,1111000,2023,365,365,17.45315068493152,6.162739726027398,5,0,,34,,,1991-2020_BASELINE_PENDING,PASS
625,AWS,127.81557,36.51649,1111000,2024,90,90,6.600000000000001,-3.2000000000000006,0,0,,18.8,,,1991-2020_BASELINE_PENDING,INSUFFICIENT_DAYS
626,AWS,127.82157,36.35294,1111000,2021,365,365,18.481917808219166,6.657808219178082,16,0,,34.6,,,1991-2020_BASELINE_PENDING,PASS
626,AWS,127.82157,36.35294,1111000,2022,365,365,18.277808219178077,5.666301369863009,13,0,,35,,,1991-2020_BASELINE_PENDING,PASS
626,AWS,127.82157,36.35294,1111000,2023,365,365,19.083835616438353,6.871232876712328,19,1,,35.8,,,1991-2020_BASELINE_PENDING,PASS
626,AWS,127.82157,36.35294,1111000,2024,91,91,8.231868131868133,-2.52967032967033,0,0,,21.5,,,1991-2020_BASELINE_PENDING,INSUFFICIENT_DAYS
627,AWS,126.32952,36.754,1111000,2021,364,364,17.5771978021978,9.65961538461538,8,6,,34.6,,,1991-2020_BASELINE_PENDING,PASS
627,AWS,126.32952,36.754,1111000,2022,365,365,16.89397260273973,9.078630136986305,5,14,,34.5,,,1991-2020_BASELINE_PENDING,PASS
627,AWS,126.32952,36.754,1111000,2023,365,365,17.897534246575347,9.946301369863011,11,5,,35.2,,,1991-2020_BASELINE_PENDING,PASS
627,AWS,126.32952,36.754,1111000,2024,91,91,7.271428571428572,-0.18131868131868137,0,0,,21.1,,,1991-2020_BASELINE_PENDING,INSUFFICIENT_DAYS
628,AWS,126.8199,36.73925,1111000,2021,361,361,18.591412742382257,9.067867036011078,16,1,,35.2,,,1991-2020_BASELINE_PENDING,PASS
628,AWS,126.8199,36.73925,1111000,2022,365,365,18.004657534246586,8.395068493150683,6,14,,34.6,,,1991-2020_BASELINE_PENDING,PASS
628,AWS,126.8199,36.73925,1111000,2023,363,363,18.860881542699715,9.420661157024792,15,7,,35.6,,,1991-2020_BASELINE_PENDING,PASS
628,AWS,126.8199,36.73925,1111000,2024,91,91,8.05604395604396,-0.6395604395604392,0,0,,22,,,1991-2020_BASELINE_PENDING,INSUFFICIENT_DAYS
629,AWS,127.20047,36.69076,1111000,2021,365,365,18.590136986301363,6.690684931506853,20,0,,35.6,,,1991-2020_BASELINE_PENDING,PASS
629,AWS,127.20047,36.69076,1111000,2022,365,365,18.2504109589041,5.856164383561649,14,6,,35.3,,,1991-2020_BASELINE_PENDING,PASS
629,AWS,127.20047,36.69076,1111000,2023,365,365,19.105479452054784,7.235616438356163,22,0,,36.5,,,1991-2020_BASELINE_PENDING,PASS
629,AWS,127.20047,36.69076,1111000,2024,91,91,7.952747252747253,-2.8219780219780226,0,0,,20.9,,,1991-2020_BASELINE_PENDING,INSUFFICIENT_DAYS
630,AWS,127.79968,37.04566,1111000,2021,363,363,17.969696969696972,6.333057851239674,13,0,,34.5,,,1991-2020_BASELINE_PENDING,PASS
630,AWS,127.79968,37.04566,1111000,2022,365,365,17.497808219178083,5.3890410958904065,10,1,,34.1,,,1991-2020_BASELINE_PENDING,PASS
630,AWS,127.79968,37.04566,1111000,2023,365,365,18.29780821917808,6.68986301369863,14,0,,34.7,,,1991-2020_BASELINE_PENDING,PASS
630,AWS,127.79968,37.04566,1111000,2024,91,91,7.416483516483516,-2.900000000000001,0,0,,21.4,,,1991-2020_BASELINE_PENDING,INSUFFICIENT_DAYS
631,AWS,126.61535,37.34775,1111000,2021,365,365,17.036712328767123,9.817534246575345,6,17,,33.7,,,1991-2020_BASELINE_PENDING,PASS
631,AWS,126.61535,37.34775,1111000,2022,365,365,16.48821917808219,9.365479452054798,3,16,,35.3,,,1991-2020_BASELINE_PENDING,PASS
631,AWS,126.61535,37.34775,1111000,2023,365,365,17.171506849315065,10.081917808219178,2,18,,35.3,,,1991-2020_BASELINE_PENDING,PASS
631,AWS,126.61535,37.34775,1111000,2024,89,89,6.546067415730337,-0.14382022471910122,0,0,,21,,,1991-2020_BASELINE_PENDING,INSUFFICIENT_DAYS
632,AWS,126.94722,36.54056,1111000,2021,363,363,18.063360881542728,7.1063360881542605,5,0,,33.3,,,1991-2020_BASELINE_PENDING,PASS
632,AWS,126.94722,36.54056,1111000,2022,364,364,17.948351648351647,6.354120879120882,6,8,,34,,,1991-2020_BASELINE_PENDING,PASS
632,AWS,126.94722,36.54056,1111000,2023,357,357,19.128011204481773,7.775350140056032,14,1,,35.2,,,1991-2020_BASELINE_PENDING,PASS
632,AWS,126.94722,36.54056,1111000,2024,89,89,8.159550561797753,-2.2157303370786523,0,0,,20,,,1991-2020_BASELINE_PENDING,INSUFFICIENT_DAYS
633,AWS,127.09383,36.55114,1111000,2021,365,365,18.50301369863014,7.287945205479448,15,0,,34.8,,,1991-2020_BASELINE_PENDING,PASS
633,AWS,127.09383,36.55114,1111000,2022,365,365,18.247671232876698,6.386849315068494,12,5,,34.5,,,1991-2020_BASELINE_PENDING,PASS
633,AWS,127.09383,36.55114,1111000,2023,365,365,19.046849315068506,7.557260273972603,17,0,,35.4,,,1991-2020_BASELINE_PENDING,PASS
633,AWS,127.09383,36.55114,1111000,2024,89,89,8.004494382022473,-2.1460674157303363,0,0,,20.2,,,1991-2020_BASELINE_PENDING,INSUFFICIENT_DAYS
634,AWS,126.86536,36.84578,1111000,2021,364,364,18.47692307692308,8.980494505494509,19,10,,36,,,1991-2020_BASELINE_PENDING,PASS
634,AWS,126.86536,36.84578,1111000,2022,365,365,17.843561643835617,8.146575342465761,12,14,,35.1,,,1991-2020_BASELINE_PENDING,PASS
634,AWS,126.86536,36.84578,1111000,2023,363,363,18.80330578512397,9.217355371900835,18,6,,37,,,1991-2020_BASELINE_PENDING,PASS
634,AWS,126.86536,36.84578,1111000,2024,91,91,7.77142857142857,-0.7692307692307698,0,0,,21.5,,,1991-2020_BASELINE_PENDING,INSUFFICIENT_DAYS
635,AWS,126.86024,36.1319,1111000,2021,365,365,19.149041095890425,8.23945205479452,15,0,,34.5,,,1991-2020_BASELINE_PENDING,PASS
635,AWS,126.86024,36.1319,1111000,2022,363,363,18.815702479338857,7.407988980716243,9,15,,35.4,,,1991-2020_BASELINE_PENDING,PASS
635,AWS,126.86024,36.1319,1111000,2023,364,364,19.624175824175822,8.54230769230769,20,2,,36,,,1991-2020_BASELINE_PENDING,PASS
635,AWS,126.86024,36.1319,1111000,2024,90,90,9.321111111111112,-0.8299999999999994,0,0,,22.1,,,1991-2020_BASELINE_PENDING,INSUFFICIENT_DAYS
636,AWS,127.2407,36.3132,1111000,2021,359,359,18.418384401114203,6.069080779944285,9,0,,34.5,,,1991-2020_BASELINE_PENDING,PASS
636,AWS,127.2407,36.3132,1111000,2022,364,364,18.04285714285713,5.4901098901098875,7,5,,33.8,,,1991-2020_BASELINE_PENDING,PASS
636,AWS,127.2407,36.3132,1111000,2023,355,355,19.194366197183097,7.330422535211267,12,1,,34.1,,,1991-2020_BASELINE_PENDING,PASS
636,AWS,127.2407,36.3132,1111000,2024,91,91,8.041758241758243,-2.5999999999999988,0,0,,20.2,,,1991-2020_BASELINE_PENDING,INSUFFICIENT_DAYS
637,AWS,126.82381,36.87895,1111000,2021,364,364,18.133791208791212,9.031318681318675,13,2,,35.3,,,1991-2020_BASELINE_PENDING,PASS
637,AWS,126.82381,36.87895,1111000,2022,363,363,17.40247933884298,8.376033057851243,1,13,,33.4,,,1991-2020_BASELINE_PENDING,PASS
637,AWS,126.82381,36.87895,1111000,2023,364,364,18.031318681318687,9.7065934065934,3,6,,34,,,1991-2020_BASELINE_PENDING,PASS
637,AWS,126.82381,36.87895,1111000,2024,91,91,7.603296703296706,-0.006593406593406741,0,0,,20.9,,,1991-2020_BASELINE_PENDING,INSUFFICIENT_DAYS
638,AWS,128.49361,37.07778,1111000,2021,365,365,18.41616438356164,6.991506849315065,21,0,,35.9,,,1991-2020_BASELINE_PENDING,PASS
638,AWS,128.49361,37.07778,1111000,2022,361,361,18.24404432132965,6.222437673130194,18,0,,36.6,,,1991-2020_BASELINE_PENDING,PASS
638,AWS,128.49361,37.07778,1111000,2023,365,365,17.750958904109595,6.612328767123287,9,0,,34.4,,,1991-2020_BASELINE_PENDING,PASS
638,AWS,128.49361,37.07778,1111000,2024,91,91,6.928571428571427,-2.8197802197802218,0,0,,19.4,,,1991-2020_BASELINE_PENDING,INSUFFICIENT_DAYS
639,AWS,128.14564,36.90433,1111000,2021,363,363,17.105234159779606,6.3964187327823705,4,0,,33.6,,,1991-2020_BASELINE_PENDING,PASS
639,AWS,128.14564,36.90433,1111000,2022,364,364,16.750274725274718,5.53296703296703,4,2,,34.2,,,1991-2020_BASELINE_PENDING,PASS
639,AWS,128.14564,36.90433,1111000,2023,365,365,17.53232876712331,6.532328767123285,4,0,,34.2,,,1991-2020_BASELINE_PENDING,PASS
639,AWS,128.14564,36.90433,1111000,2024,91,91,6.446153846153846,-2.8417582417582405,0,0,,19.9,,,1991-2020_BASELINE_PENDING,INSUFFICIENT_DAYS
640,AWS,127.86527,36.67111,1111000,2021,364,364,17.768956043956035,5.616208791208787,14,0,,35.1,,,1991-2020_BASELINE_PENDING,PASS
640,AWS,127.86527,36.67111,1111000,2022,362,362,17.069060773480672,4.15331491712707,5,0,,34,,,1991-2020_BASELINE_PENDING,PASS
640,AWS,127.86527,36.67111,1111000,2023,365,365,17.79452054794521,5.536986301369864,7,0,,34,,,1991-2020_BASELINE_PENDING,PASS
640,AWS,127.86527,36.67111,1111000,2024,91,91,6.907692307692307,-3.7197802197802203,0,0,,18.8,,,1991-2020_BASELINE_PENDING,INSUFFICIENT_DAYS
641,AWS,127.52388,36.5461,1111000,2021,364,364,18.454395604395604,7.447527472527475,14,1,,36.2,,,1991-2020_BASELINE_PENDING,PASS
641,AWS,127.52388,36.5461,1111000,2022,363,363,18.348209366391185,6.600550964187327,15,7,,35.4,,,1991-2020_BASELINE_PENDING,PASS
641,AWS,127.52388,36.5461,1111000,2023,365,365,19.203835616438354,7.857808219178078,18,2,,35.6,,,1991-2020_BASELINE_PENDING,PASS
641,AWS,127.52388,36.5461,1111000,2024,91,91,8.263736263736265,-1.747252747252748,0,0,,20.6,,,1991-2020_BASELINE_PENDING,INSUFFICIENT_DAYS
642,AWS,127.39586,36.29129,1111000,2021,364,364,19.1901098901099,9.643956043956049,20,13,,35.2,,,1991-2020_BASELINE_PENDING,PASS
642,AWS,127.39586,36.29129,1111000,2022,365,365,18.06931506849314,7.2646575342465765,6,7,,34,,,1991-2020_BASELINE_PENDING,PASS
642,AWS,127.39586,36.29129,1111000,2023,359,359,19.074930362116987,8.376601671309189,15,0,,35.7,,,1991-2020_BASELINE_PENDING,PASS
642,AWS,127.39586,36.29129,1111000,2024,91,91,8.181318681318684,-1.265934065934066,0,0,,20.7,,,1991-2020_BASELINE_PENDING,INSUFFICIENT_DAYS
643,AWS,127.49378,36.34019,1111000,2021,364,364,18.576373626373613,7.524175824175823,14,0,,34.9,,,1991-2020_BASELINE_PENDING,PASS
643,AWS,127.49378,36.34019,1111000,2022,365,365,18.35890410958903,6.684657534246582,14,3,,34.6,,,1991-2020_BASELINE_PENDING,PASS
643,AWS,127.49378,36.34019,1111000,2023,365,365,19.234246575342464,7.612602739726024,17,1,,35.7,,,1991-2020_BASELINE_PENDING,PASS
643,AWS,127.49378,36.34019,1111000,2024,91,91,8.462637362637361,-1.761538461538462,0,0,,20.6,,,1991-2020_BASELINE_PENDING,INSUFFICIENT_DAYS
644,AWS,127.09004,36.13662,1111000,2021,363,363,19.339118457300287,8.266942148760327,17,0,,34.8,,,1991-2020_BASELINE_PENDING,PASS
644,AWS,127.09004,36.13662,1111000,2022,364,364,18.705219780219778,7.607142857142861,13,13,,34.9,,,1991-2020_BASELINE_PENDING,PASS
644,AWS,127.09004,36.13662,1111000,2023,365,365,19.39589041095891,8.778082191780818,19,3,,35.5,,,1991-2020_BASELINE_PENDING,PASS
644,AWS,127.09004,36.13662,1111000,2024,91,91,8.839560439560438,-0.8714285714285712,0,0,,20.8,,,1991-2020_BASELINE_PENDING,INSUFFICIENT_DAYS
645,AWS,126.51099,36.57887,1111000,2021,365,365,18.009041095890392,8.21342465753425,7,0,,34.6,,,1991-2020_BASELINE_PENDING,PASS
645,AWS,126.51099,36.57887,1111000,2022,363,363,17.23966942148761,7.472451790633609,4,15,,34.3,,,1991-2020_BASELINE_PENDING,PASS
645,AWS,126.51099,36.57887,1111000,2023,365,365,17.964383561643828,8.574520547945207,7,2,,33.9,,,1991-2020_BASELINE_PENDING,PASS
645,AWS,126.51099,36.57887,1111000,2024,91,91,7.699999999999999,-1.1648351648351651,0,0,,20.9,,,1991-2020_BASELINE_PENDING,INSUFFICIENT_DAYS
646,AWS,126.52845,36.17406,1111000,2021,365,365,17.311506849315073,9.695616438356167,5,1,,33.6,,,1991-2020_BASELINE_PENDING,PASS
646,AWS,126.52845,36.17406,1111000,2022,365,365,16.379452054794513,9.017260273972598,3,16,,33.6,,,1991-2020_BASELINE_PENDING,PASS
646,AWS,126.52845,36.17406,1111000,2023,365,365,17.059452054794523,9.76904109589041,0,6,,32.7,,,1991-2020_BASELINE_PENDING,PASS
646,AWS,126.52845,36.17406,1111000,2024,91,91,7.365934065934066,0.5087912087912084,0,0,,21,,,1991-2020_BASELINE_PENDING,INSUFFICIENT_DAYS
647,AWS,127.68507,36.12474,1110000,2021,363,363,18.95261707988981,7.143526170798898,16,0,,35.7,,,1991-2020_BASELINE_PENDING,PASS
647,AWS,127.68507,36.12474,1110000,2022,364,364,18.82307692307693,6.184065934065926,15,2,,35.8,,,1991-2020_BASELINE_PENDING,PASS
647,AWS,127.68507,36.12474,1110000,2023,356,356,19.536797752808983,7.626404494382022,15,1,,35.7,,,1991-2020_BASELINE_PENDING,PASS
647,AWS,127.68507,36.12474,1110000,2024,91,91,8.841758241758242,-2.4065934065934074,0,0,,21.3,,,1991-2020_BASELINE_PENDING,INSUFFICIENT_DAYS
648,AWS,127.43821,36.41347,1111000,2021,364,364,18.373901098901094,8.37362637362637,10,0,,34.1,,,1991-2020_BASELINE_PENDING,PASS
648,AWS,127.43821,36.41347,1111000,2022,365,365,18.06794520547943,7.534246575342465,3,3,,33.7,,,1991-2020_BASELINE_PENDING,PASS
648,AWS,127.43821,36.41347,1111000,2023,365,365,18.832876712328783,8.513150684931505,7,1,,34.8,,,1991-2020_BASELINE_PENDING,PASS
648,AWS,127.43821,36.41347,1111000,2024,91,91,8.656043956043954,-0.7000000000000004,0,0,,20,,,1991-2020_BASELINE_PENDING,INSUFFICIENT_DAYS
649,AWS,126.75072,37.47223,1111000,2021,359,359,18.056824512534817,8.198607242339833,17,3,,36.6,,,1991-2020_BASELINE_PENDING,PASS
649,AWS,126.75072,37.47223,1111000,2022,353,353,17.330594900849853,7.177903682719546,10,7,,35.7,,,1991-2020_BASELINE_PENDING,PASS
649,AWS,126.75072,37.47223,1111000,2023,363,363,18.369972451790638,8.468870523415974,22,3,,36.2,,,1991-2020_BASELINE_PENDING,PASS
649,AWS,126.75072,37.47223,1111000,2024,91,91,7.424175824175824,-1.9296703296703301,0,0,,22.8,,,1991-2020_BASELINE_PENDING,INSUFFICIENT_DAYS
650,AWS,127.27141,38.25091,1111000,2021,364,364,16.649725274725274,5.548076923076923,10,0,,35.9,,,1991-2020_BASELINE_PENDING,PASS
650,AWS,127.27141,38.25091,1111000,2022,356,356,16.39691011235955,5.121348314606741,2,1,,35.4,,,1991-2020_BASELINE_PENDING,PASS
650,AWS,127.27141,38.25091,1111000,2023,360,360,16.993333333333332,6.164444444444446,1,0,,33.1,,,1991-2020_BASELINE_PENDING,PASS
650,AWS,127.27141,38.25091,1111000,2024,91,91,5.854945054945055,-5.058241758241759,0,0,,21.2,,,1991-2020_BASELINE_PENDING,INSUFFICIENT_DAYS
651,AWS,127.2057,38.27717,1111000,2021,365,365,16.64739726027397,5.683835616438358,8,0,,34,,,1991-2020_BASELINE_PENDING,PASS
651,AWS,127.2057,38.27717,1111000,2022,365,365,16.133150684931497,4.541643835616433,1,0,,33.7,,,1991-2020_BASELINE_PENDING,PASS
651,AWS,127.2057,38.27717,1111000,2023,363,363,17.06969696969697,5.873278236914601,0,0,,32.7,,,1991-2020_BASELINE_PENDING,PASS
651,AWS,127.2057,38.27717,1111000,2024,91,91,5.646153846153846,-5.2714285714285705,0,0,,21.7,,,1991-2020_BASELINE_PENDING,INSUFFICIENT_DAYS
652,AWS,127.07267,37.98998,1111000,2021,364,364,17.722252747252732,6.431868131868134,11,0,,35.9,,,1991-2020_BASELINE_PENDING,PASS
652,AWS,127.07267,37.98998,1111000,2022,112,112,8.091071428571428,-4.83928571428571,0,0,,28.1,,,1991-2020_BASELINE_PENDING,INSUFFICIENT_DAYS
652,AWS,127.07267,37.98998,1111000,2023,354,354,18.150564971751415,7.234180790960455,9,1,,34.4,,,1991-2020_BASELINE_PENDING,PASS
652,AWS,127.07267,37.98998,1111000,2024,91,91,7.112087912087915,-3.57032967032967,0,0,,22.5,,,1991-2020_BASELINE_PENDING,INSUFFICIENT_DAYS
654,AWS,126.30761,37.25404,1111000,2021,365,365,16.580547945205485,9.72273972602739,4,0,,33.2,,,1991-2020_BASELINE_PENDING,PASS
654,AWS,126.30761,37.25404,1111000,2022,365,365,15.73287671232876,9.203561643835615,2,6,,35.1,,,1991-2020_BASELINE_PENDING,PASS
654,AWS,126.30761,37.25404,1111000,2023,365,365,16.523561643835606,9.862739726027403,1,5,,33,,,1991-2020_BASELINE_PENDING,PASS
654,AWS,126.30761,37.25404,1111000,2024,91,91,6.063736263736264,-0.10769230769230784,0,0,,18.7,,,1991-2020_BASELINE_PENDING,INSUFFICIENT_DAYS
655,AWS,124.72912,37.76024,11111000,2021,363,363,15.231680440771353,10.149862258953167,4,1,,34.6,,,1991-2020_BASELINE_PENDING,PASS
655,AWS,124.72912,37.76024,11111000,2022,348,348,14.817528735632186,10.204597701149419,1,5,,33.3,,,1991-2020_BASELINE_PENDING,PASS
655,AWS,124.72912,37.76024,11111000,2023,365,365,15.081917808219178,10.735342465753423,1,4,,33.9,,,1991-2020_BASELINE_PENDING,PASS
655,AWS,124.72912,37.76024,11111000,2024,91,91,5.147252747252747,1.231868131868132,0,0,,16.7,,,1991-2020_BASELINE_PENDING,INSUFFICIENT_DAYS
656,AWS,126.19342,37.6873,1111000,2021,365,365,16.212876712328754,9.600547945205479,1,11,,33.9,,,1991-2020_BASELINE_PENDING,PASS
656,AWS,126.19342,37.6873,1111000,2022,365,365,15.241643835616438,9.12794520547945,1,6,,33.9,,,1991-2020_BASELINE_PENDING,PASS
656,AWS,126.19342,37.6873,1111000,2023,363,363,15.979338842975217,9.909366391184586,2,8,,33.8,,,1991-2020_BASELINE_PENDING,PASS
656,AWS,126.19342,37.6873,1111000,2024,91,91,5.823076923076922,-0.5153846153846161,0,0,,19.1,,,1991-2020_BASELINE_PENDING,INSUFFICIENT_DAYS
657,AWS,126.50213,36.32435,1111000,2021,364,364,17.656318681318695,10.506593406593408,11,12,,35,,,1991-2020_BASELINE_PENDING,PASS
657,AWS,126.50213,36.32435,1111000,2022,365,365,17.078630136986302,10.187397260273968,4,14,,34,,,1991-2020_BASELINE_PENDING,PASS
657,AWS,126.50213,36.32435,1111000,2023,365,365,17.609041095890415,10.915342465753435,0,11,,32.9,,,1991-2020_BASELINE_PENDING,PASS
657,AWS,126.50213,36.32435,1111000,2024,91,91,8.035164835164839,1.3175824175824173,0,0,,21.3,,,1991-2020_BASELINE_PENDING,INSUFFICIENT_DAYS
658,AWS,126.12143,36.7683,1111000,2021,355,355,16.48647887323943,10.414647887323948,0,1,,32.1,,,1991-2020_BASELINE_PENDING,PASS
658,AWS,126.12143,36.7683,1111000,2022,365,365,14.766575342465744,10.370684931506847,1,6,,34.5,,,1991-2020_BASELINE_PENDING,PASS
658,AWS,126.12143,36.7683,1111000,2023,360,360,15.730277777777772,10.974722222222216,0,2,,30.4,,,1991-2020_BASELINE_PENDING,PASS
658,AWS,126.12143,36.7683,1111000,2024,91,91,6.140659340659341,1.839560439560439,0,0,,14.3,,,1991-2020_BASELINE_PENDING,INSUFFICIENT_DAYS
659,AWS,127.2057,36.343,1111000,2021,365,365,13.179178082191777,6.25561643835616,0,0,,30.3,,,1991-2020_BASELINE_PENDING,PASS
659,AWS,127.2057,36.343,1111000,2022,365,365,12.917534246575364,5.829041095890409,0,0,,29.7,,,1991-2020_BASELINE_PENDING,PASS
659,AWS,127.2057,36.343,1111000,2023,365,365,13.97835616438356,6.872054794520546,0,0,,31,,,1991-2020_BASELINE_PENDING,PASS
659,AWS,127.2057,36.343,1111000,2024,91,91,2.782417582417582,-3.8802197802197806,0,0,,15,,,1991-2020_BASELINE_PENDING,INSUFFICIENT_DAYS
660,AWS,128.37762,37.56197,1111000,2021,365,365,15.047397260273975,3.5693150684931543,1,0,,33,,,1991-2020_BASELINE_PENDING,PASS
660,AWS,128.37762,37.56197,1111000,2022,365,365,14.517808219178077,2.400273972602741,0,0,,32.1,,,1991-2020_BASELINE_PENDING,PASS
660,AWS,128.37762,37.56197,1111000,2023,365,365,15.342465753424666,3.368493150684932,0,0,,32.8,,,1991-2020_BASELINE_PENDING,PASS
660,AWS,128.37762,37.56197,1111000,2024,91,91,3.685714285714287,-6.98571428571429,0,0,,18.6,,,1991-2020_BASELINE_PENDING,INSUFFICIENT_DAYS
661,AWS,128.40191,38.54251,1111000,2021,362,362,16.291436464088402,8.220165745856349,0,0,,32.1,,,1991-2020_BASELINE_PENDING,PASS
661,AWS,128.40191,38.54251,1111000,2022,365,365,16.08246575342466,7.892054794520543,3,4,,34.1,,,1991-2020_BASELINE_PENDING,PASS
661,AWS,128.40191,38.54251,1111000,2023,365,365,16.78849315068495,8.789315068493147,7,4,,35.4,,,1991-2020_BASELINE_PENDING,PASS
661,AWS,128.40191,38.54251,1111000,2024,91,91,5.981318681318683,-1.6142857142857148,0,0,,18.8,,,1991-2020_BASELINE_PENDING,INSUFFICIENT_DAYS
662,AWS,126.29695,37.17064,1111000,2021,365,365,15.308767123287668,10.303561643835618,0,0,,32.1,,,1991-2020_BASELINE_PENDING,PASS
662,AWS,126.29695,37.17064,1111000,2022,364,364,14.839285714285724,10.293681318681317,1,7,,33.7,,,1991-2020_BASELINE_PENDING,PASS
662,AWS,126.29695,37.17064,1111000,2023,365,365,16.05561643835617,11.27506849315069,0,4,,30.9,,,1991-2020_BASELINE_PENDING,PASS
662,AWS,126.29695,37.17064,1111000,2024,91,91,6.198901098901098,1.81978021978022,0,0,,20.4,,,1991-2020_BASELINE_PENDING,INSUFFICIENT_DAYS
663,AWS,125.78691,36.92863,1111000,2021,362,362,15.087569060773477,10.993646408839773,0,0,,30.5,,,1991-2020_BASELINE_PENDING,PASS
663,AWS,125.78691,36.92863,1111000,2022,352,352,14.534374999999999,11.055397727272728,0,4,,30.1,,,1991-2020_BASELINE_PENDING,PASS
663,AWS,125.78691,36.92863,1111000,2023,302,302,17.336092715231786,13.79072847682119,0,4,,30.7,,,1991-2020_BASELINE_PENDING,PASS
663,AWS,125.78691,36.92863,1111000,2024,69,69,5.904347826086957,2.589855072463768,0,0,,15.6,,,1991-2020_BASELINE_PENDING,INSUFFICIENT_DAYS
664,AWS,126.45838,37.22468,1111000,2021,365,365,16.35808219178082,10.819178082191781,0,10,,32.9,,,1991-2020_BASELINE_PENDING,PASS
664,AWS,126.45838,37.22468,1111000,2022,365,365,15.632054794520553,10.54219178082192,0,16,,32.9,,,1991-2020_BASELINE_PENDING,PASS
664,AWS,126.45838,37.22468,1111000,2023,365,365,16.500273972602738,11.045479452054783,2,15,,33.9,,,1991-2020_BASELINE_PENDING,PASS
664,AWS,126.45838,37.22468,1111000,2024,90,90,6.323333333333333,1.248888888888889,0,0,,18.5,,,1991-2020_BASELINE_PENDING,INSUFFICIENT_DAYS
665,AWS,126.42521,37.39043,1111000,2021,365,365,15.961917808219196,9.338904109589052,0,0,,32.8,,,1991-2020_BASELINE_PENDING,PASS
665,AWS,126.42521,37.39043,1111000,2022,365,365,15.160821917808201,8.937260273972601,1,5,,33.7,,,1991-2020_BASELINE_PENDING,PASS
665,AWS,126.42521,37.39043,1111000,2023,361,361,16.365373961218825,10.052908587257615,2,3,,33.7,,,1991-2020_BASELINE_PENDING,PASS
665,AWS,126.42521,37.39043,1111000,2024,91,91,6.338461538461541,0.3879120879120878,0,0,,19.7,,,1991-2020_BASELINE_PENDING,INSUFFICIENT_DAYS
666,AWS,126.16832,36.95872,1111000,2021,365,365,16.195342465753424,11.07150684931507,0,0,,32.8,,,1991-2020_BASELINE_PENDING,PASS
666,AWS,126.16832,36.95872,1111000,2022,347,347,15.502881844380395,10.614985590778094,0,3,,31.2,,,1991-2020_BASELINE_PENDING,PASS
666,AWS,126.16832,36.95872,1111000,2023,297,297,15.645454545454545,10.157912457912456,0,0,,32.5,,,1991-2020_BASELINE_PENDING,INSUFFICIENT_DAYS
666,AWS,126.16832,36.95872,1111000,2024,40,40,6.822500000000001,1.9925000000000002,0,0,,12.6,,,1991-2020_BASELINE_PENDING,INSUFFICIENT_DAYS
667,AWS,126.0093,36.6476,1111000,2021,364,364,15.914010989010986,11.140659340659342,0,1,,32.1,,,1991-2020_BASELINE_PENDING,PASS
667,AWS,126.0093,36.6476,1111000,2022,365,365,15.019178082191774,10.717808219178073,0,8,,32,,,1991-2020_BASELINE_PENDING,PASS
667,AWS,126.0093,36.6476,1111000,2023,365,365,15.733150684931498,11.234794520547945,0,1,,32.2,,,1991-2020_BASELINE_PENDING,PASS
667,AWS,126.0093,36.6476,1111000,2024,91,91,6.124175824175824,2.293406593406593,0,0,,19.6,,,1991-2020_BASELINE_PENDING,INSUFFICIENT_DAYS
669,AWS,126.07583,36.2292,11111000,2021,364,364,16.828021978022,12.05604395604396,0,3,,30.7,,,1991-2020_BASELINE_PENDING,PASS
669,AWS,126.07583,36.2292,11111000,2022,356,356,16.49297752808988,11.925842696629203,0,18,,32.2,,,1991-2020_BASELINE_PENDING,PASS
669,AWS,126.07583,36.2292,11111000,2023,355,355,15.983098591549286,11.248169014084503,0,0,,30.3,,,1991-2020_BASELINE_PENDING,PASS
669,AWS,126.07583,36.2292,11111000,2024,91,91,6.941758241758241,2.586813186813186,0,0,,14.9,,,1991-2020_BASELINE_PENDING,INSUFFICIENT_DAYS
670,AWS,128.62954,38.08874,1111000,2021,364,364,17.33131868131869,9.662912087912083,1,3,,33.8,,,1991-2020_BASELINE_PENDING,PASS
670,AWS,128.62954,38.08874,1111000,2022,365,365,16.984109589041097,9.531506849315067,5,7,,35.8,,,1991-2020_BASELINE_PENDING,PASS
670,AWS,128.62954,38.08874,1111000,2023,364,364,17.661263736263734,10.41346153846154,11,13,,36.9,,,1991-2020_BASELINE_PENDING,PASS
670,AWS,128.62954,38.08874,1111000,2024,91,91,7.023076923076922,0.23846153846153842,0,0,,19,,,1991-2020_BASELINE_PENDING,INSUFFICIENT_DAYS
671,AWS,128.57608,38.1922,1111000,2021,365,365,17.101369863013684,9.877534246575342,1,8,,33,,,1991-2020_BASELINE_PENDING,PASS
671,AWS,128.57608,38.1922,1111000,2022,365,365,16.901369863013702,9.443835616438362,3,7,,34.4,,,1991-2020_BASELINE_PENDING,PASS
671,AWS,128.57608,38.1922,1111000,2023,361,361,17.721052631578953,10.263988919667591,9,12,,35.8,,,1991-2020_BASELINE_PENDING,PASS
671,AWS,128.57608,38.1922,1111000,2024,91,91,6.9472527472527466,-0.1637362637362647,0,0,,19.5,,,1991-2020_BASELINE_PENDING,INSUFFICIENT_DAYS
672,AWS,126.48835,35.44236,1111000,2021,361,361,18.742936288088636,9.577285318559555,6,3,,34.9,,,1991-2020_BASELINE_PENDING,PASS
672,AWS,126.48835,35.44236,1111000,2022,364,364,18.30714285714285,8.985714285714288,2,19,,34.5,,,1991-2020_BASELINE_PENDING,PASS
672,AWS,126.48835,35.44236,1111000,2023,365,365,18.874520547945206,9.744109589041088,5,2,,34.3,,,1991-2020_BASELINE_PENDING,PASS
672,AWS,126.48835,35.44236,1111000,2024,91,91,9.104395604395606,0.6670329670329671,0,0,,18.9,,,1991-2020_BASELINE_PENDING,INSUFFICIENT_DAYS
673,AWS,128.7175,35.28223,1111000,2021,364,364,20.085989010989014,9.244505494505493,15,3,,36.8,,,1991-2020_BASELINE_PENDING,PASS
673,AWS,128.7175,35.28223,1111000,2022,365,365,20.03041095890411,8.96191780821918,14,24,,34.5,,,1991-2020_BASELINE_PENDING,PASS
673,AWS,128.7175,35.28223,1111000,2023,364,364,20.990109890109895,10.169505494505497,21,9,,35.8,,,1991-2020_BASELINE_PENDING,PASS
673,AWS,128.7175,35.28223,1111000,2024,91,91,10.623076923076924,0.4329670329670329,0,0,,23,,,1991-2020_BASELINE_PENDING,INSUFFICIENT_DAYS
674,AWS,128.82141,37.21963,1111000,2021,365,365,13.730958904109578,5.117808219178083,0,0,,31.2,,,1991-2020_BASELINE_PENDING,PASS
674,AWS,128.82141,37.21963,1111000,2022,365,365,13.708493150684916,4.656712328767125,0,0,,31.6,,,1991-2020_BASELINE_PENDING,PASS
674,AWS,128.82141,37.21963,1111000,2023,363,363,14.48236914600552,5.507988980716255,0,0,,31.2,,,1991-2020_BASELINE_PENDING,PASS
674,AWS,128.82141,37.21963,1111000,2024,91,91,2.9065934065934065,-4.767032967032969,0,0,,15.5,,,1991-2020_BASELINE_PENDING,INSUFFICIENT_DAYS
675,AWS,127.52769,37.78978,1111000,2021,361,361,17.52991689750693,6.846260387811638,12,0,,35,,,1991-2020_BASELINE_PENDING,PASS
675,AWS,127.52769,37.78978,1111000,2022,365,365,17.064383561643826,5.959726027397265,7,0,,34.5,,,1991-2020_BASELINE_PENDING,PASS
675,AWS,127.52769,37.78978,1111000,2023,362,362,17.746685082872922,7.110773480662977,11,0,,34.7,,,1991-2020_BASELINE_PENDING,PASS
675,AWS,127.52769,37.78978,1111000,2024,91,91,7.448351648351649,-2.947252747252749,0,0,,21.6,,,1991-2020_BASELINE_PENDING,INSUFFICIENT_DAYS
676,AWS,127.42985,36.9906,1111110,2021,364,364,17.846153846153847,7.334890109890112,16,1,,34.9,,,1991-2020_BASELINE_PENDING,PASS
676,AWS,127.42985,36.9906,1111110,2022,365,365,17.473150684931515,6.807945205479461,7,6,,34.4,,,1991-2020_BASELINE_PENDING,PASS
676,AWS,127.42985,36.9906,1111110,2023,365,365,18.356986301369876,7.8928767123287695,16,0,,35.2,,,1991-2020_BASELINE_PENDING,PASS
676,AWS,127.42985,36.9906,1111110,2024,91,91,7.321978021978022,-1.8813186813186813,0,0,,22,,,1991-2020_BASELINE_PENDING,INSUFFICIENT_DAYS
677,AWS,129.0213,37.51728,1111000,2021,365,365,17.90273972602739,7.851232876712331,2,0,,33.8,,,1991-2020_BASELINE_PENDING,PASS
677,AWS,129.0213,37.51728,1111000,2022,365,365,17.86520547945206,7.459178082191778,5,3,,35,,,1991-2020_BASELINE_PENDING,PASS
677,AWS,129.0213,37.51728,1111000,2023,365,365,18.904931506849323,8.399178082191781,13,1,,36.5,,,1991-2020_BASELINE_PENDING,PASS
677,AWS,129.0213,37.51728,1111000,2024,91,91,7.486813186813189,-1.8758241758241763,0,0,,19.5,,,1991-2020_BASELINE_PENDING,INSUFFICIENT_DAYS
678,AWS,128.77862,37.72485,1111000,2021,364,364,14.913736263736261,7.379120879120878,0,0,,30.8,,,1991-2020_BASELINE_PENDING,PASS
678,AWS,128.77862,37.72485,1111000,2022,364,364,14.797527472527486,7.225824175824173,0,0,,30.9,,,1991-2020_BASELINE_PENDING,PASS
678,AWS,128.77862,37.72485,1111000,2023,359,359,15.543732590529247,7.939275766016709,0,1,,32.9,,,1991-2020_BASELINE_PENDING,PASS
678,AWS,128.77862,37.72485,1111000,2024,91,91,4.372527472527474,-2.245054945054945,0,0,,15.7,,,1991-2020_BASELINE_PENDING,INSUFFICIENT_DAYS
679,AWS,128.77297,37.61045,1111000,2021,364,364,13.975549450549464,4.037637362637366,0,0,,31.6,,,1991-2020_BASELINE_PENDING,PASS
679,AWS,128.77297,37.61045,1111000,2022,365,365,13.834246575342469,3.347671232876719,0,0,,30.3,,,1991-2020_BASELINE_PENDING,PASS
679,AWS,128.77297,37.61045,1111000,2023,365,365,14.712054794520549,4.1808219178082195,0,0,,31.5,,,1991-2020_BASELINE_PENDING,PASS
679,AWS,128.77297,37.61045,1111000,2024,91,91,3.242857142857144,-7.220879120879118,0,0,,14.1,,,1991-2020_BASELINE_PENDING,INSUFFICIENT_DAYS
680,AWS,127.84468,38.21277,1111000,2021,361,361,17.233240997229924,5.80387811634349,14,0,,35.4,,,1991-2020_BASELINE_PENDING,PASS
680,AWS,127.84468,38.21277,1111000,2022,365,365,16.749041095890405,4.946575342465758,4,0,,34.4,,,1991-2020_BASELINE_PENDING,PASS
680,AWS,127.84468,38.21277,1111000,2023,365,365,17.484109589041097,6.032602739726029,11,0,,33.9,,,1991-2020_BASELINE_PENDING,PASS
680,AWS,127.84468,38.21277,1111000,2024,91,91,6.301098901098901,-5.005494505494509,0,0,,21.3,,,1991-2020_BASELINE_PENDING,INSUFFICIENT_DAYS
681,AWS,127.79064,38.0512,1111000,2021,362,362,16.509944751381212,5.279558011049727,10,0,,35.6,,,1991-2020_BASELINE_PENDING,PASS
681,AWS,127.79064,38.0512,1111000,2022,365,365,15.835890410958912,4.453972602739726,2,0,,34.2,,,1991-2020_BASELINE_PENDING,PASS
681,AWS,127.79064,38.0512,1111000,2023,365,365,16.7509589041096,5.495890410958896,4,0,,33.4,,,1991-2020_BASELINE_PENDING,PASS
681,AWS,127.79064,38.0512,1111000,2024,91,91,6.081318681318681,-5.712087912087916,0,0,,21.1,,,1991-2020_BASELINE_PENDING,INSUFFICIENT_DAYS
682,AWS,127.86251,38.28317,1111000,2021,365,365,10.546849315068497,3.1457534246575407,0,0,,29.9,,,1991-2020_BASELINE_PENDING,PASS
682,AWS,127.86251,38.28317,1111000,2022,365,365,9.965205479452058,2.716164383561645,0,0,,27.8,,,1991-2020_BASELINE_PENDING,PASS
682,AWS,127.86251,38.28317,1111000,2023,365,365,10.747397260273967,3.7167123287671213,0,0,,27.4,,,1991-2020_BASELINE_PENDING,PASS
682,AWS,127.86251,38.28317,1111000,2024,91,91,-0.9659340659340652,-7.529670329670326,0,0,,14.5,,,1991-2020_BASELINE_PENDING,INSUFFICIENT_DAYS
687,AWS,127.25286,35.126189,1111000,2021,363,363,20.39807162534435,8.722865013774104,19,0,,36.4,,,1991-2020_BASELINE_PENDING,PASS
687,AWS,127.25286,35.126189,1111000,2022,365,365,20.408767123287664,8.011506849315072,23,9,,35.2,,,1991-2020_BASELINE_PENDING,PASS
687,AWS,127.25286,35.126189,1111000,2023,365,365,20.71424657534246,8.95917808219178,23,2,,37.2,,,1991-2020_BASELINE_PENDING,PASS
687,AWS,127.25286,35.126189,1111000,2024,91,91,11.215384615384615,-0.4472527472527474,0,0,,24.3,,,1991-2020_BASELINE_PENDING,INSUFFICIENT_DAYS
688,AWS,126.93914,35.26878,1111000,2021,365,365,20.16191780821917,8.95178082191781,15,1,,34.9,,,1991-2020_BASELINE_PENDING,PASS
688,AWS,126.93914,35.26878,1111000,2022,365,365,19.96958904109588,8.108493150684932,17,19,,35.1,,,1991-2020_BASELINE_PENDING,PASS
688,AWS,126.93914,35.26878,1111000,2023,362,362,20.429005524861875,9.216022099447512,26,2,,36.4,,,1991-2020_BASELINE_PENDING,PASS
688,AWS,126.93914,35.26878,1111000,2024,84,84,9.964285714285715,0.1166666666666663,0,0,,23.2,,,1991-2020_BASELINE_PENDING,INSUFFICIENT_DAYS
689,AWS,126.89853,35.10082,1111000,2021,365,365,19.86547945205478,9.65534246575343,12,1,,34.8,,,1991-2020_BASELINE_PENDING,PASS
689,AWS,126.89853,35.10082,1111000,2022,365,365,19.556712328767116,8.987397260273974,7,16,,35.3,,,1991-2020_BASELINE_PENDING,PASS
689,AWS,126.89853,35.10082,1111000,2023,365,365,20.100821917808222,9.933424657534252,15,3,,35.8,,,1991-2020_BASELINE_PENDING,PASS
689,AWS,126.89853,35.10082,1111000,2024,91,91,10.335164835164838,0.8879120879120879,0,0,,23.5,,,1991-2020_BASELINE_PENDING,INSUFFICIENT_DAYS
690,AWS,127.13921,35.33624,1111000,2021,365,365,19.45205479452055,7.879726027397258,13,0,,34.5,,,1991-2020_BASELINE_PENDING,PASS
690,AWS,127.13921,35.33624,1111000,2022,363,363,19.12479338842976,7.01570247933884,11,12,,34.9,,,1991-2020_BASELINE_PENDING,PASS
690,AWS,127.13921,35.33624,1111000,2023,365,365,19.588767123287678,8.138904109589053,17,0,,35.5,,,1991-2020_BASELINE_PENDING,PASS
690,AWS,127.13921,35.33624,1111000,2024,91,91,9.646153846153844,-0.9670329670329666,0,0,,22.4,,,1991-2020_BASELINE_PENDING,INSUFFICIENT_DAYS
691,AWS,126.95652,36.38617,1111000,2021,365,365,19.07972602739725,6.926301369863011,14,0,,35,,,1991-2020_BASELINE_PENDING,PASS
691,AWS,126.95652,36.38617,1111000,2022,364,364,18.765659340659344,5.959890109890113,11,5,,34.5,,,1991-2020_BASELINE_PENDING,PASS
691,AWS,126.95652,36.38617,1111000,2023,352,352,19.479829545454542,7.279545454545453,20,1,,36.1,,,1991-2020_BASELINE_PENDING,PASS
691,AWS,126.95652,36.38617,1111000,2024,91,91,8.802197802197805,-2.7472527472527486,0,0,,21.3,,,1991-2020_BASELINE_PENDING,INSUFFICIENT_DAYS
692,AWS,126.9245,38.0404,1111000,2021,365,365,18.438082191780833,5.323013698630132,18,0,,37.2,,,1991-2020_BASELINE_PENDING,PASS
692,AWS,126.9245,38.0404,1111000,2022,365,365,17.76602739726028,4.237534246575342,8,7,,36.6,,,1991-2020_BASELINE_PENDING,PASS
692,AWS,126.9245,38.0404,1111000,2023,358,358,18.731005586592183,5.898882681564256,29,0,,36,,,1991-2020_BASELINE_PENDING,PASS
692,AWS,126.9245,38.0404,1111000,2024,91,91,7.547252747252748,-5.047252747252749,0,0,,23.1,,,1991-2020_BASELINE_PENDING,INSUFFICIENT_DAYS
694,AWS,126.60936,36.70435,1111000,2021,362,362,12.912983425414364,6.94861878453039,0,0,,28.5,,,1991-2020_BASELINE_PENDING,PASS
694,AWS,126.60936,36.70435,1111000,2022,363,363,12.321212121212122,6.721487603305786,0,0,,28.1,,,1991-2020_BASELINE_PENDING,PASS
694,AWS,126.60936,36.70435,1111000,2023,363,363,13.22396694214875,7.696969696969695,0,0,,30.7,,,1991-2020_BASELINE_PENDING,PASS
694,AWS,126.60936,36.70435,1111000,2024,91,91,2.6450549450549445,-2.890109890109892,0,0,,15.4,,,1991-2020_BASELINE_PENDING,INSUFFICIENT_DAYS
695,AWS,127.43197,38.11619,1211000,2021,365,365,10.844931506849315,3.7745205479452006,0,0,,29.6,,,1991-2020_BASELINE_PENDING,PASS
695,AWS,127.43197,38.11619,1211000,2022,364,364,10.322252747252751,3.1486263736263735,0,0,,27.4,,,1991-2020_BASELINE_PENDING,PASS
695,AWS,127.43197,38.11619,1211000,2023,347,347,12.134582132564846,5.054178674351586,0,0,,28,,,1991-2020_BASELINE_PENDING,PASS
695,AWS,127.43197,38.11619,1211000,2024,52,52,0.650000000000001,-6.188461538461538,0,0,,14.3,,,1991-2020_BASELINE_PENDING,INSUFFICIENT_DAYS
696,AWS,129.08614,37.34661,1111000,2021,365,365,18.333424657534227,8.645753424657533,8,0,,35.3,,,1991-2020_BASELINE_PENDING,PASS
696,AWS,129.08614,37.34661,1111000,2022,365,365,18.25232876712329,8.36,10,6,,35.9,,,1991-2020_BASELINE_PENDING,PASS
696,AWS,129.08614,37.34661,1111000,2023,365,365,19.181369863013703,9.12794520547945,17,1,,37.2,,,1991-2020_BASELINE_PENDING,PASS
696,AWS,129.08614,37.34661,1111000,2024,91,91,7.953846153846153,-0.9879120879120882,0,0,,21.2,,,1991-2020_BASELINE_PENDING,INSUFFICIENT_DAYS
697,AWS,125.91829,34.25058,11111000,2021,365,365,18.215616438356165,13.034794520547955,0,5,,30.9,,,1991-2020_BASELINE_PENDING,PASS
697,AWS,125.91829,34.25058,11111000,2022,364,364,17.428846153846145,12.256318681318694,0,5,,30.5,,,1991-2020_BASELINE_PENDING,PASS
697,AWS,125.91829,34.25058,11111000,2023,360,360,18.801388888888876,13.394722222222223,1,18,,33.3,,,1991-2020_BASELINE_PENDING,PASS
697,AWS,125.91829,34.25058,11111000,2024,91,91,9.921978021978022,5.428571428571428,0,0,,16.1,,,1991-2020_BASELINE_PENDING,INSUFFICIENT_DAYS
698,AWS,126.28509,35.09385,1111000,2021,365,365,18.769863013698636,11.142465753424657,6,6,,33.6,,,1991-2020_BASELINE_PENDING,PASS
698,AWS,126.28509,35.09385,1111000,2022,365,365,18.33780821917808,10.875616438356158,3,21,,34.1,,,1991-2020_BASELINE_PENDING,PASS
698,AWS,126.28509,35.09385,1111000,2023,361,361,18.819113573407193,11.314681440443213,9,8,,34.5,,,1991-2020_BASELINE_PENDING,PASS
698,AWS,126.28509,35.09385,1111000,2024,91,91,8.858241758241752,2.3791208791208787,0,0,,18.9,,,1991-2020_BASELINE_PENDING,INSUFFICIENT_DAYS
699,AWS,126.46108,34.98378,1111000,2021,365,365,18.76383561643836,10.097534246575341,2,6,,33.4,,,1991-2020_BASELINE_PENDING,PASS
699,AWS,126.46108,34.98378,1111000,2022,365,365,18.18876712328766,9.143287671232885,4,22,,33.9,,,1991-2020_BASELINE_PENDING,PASS
699,AWS,126.46108,34.98378,1111000,2023,356,356,19.146910112359564,10.166853932584269,12,11,,35.1,,,1991-2020_BASELINE_PENDING,PASS
699,AWS,126.46108,34.98378,1111000,2024,91,91,9.382417582417585,0.9560439560439561,0,0,,20.3,,,1991-2020_BASELINE_PENDING,INSUFFICIENT_DAYS
700,AWS,125.9682,36.12508,1111000,2021,361,361,15.99362880886426,12.044321329639889,0,9,,30.7,,,1991-2020_BASELINE_PENDING,PASS
700,AWS,125.9682,36.12508,1111000,2022,364,364,15.186538461538452,11.563186813186805,0,17,,31.9,,,1991-2020_BASELINE_PENDING,PASS
700,AWS,125.9682,36.12508,1111000,2023,365,365,15.96410958904108,12.19260273972603,0,16,,31.9,,,1991-2020_BASELINE_PENDING,PASS
700,AWS,125.9682,36.12508,1111000,2024,91,91,6.801098901098904,3.091208791208791,0,0,,16.1,,,1991-2020_BASELINE_PENDING,INSUFFICIENT_DAYS
701,AWS,127.66836,36.00168,1111000,2021,365,365,18.618630136986315,7.449041095890412,9,0,,34.5,,,1991-2020_BASELINE_PENDING,PASS
701,AWS,127.66836,36.00168,1111000,2022,364,364,18.31565934065934,6.475824175824184,9,4,,34.5,,,1991-2020_BASELINE_PENDING,PASS
701,AWS,127.66836,36.00168,1111000,2023,365,365,19.05342465753423,7.6060273972602745,12,0,,35.3,,,1991-2020_BASELINE_PENDING,PASS
701,AWS,127.66836,36.00168,1111000,2024,91,91,8.564835164835166,-1.6835164835164838,0,0,,21.4,,,1991-2020_BASELINE_PENDING,INSUFFICIENT_DAYS
702,AWS,126.99252,35.93807,,2021,364,364,19.532417582417587,8.931318681318684,23,3,,36.2,,,1991-2020_BASELINE_PENDING,PASS
702,AWS,126.99252,35.93807,,2022,362,362,18.6024861878453,8.178453038674038,5,18,,34.7,,,1991-2020_BASELINE_PENDING,PASS
702,AWS,126.99252,35.93807,,2023,365,365,19.45835616438357,9.227671232876718,16,8,,34.9,,,1991-2020_BASELINE_PENDING,PASS
702,AWS,126.99252,35.93807,,2024,90,90,8.969999999999999,-0.09333333333333332,0,0,,21.1,,,1991-2020_BASELINE_PENDING,INSUFFICIENT_DAYS
703,AWS,127.43743,35.76036,1111000,2021,363,363,17.65426997245179,6.784297520661156,0,0,,32.8,,,1991-2020_BASELINE_PENDING,PASS
703,AWS,127.43743,35.76036,1111000,2022,365,365,17.21671232876714,5.725753424657536,0,2,,32.8,,,1991-2020_BASELINE_PENDING,PASS
703,AWS,127.43743,35.76036,1111000,2023,365,365,17.918356164383553,6.844657534246576,5,0,,34,,,1991-2020_BASELINE_PENDING,PASS
703,AWS,127.43743,35.76036,1111000,2024,91,91,7.5164835164835155,-2.263736263736264,0,0,,20.5,,,1991-2020_BASELINE_PENDING,INSUFFICIENT_DAYS
704,AWS,126.47755,35.62095,1111000,2021,358,358,17.30167597765363,9.512849162011179,0,2,,32.2,,,1991-2020_BASELINE_PENDING,PASS
704,AWS,126.47755,35.62095,1111000,2022,362,362,17.209944751381204,9.499723756906079,1,21,,34.3,,,1991-2020_BASELINE_PENDING,PASS
704,AWS,126.47755,35.62095,1111000,2023,362,362,17.97624309392266,10.085359116022097,2,2,,33.6,,,1991-2020_BASELINE_PENDING,PASS
704,AWS,126.47755,35.62095,1111000,2024,90,90,8.330000000000002,1.0055555555555558,0,0,,16.2,,,1991-2020_BASELINE_PENDING,INSUFFICIENT_DAYS
706,AWS,126.97266,35.31021,1111000,2021,365,365,20.468219178082197,9.263013698630134,19,4,,35.2,,,1991-2020_BASELINE_PENDING,PASS
706,AWS,126.97266,35.31021,1111000,2022,364,364,20.30494505494506,8.42857142857143,17,21,,36,,,1991-2020_BASELINE_PENDING,PASS
706,AWS,126.97266,35.31021,1111000,2023,351,351,20.36866096866096,8.900284900284898,23,6,,37.4,,,1991-2020_BASELINE_PENDING,PASS
706,AWS,126.97266,35.31021,1111000,2024,91,91,10.696703296703296,-0.1307692307692299,0,0,,23.9,,,1991-2020_BASELINE_PENDING,INSUFFICIENT_DAYS
707,AWS,126.20839,35.05796,1111000,2021,365,365,18.916438356164385,11.384931506849323,10,4,,34.2,,,1991-2020_BASELINE_PENDING,PASS
707,AWS,126.20839,35.05796,1111000,2022,364,364,18.39450549450549,10.961263736263737,4,18,,34.3,,,1991-2020_BASELINE_PENDING,PASS
707,AWS,126.20839,35.05796,1111000,2023,362,362,18.775138121546966,11.408287292817684,6,8,,34,,,1991-2020_BASELINE_PENDING,PASS
707,AWS,126.20839,35.05796,1111000,2024,91,91,9.269230769230772,2.725274725274724,0,0,,19.2,,,1991-2020_BASELINE_PENDING,INSUFFICIENT_DAYS
708,AWS,126.74524,35.12886,1111000,2021,365,365,20.29123287671234,9.175616438356172,18,1,,34.9,,,1991-2020_BASELINE_PENDING,PASS
708,AWS,126.74524,35.12886,1111000,2022,365,365,19.921917808219167,8.510958904109586,12,16,,35.5,,,1991-2020_BASELINE_PENDING,PASS
708,AWS,126.74524,35.12886,1111000,2023,357,357,20.4795518207283,9.545938375350138,24,2,,36.4,,,1991-2020_BASELINE_PENDING,PASS
708,AWS,126.74524,35.12886,1111000,2024,90,90,10.305555555555559,0.20111111111111107,0,0,,23.4,,,1991-2020_BASELINE_PENDING,INSUFFICIENT_DAYS
709,AWS,127.49355,35.20808,1111000,2021,361,361,20.48891966759004,9.206371191135723,22,2,,36.7,,,1991-2020_BASELINE_PENDING,PASS
709,AWS,127.49355,35.20808,1111000,2022,365,365,20.14246575342465,8.411780821917807,14,16,,34.8,,,1991-2020_BASELINE_PENDING,PASS
709,AWS,127.49355,35.20808,1111000,2023,365,365,20.536164383561648,9.422465753424662,18,7,,35.9,,,1991-2020_BASELINE_PENDING,PASS
709,AWS,127.49355,35.20808,1111000,2024,91,91,10.836263736263739,0.3989010989010992,0,0,,23.7,,,1991-2020_BASELINE_PENDING,INSUFFICIENT_DAYS
710,AWS,126.74397,35.02504,1111000,2021,363,363,19.926721763085393,9.309366391184575,11,1,,34,,,1991-2020_BASELINE_PENDING,PASS
710,AWS,126.74397,35.02504,1111000,2022,365,365,19.555342465753423,8.381917808219173,9,17,,34.2,,,1991-2020_BASELINE_PENDING,PASS
710,AWS,126.74397,35.02504,1111000,2023,365,365,19.953424657534246,9.256438356164386,13,3,,35.4,,,1991-2020_BASELINE_PENDING,PASS
710,AWS,126.74397,35.02504,1111000,2024,91,91,10.160439560439558,0.14835164835164832,0,0,,22.9,,,1991-2020_BASELINE_PENDING,INSUFFICIENT_DAYS
711,AWS,126.9898,34.89711,1110000,2021,364,364,19.742582417582412,8.376923076923081,5,0,,34.5,,,1991-2020_BASELINE_PENDING,PASS
711,AWS,126.9898,34.89711,1110000,2022,365,365,19.359726027397272,7.432602739726027,6,8,,34.5,,,1991-2020_BASELINE_PENDING,PASS
711,AWS,126.9898,34.89711,1110000,2023,365,365,19.666849315068493,8.259452054794519,11,2,,35.7,,,1991-2020_BASELINE_PENDING,PASS
711,AWS,126.9898,34.89711,1110000,2024,91,91,9.718681318681316,-1.035164835164836,0,0,,23.3,,,1991-2020_BASELINE_PENDING,INSUFFICIENT_DAYS
712,AWS,127.51927,34.90351,1111000,2021,364,364,20.688461538461542,11.32307692307693,18,16,,36.6,,,1991-2020_BASELINE_PENDING,PASS
712,AWS,127.51927,34.90351,1111000,2022,361,361,20.27174515235457,10.84681440443213,10,29,,34.2,,,1991-2020_BASELINE_PENDING,PASS
712,AWS,127.51927,34.90351,1111000,2023,364,364,20.487087912087926,10.979670329670329,11,19,,35.5,,,1991-2020_BASELINE_PENDING,PASS
712,AWS,127.51927,34.90351,1111000,2024,91,91,11.262637362637363,1.6890109890109888,0,0,,20.7,,,1991-2020_BASELINE_PENDING,INSUFFICIENT_DAYS
713,AWS,127.58259,34.97507,1111000,2021,365,365,20.96164383561643,10.53698630136986,20,10,,36.8,,,1991-2020_BASELINE_PENDING,PASS
713,AWS,127.58259,34.97507,1111000,2022,365,365,20.805479452054797,10.170684931506855,25,22,,35.7,,,1991-2020_BASELINE_PENDING,PASS
713,AWS,127.58259,34.97507,1111000,2023,365,365,20.959452054794514,10.60712328767124,14,13,,37,,,1991-2020_BASELINE_PENDING,PASS
713,AWS,127.58259,34.97507,1111000,2024,91,91,11.754945054945052,1.5395604395604399,0,0,,24.5,,,1991-2020_BASELINE_PENDING,INSUFFICIENT_DAYS
714,AWS,126.02868,34.87909,1101000,2021,365,365,18.416164383561643,10.76493150684931,1,7,,33.8,,,1991-2020_BASELINE_PENDING,PASS
714,AWS,126.02868,34.87909,1101000,2022,365,365,17.604657534246563,10.258082191780824,1,18,,33.4,,,1991-2020_BASELINE_PENDING,PASS
714,AWS,126.02868,34.87909,1101000,2023,365,365,18.1572602739726,10.91205479452055,1,4,,34,,,1991-2020_BASELINE_PENDING,PASS
714,AWS,126.02868,34.87909,1101000,2024,91,91,8.815384615384618,2.3164835164835167,0,0,,17.9,,,1991-2020_BASELINE_PENDING,INSUFFICIENT_DAYS
716,AWS,126.03198,34.63066,1111000,2021,365,365,18.627945205479453,12.118082191780813,0,5,,32.4,,,1991-2020_BASELINE_PENDING,PASS
716,AWS,126.03198,34.63066,1111000,2022,365,365,17.874520547945195,11.479999999999992,0,21,,32.8,,,1991-2020_BASELINE_PENDING,PASS
716,AWS,126.03198,34.63066,1111000,2023,365,365,18.496438356164393,11.779452054794515,2,3,,34.1,,,1991-2020_BASELINE_PENDING,PASS
716,AWS,126.03198,34.63066,1111000,2024,91,91,9.37032967032967,3.4406593406593413,0,0,,17.9,,,1991-2020_BASELINE_PENDING,INSUFFICIENT_DAYS
717,AWS,126.30976,34.42749,1111000,2021,364,364,19.61456043956044,10.478846153846158,2,4,,33.5,,,1991-2020_BASELINE_PENDING,PASS
717,AWS,126.30976,34.42749,1111000,2022,364,364,19.167032967032984,10.083516483516481,3,16,,33.2,,,1991-2020_BASELINE_PENDING,PASS
717,AWS,126.30976,34.42749,1111000,2023,359,359,18.991922005571038,10.287465181058488,8,3,,34.5,,,1991-2020_BASELINE_PENDING,PASS
717,AWS,126.30976,34.42749,1111000,2024,91,91,10.282417582417581,2.04945054945055,0,0,,20.1,,,1991-2020_BASELINE_PENDING,INSUFFICIENT_DAYS
718,AWS,126.03646,34.33303,11111000,2021,363,363,18.608539944903608,12.20881542699724,1,2,,33,,,1991-2020_BASELINE_PENDING,PASS
718,AWS,126.03646,34.33303,11111000,2022,365,365,17.765753424657518,11.598630136986303,0,14,,31.6,,,1991-2020_BASELINE_PENDING,PASS
718,AWS,126.03646,34.33303,11111000,2023,362,362,18.41132596685084,11.969337016574586,1,3,,33,,,1991-2020_BASELINE_PENDING,PASS
718,AWS,126.03646,34.33303,11111000,2024,91,91,9.767032967032968,4.4252747252747255,0,0,,17.6,,,1991-2020_BASELINE_PENDING,INSUFFICIENT_DAYS
719,AWS,126.3977,35.8088,1111000,2021,365,365,17.470136986301377,11.689863013698632,2,8,,33.4,,,1991-2020_BASELINE_PENDING,PASS
719,AWS,126.3977,35.8088,1111000,2022,364,364,16.645604395604387,11.327747252747248,2,17,,34.4,,,1991-2020_BASELINE_PENDING,PASS
719,AWS,126.3977,35.8088,1111000,2023,365,365,17.187397260273993,11.81808219178083,2,12,,33.3,,,1991-2020_BASELINE_PENDING,PASS
719,AWS,126.3977,35.8088,1111000,2024,91,91,7.397802197802201,2.8945054945054944,0,0,,16.7,,,1991-2020_BASELINE_PENDING,INSUFFICIENT_DAYS
720,AWS,126.55508,34.16215,1111000,2021,365,365,18.801095890410956,10.790410958904117,0,14,,32.3,,,1991-2020_BASELINE_PENDING,PASS
720,AWS,126.55508,34.16215,1111000,2022,355,355,18.25943661971832,10.252394366197183,0,18,,32.4,,,1991-2020_BASELINE_PENDING,PASS
720,AWS,126.55508,34.16215,1111000,2023,365,365,18.866575342465765,10.779452054794522,3,14,,33.7,,,1991-2020_BASELINE_PENDING,PASS
720,AWS,126.55508,34.16215,1111000,2024,91,91,10.079120879120879,2.514285714285715,0,0,,20,,,1991-2020_BASELINE_PENDING,INSUFFICIENT_DAYS
721,AWS,127.02825,34.33904,1111000,2021,365,365,18.612602739726015,13.23589041095891,0,24,,32.1,,,1991-2020_BASELINE_PENDING,PASS
721,AWS,127.02825,34.33904,1111000,2022,365,365,17.926027397260285,12.373424657534237,0,9,,31.7,,,1991-2020_BASELINE_PENDING,PASS
721,AWS,127.02825,34.33904,1111000,2023,364,364,18.571703296703287,12.87939560439561,1,16,,33,,,1991-2020_BASELINE_PENDING,PASS
721,AWS,127.02825,34.33904,1111000,2024,91,91,9.945054945054943,4.51978021978022,0,0,,18.9,,,1991-2020_BASELINE_PENDING,INSUFFICIENT_DAYS
722,AWS,126.92875,35.13681,1111000,2021,365,365,19.57890410958903,10.321643835616436,10,5,,34.7,,,1991-2020_BASELINE_PENDING,PASS
722,AWS,126.92875,35.13681,1111000,2022,364,364,19.165109890109882,9.776923076923074,8,17,,35.1,,,1991-2020_BASELINE_PENDING,PASS
722,AWS,126.92875,35.13681,1111000,2023,364,364,19.74230769230769,10.471978021978023,12,7,,35.8,,,1991-2020_BASELINE_PENDING,PASS
722,AWS,126.92875,35.13681,1111000,2024,90,90,9.786666666666664,1.31,0,0,,22.7,,,1991-2020_BASELINE_PENDING,INSUFFICIENT_DAYS
723,AWS,127.30898,34.02792,1111000,2021,364,364,18.978846153846156,14.924725274725274,0,45,,32.6,,,1991-2020_BASELINE_PENDING,PASS
723,AWS,127.30898,34.02792,1111000,2022,365,365,18.615342465753418,14.538630136986285,3,33,,33.3,,,1991-2020_BASELINE_PENDING,PASS
723,AWS,127.30898,34.02792,1111000,2023,364,364,19.495054945054946,15.158241758241747,0,54,,32.9,,,1991-2020_BASELINE_PENDING,PASS
723,AWS,127.30898,34.02792,1111000,2024,91,91,11.516483516483511,7.328571428571428,0,0,,19,,,1991-2020_BASELINE_PENDING,INSUFFICIENT_DAYS
724,AWS,126.30157,33.95783,1111000,2021,365,365,18.14931506849316,14.074520547945202,0,23,,30.5,,,1991-2020_BASELINE_PENDING,PASS
724,AWS,126.30157,33.95783,1111000,2022,365,365,17.584931506849323,13.256164383561647,0,19,,31.5,,,1991-2020_BASELINE_PENDING,PASS
724,AWS,126.30157,33.95783,1111000,2023,363,363,18.60578512396694,13.899173553719013,1,26,,33.2,,,1991-2020_BASELINE_PENDING,PASS
724,AWS,126.30157,33.95783,1111000,2024,90,90,11.452222222222225,6.381111111111112,0,0,,18.3,,,1991-2020_BASELINE_PENDING,INSUFFICIENT_DAYS
725,AWS,126.95414,33.52289,1111000,2021,365,365,19.23150684931506,14.970410958904099,0,33,,30.6,,,1991-2020_BASELINE_PENDING,PASS
725,AWS,126.95414,33.52289,1111000,2022,361,361,20.00498614958449,15.878947368421054,11,74,,34.6,,,1991-2020_BASELINE_PENDING,PASS
725,AWS,126.95414,33.52289,1111000,2023,364,364,20.66483516483518,16.26703296703296,6,67,,33.4,,,1991-2020_BASELINE_PENDING,PASS
725,AWS,126.95414,33.52289,1111000,2024,91,91,12.02417582417582,7.875824175824179,0,0,,20.3,,,1991-2020_BASELINE_PENDING,INSUFFICIENT_DAYS
726,AWS,126.26786,33.12206,1111000,2021,365,365,19.585753424657543,16.262465753424667,0,49,,31,,,1991-2020_BASELINE_PENDING,PASS
726,AWS,126.26786,33.12206,1111000,2022,361,361,18.96980609418283,15.538227146814398,0,50,,31.4,,,1991-2020_BASELINE_PENDING,PASS
726,AWS,126.26786,33.12206,1111000,2023,365,365,19.679178082191793,16.16684931506851,0,62,,32.1,,,1991-2020_BASELINE_PENDING,PASS
726,AWS,126.26786,33.12206,1111000,2024,91,91,12.545054945054945,9.071428571428575,0,0,,18.6,,,1991-2020_BASELINE_PENDING,INSUFFICIENT_DAYS
727,AWS,126.39293,33.40986,1111000,2021,365,365,17.781369863013715,10.481369863013693,0,0,,31.1,,,1991-2020_BASELINE_PENDING,PASS
727,AWS,126.39293,33.40986,1111000,2022,365,365,17.066849315068506,10.01616438356164,0,12,,31.3,,,1991-2020_BASELINE_PENDING,PASS
727,AWS,126.39293,33.40986,1111000,2023,365,365,17.74849315068493,10.772054794520542,0,0,,31.5,,,1991-2020_BASELINE_PENDING,PASS
727,AWS,126.39293,33.40986,1111000,2024,91,91,9.254945054945054,2.457142857142857,0,0,,23,,,1991-2020_BASELINE_PENDING,INSUFFICIENT_DAYS
730,AWS,126.7611,35.2794,11111000,2021,364,364,19.874175824175815,9.154120879120892,16,2,,35.1,,,1991-2020_BASELINE_PENDING,PASS
730,AWS,126.7611,35.2794,11111000,2022,353,353,20.108781869688386,8.866855524079313,9,16,,34.6,,,1991-2020_BASELINE_PENDING,PASS
730,AWS,126.7611,35.2794,11111000,2023,363,363,19.770523415977962,8.980991735537188,14,1,,35.2,,,1991-2020_BASELINE_PENDING,PASS
730,AWS,126.7611,35.2794,11111000,2024,91,91,9.98791208791209,-0.11648351648351654,0,0,,22.7,,,1991-2020_BASELINE_PENDING,INSUFFICIENT_DAYS
731,AWS,126.68634,34.81666,1111000,2021,363,363,19.77933884297521,9.40137741046832,7,5,,34.1,,,1991-2020_BASELINE_PENDING,PASS
731,AWS,126.68634,34.81666,1111000,2022,364,364,19.475549450549458,8.446428571428571,4,20,,34.8,,,1991-2020_BASELINE_PENDING,PASS
731,AWS,126.68634,34.81666,1111000,2023,353,353,20.205099150141642,9.77082152974504,13,11,,35.8,,,1991-2020_BASELINE_PENDING,PASS
731,AWS,126.68634,34.81666,1111000,2024,91,91,10.156043956043959,0.21758241758241778,0,0,,22.4,,,1991-2020_BASELINE_PENDING,INSUFFICIENT_DAYS
732,AWS,127.09209,34.76192,1111000,2021,363,363,19.35922865013775,8.430578512396691,3,2,,33.1,,,1991-2020_BASELINE_PENDING,PASS
732,AWS,127.09209,34.76192,1111000,2022,350,350,19.43028571428572,8.367428571428574,6,15,,33.8,,,1991-2020_BASELINE_PENDING,PASS
732,AWS,127.09209,34.76192,1111000,2023,357,357,18.803361344537805,8.69971988795518,4,1,,34.1,,,1991-2020_BASELINE_PENDING,PASS
732,AWS,127.09209,34.76192,1111000,2024,91,91,9.427472527472528,-0.4901098901098904,0,0,,20.5,,,1991-2020_BASELINE_PENDING,INSUFFICIENT_DAYS
733,AWS,126.8917,36.0461,1110000,2021,361,361,18.796398891966774,9.489473684210525,12,0,,34.1,,,1991-2020_BASELINE_PENDING,PASS
733,AWS,126.8917,36.0461,1110000,2022,365,365,18.4178082191781,8.992602739726017,4,10,,34.3,,,1991-2020_BASELINE_PENDING,PASS
733,AWS,126.8917,36.0461,1110000,2023,365,365,19.21972602739726,9.842465753424653,13,4,,34.4,,,1991-2020_BASELINE_PENDING,PASS
733,AWS,126.8917,36.0461,1110000,2024,91,91,9.09010989010989,0.4879120879120881,0,0,,21.4,,,1991-2020_BASELINE_PENDING,INSUFFICIENT_DAYS
734,AWS,127.24573,35.98551,1211000,2021,364,364,19.761263736263732,8.4989010989011,18,0,,35.1,,,1991-2020_BASELINE_PENDING,PASS
734,AWS,127.24573,35.98551,1211000,2022,365,365,19.30794520547946,7.584109589041103,11,10,,35.4,,,1991-2020_BASELINE_PENDING,PASS
734,AWS,127.24573,35.98551,1211000,2023,364,364,19.89532967032968,8.618406593406585,19,1,,36.1,,,1991-2020_BASELINE_PENDING,PASS
734,AWS,127.24573,35.98551,1211000,2024,91,91,9.734065934065937,-0.4472527472527478,0,0,,22.8,,,1991-2020_BASELINE_PENDING,INSUFFICIENT_DAYS
735,AWS,127.77306,35.89424,1111000,2021,365,365,15.436986301369878,5.942191780821917,0,0,,30.7,,,1991-2020_BASELINE_PENDING,PASS
735,AWS,127.77306,35.89424,1111000,2022,365,365,15.184109589041112,5.144109589041099,0,0,,30.9,,,1991-2020_BASELINE_PENDING,PASS
735,AWS,127.77306,35.89424,1111000,2023,365,365,15.98876712328766,6.127945205479448,0,0,,31.4,,,1991-2020_BASELINE_PENDING,PASS
735,AWS,127.77306,35.89424,1111000,2024,91,91,5.631868131868132,-3.0978021978021975,0,0,,18.4,,,1991-2020_BASELINE_PENDING,INSUFFICIENT_DAYS
736,AWS,126.78401,35.84679,1111000,2021,362,362,18.88729281767956,8.938121546961325,15,2,,36.2,,,1991-2020_BASELINE_PENDING,PASS
736,AWS,126.78401,35.84679,1111000,2022,365,365,18.19287671232877,8.00931506849315,6,15,,35.6,,,1991-2020_BASELINE_PENDING,PASS
736,AWS,126.78401,35.84679,1111000,2023,358,358,19.013687150838003,9.147206703910616,16,4,,35.4,,,1991-2020_BASELINE_PENDING,PASS
736,AWS,126.78401,35.84679,1111000,2024,91,91,8.54945054945055,0.0021978021978022585,0,0,,18.6,,,1991-2020_BASELINE_PENDING,INSUFFICIENT_DAYS
737,AWS,126.87765,35.80905,1111000,2021,365,365,18.90547945205478,10.014520547945203,10,7,,33.8,,,1991-2020_BASELINE_PENDING,PASS
737,AWS,126.87765,35.80905,1111000,2022,363,363,18.400826446281,9.436363636363632,7,22,,35,,,1991-2020_BASELINE_PENDING,PASS
737,AWS,126.87765,35.80905,1111000,2023,365,365,19.201643835616434,10.227671232876709,15,11,,35,,,1991-2020_BASELINE_PENDING,PASS
737,AWS,126.87765,35.80905,1111000,2024,90,90,8.833333333333334,0.8333333333333331,0,0,,20.7,,,1991-2020_BASELINE_PENDING,INSUFFICIENT_DAYS
738,AWS,126.67388,35.57948,1111000,2021,363,363,18.69449035812673,9.321763085399446,12,4,,34.4,,,1991-2020_BASELINE_PENDING,PASS
738,AWS,126.67388,35.57948,1111000,2022,365,365,18.23315068493149,8.670684931506841,5,19,,36.2,,,1991-2020_BASELINE_PENDING,PASS
738,AWS,126.67388,35.57948,1111000,2023,353,353,18.87450424929177,9.196883852691215,18,9,,35.3,,,1991-2020_BASELINE_PENDING,PASS
738,AWS,126.67388,35.57948,1111000,2024,91,91,8.865934065934065,0.16703296703296724,0,0,,20.8,,,1991-2020_BASELINE_PENDING,INSUFFICIENT_DAYS
739,AWS,126.54668,35.52254,1111000,2021,364,364,18.707692307692298,9.825549450549447,9,2,,35.2,,,1991-2020_BASELINE_PENDING,PASS
739,AWS,126.54668,35.52254,1111000,2022,360,360,18.22361111111112,8.958888888888891,4,18,,35.4,,,1991-2020_BASELINE_PENDING,PASS
739,AWS,126.54668,35.52254,1111000,2023,361,361,19.1601108033241,10.093628808864265,11,7,,35.1,,,1991-2020_BASELINE_PENDING,PASS
739,AWS,126.54668,35.52254,1111000,2024,91,91,9.319780219780217,0.8637362637362638,0,0,,19.8,,,1991-2020_BASELINE_PENDING,INSUFFICIENT_DAYS
741,AWS,126.98515,35.05671,1111000,2021,364,364,19.975274725274726,9.417582417582418,9,1,,34.7,,,1991-2020_BASELINE_PENDING,PASS
741,AWS,126.98515,35.05671,1111000,2022,365,365,19.75698630136985,8.509863013698626,13,12,,35,,,1991-2020_BASELINE_PENDING,PASS
741,AWS,126.98515,35.05671,1111000,2023,364,364,20.28104395604395,9.391758241758236,17,4,,36,,,1991-2020_BASELINE_PENDING,PASS
741,AWS,126.98515,35.05671,1111000,2024,91,91,10.572527472527472,0.20549450549450576,0,0,,23.6,,,1991-2020_BASELINE_PENDING,INSUFFICIENT_DAYS
742,AWS,126.33064,34.93889,1111000,2021,365,365,18.879726027397258,10.943561643835615,7,5,,34,,,1991-2020_BASELINE_PENDING,PASS
742,AWS,126.33064,34.93889,1111000,2022,365,365,18.35013698630138,10.502739726027404,4,25,,34.1,,,1991-2020_BASELINE_PENDING,PASS
742,AWS,126.33064,34.93889,1111000,2023,365,365,18.958082191780832,11.041095890410963,15,16,,35,,,1991-2020_BASELINE_PENDING,PASS
742,AWS,126.33064,34.93889,1111000,2024,91,91,9.208791208791206,2.097802197802198,0,0,,19.2,,,1991-2020_BASELINE_PENDING,INSUFFICIENT_DAYS
743,AWS,125.94688,34.77258,1111000,2021,365,365,18.019452054794513,11.77232876712329,0,5,,32.9,,,1991-2020_BASELINE_PENDING,PASS
743,AWS,125.94688,34.77258,1111000,2022,364,364,17.332967032967026,11.465934065934066,0,19,,32.4,,,1991-2020_BASELINE_PENDING,PASS
743,AWS,125.94688,34.77258,1111000,2023,360,360,17.90861111111112,11.734722222222228,1,1,,33.8,,,1991-2020_BASELINE_PENDING,PASS
743,AWS,125.94688,34.77258,1111000,2024,91,91,8.893406593406596,3.324175824175825,0,0,,17.5,,,1991-2020_BASELINE_PENDING,INSUFFICIENT_DAYS
744,AWS,126.43646,34.67254,1111000,2021,355,355,19.55154929577464,10.45352112676056,6,5,,34.2,,,1991-2020_BASELINE_PENDING,PASS
744,AWS,126.43646,34.67254,1111000,2022,365,365,19.30602739726027,10.052054794520544,5,22,,34.5,,,1991-2020_BASELINE_PENDING,PASS
744,AWS,126.43646,34.67254,1111000,2023,364,364,19.85824175824176,10.64807692307693,18,12,,35.5,,,1991-2020_BASELINE_PENDING,PASS
744,AWS,126.43646,34.67254,1111000,2024,91,91,10.004395604395603,1.598901098901099,0,0,,21.8,,,1991-2020_BASELINE_PENDING,INSUFFICIENT_DAYS
745,AWS,126.72554,34.68504,1111000,2021,357,357,18.922408963585436,8.79103641456583,2,1,,33.3,,,1991-2020_BASELINE_PENDING,PASS
745,AWS,126.72554,34.68504,1111000,2022,365,365,18.830684931506823,8.544383561643835,2,13,,33.6,,,1991-2020_BASELINE_PENDING,PASS
745,AWS,126.72554,34.68504,1111000,2023,361,361,19.23074792243768,9.00083102493074,11,3,,35.1,,,1991-2020_BASELINE_PENDING,PASS
745,AWS,126.72554,34.68504,1111000,2024,91,91,9.74945054945055,0.1780219780219779,0,0,,22.3,,,1991-2020_BASELINE_PENDING,INSUFFICIENT_DAYS
746,AWS,126.5159,34.38184,1111000,2021,365,365,19.24493150684932,11.016712328767131,1,14,,33.5,,,1991-2020_BASELINE_PENDING,PASS
746,AWS,126.5159,34.38184,1111000,2022,365,365,18.78520547945205,10.29808219178082,3,19,,34.2,,,1991-2020_BASELINE_PENDING,PASS
746,AWS,126.5159,34.38184,1111000,2023,365,365,19.33698630136987,10.910958904109597,10,11,,34.3,,,1991-2020_BASELINE_PENDING,PASS
746,AWS,126.5159,34.38184,1111000,2024,91,91,10.073626373626373,2.162637362637363,0,0,,18.7,,,1991-2020_BASELINE_PENDING,INSUFFICIENT_DAYS
747,AWS,126.85801,34.18292,1111000,2021,365,365,18.935616438356167,12.37698630136986,0,12,,32.1,,,1991-2020_BASELINE_PENDING,PASS
747,AWS,126.85801,34.18292,1111000,2022,365,365,18.676986301369876,11.659726027397264,1,15,,33,,,1991-2020_BASELINE_PENDING,PASS
747,AWS,126.85801,34.18292,1111000,2023,364,364,19.116208791208795,12.347252747252753,2,11,,33.2,,,1991-2020_BASELINE_PENDING,PASS
747,AWS,126.85801,34.18292,1111000,2024,91,91,10.570329670329668,4.248351648351648,0,0,,19.8,,,1991-2020_BASELINE_PENDING,INSUFFICIENT_DAYS
748,AWS,127.3631,34.83694,1111000,2021,365,365,20.155616438356166,10.244109589041095,5,4,,34.9,,,1991-2020_BASELINE_PENDING,PASS
748,AWS,127.3631,34.83694,1111000,2022,365,365,20.135342465753432,9.970410958904102,7,15,,34.7,,,1991-2020_BASELINE_PENDING,PASS
748,AWS,127.3631,34.83694,1111000,2023,362,362,20.42486187845304,10.216850828729276,12,4,,36.2,,,1991-2020_BASELINE_PENDING,PASS
748,AWS,127.3631,34.83694,1111000,2024,91,91,11.145054945054945,1.5362637362637361,0,0,,22.3,,,1991-2020_BASELINE_PENDING,INSUFFICIENT_DAYS
749,AWS,127.12715,34.53471,1111000,2021,364,364,19.80961538461539,12.26401098901099,6,17,,34.4,,,1991-2020_BASELINE_PENDING,PASS
749,AWS,127.12715,34.53471,1111000,2022,365,365,19.48301369863013,11.847397260273976,1,23,,33.5,,,1991-2020_BASELINE_PENDING,PASS
749,AWS,127.12715,34.53471,1111000,2023,365,365,19.898082191780812,12.598904109589043,8,28,,35.4,,,1991-2020_BASELINE_PENDING,PASS
749,AWS,127.12715,34.53471,1111000,2024,91,91,10.705494505494507,3.5505494505494495,0,0,,19.6,,,1991-2020_BASELINE_PENDING,INSUFFICIENT_DAYS
750,AWS,127.63568,34.62781,1111000,2021,365,365,19.47534246575342,13.130958904109567,10,35,,36.2,,,1991-2020_BASELINE_PENDING,PASS
750,AWS,127.63568,34.62781,1111000,2022,365,365,18.80904109589041,12.398630136986302,0,21,,32.8,,,1991-2020_BASELINE_PENDING,PASS
750,AWS,127.63568,34.62781,1111000,2023,365,365,19.24931506849314,12.892602739726016,2,24,,33.7,,,1991-2020_BASELINE_PENDING,PASS
750,AWS,127.63568,34.62781,1111000,2024,91,91,10.520879120879119,3.8428571428571434,0,0,,19.5,,,1991-2020_BASELINE_PENDING,INSUFFICIENT_DAYS
751,AWS,126.69387,33.47934,1110000,2021,365,365,18.13287671232877,11.49616438356163,0,1,,31.7,,,1991-2020_BASELINE_PENDING,PASS
751,AWS,126.69387,33.47934,1110000,2022,365,365,17.494246575342466,10.623835616438356,1,2,,33,,,1991-2020_BASELINE_PENDING,PASS
751,AWS,126.69387,33.47934,1110000,2023,321,321,18.51557632398755,11.661993769470401,0,2,,31.5,,,1991-2020_BASELINE_PENDING,PASS
751,AWS,126.69387,33.47934,1110000,2024,91,91,9.973626373626375,3.6406593406593406,0,0,,24.1,,,1991-2020_BASELINE_PENDING,INSUFFICIENT_DAYS
752,AWS,126.30599,33.30456,1110000,2021,365,365,19.44356164383562,12.69232876712329,0,6,,32.4,,,1991-2020_BASELINE_PENDING,PASS
752,AWS,126.30599,33.30456,1110000,2022,365,365,18.722191780821927,12.280821917808215,0,23,,32.2,,,1991-2020_BASELINE_PENDING,PASS
752,AWS,126.30599,33.30456,1110000,2023,365,365,19.190684931506862,12.701643835616439,0,11,,32.3,,,1991-2020_BASELINE_PENDING,PASS
752,AWS,126.30599,33.30456,1110000,2024,91,91,11.59120879120879,5.453846153846153,0,0,,20.1,,,1991-2020_BASELINE_PENDING,INSUFFICIENT_DAYS
753,AWS,126.4959,33.39304,1110000,2021,363,363,14.541873278236924,6.337741046831949,0,0,,27.3,,,1991-2020_BASELINE_PENDING,PASS
753,AWS,126.4959,33.39304,1110000,2022,365,365,13.80767123287671,5.52328767123288,0,0,,28.1,,,1991-2020_BASELINE_PENDING,PASS
753,AWS,126.4959,33.39304,1110000,2023,360,360,14.623055555555569,6.685555555555556,0,0,,27.8,,,1991-2020_BASELINE_PENDING,PASS
753,AWS,126.4959,33.39304,1110000,2024,91,91,6.183516483516481,-1.0065934065934068,0,0,,19.3,,,1991-2020_BASELINE_PENDING,INSUFFICIENT_DAYS
754,AWS,126.52732,35.06037,11111000,2021,365,365,19.353424657534248,9.45917808219178,11,3,,34.9,,,1991-2020_BASELINE_PENDING,PASS
754,AWS,126.52732,35.06037,11111000,2022,363,363,19.014876033057863,8.683471074380167,6,20,,33.7,,,1991-2020_BASELINE_PENDING,PASS
754,AWS,126.52732,35.06037,11111000,2023,365,365,19.560000000000002,9.44109589041096,18,8,,35.2,,,1991-2020_BASELINE_PENDING,PASS
754,AWS,126.52732,35.06037,11111000,2024,91,91,9.660439560439556,0.31538461538461526,0,0,,22.3,,,1991-2020_BASELINE_PENDING,INSUFFICIENT_DAYS
755,AWS,127.08534,35.15959,1111000,2021,365,365,19.184657534246586,6.6638356164383525,5,0,,33.6,,,1991-2020_BASELINE_PENDING,PASS
755,AWS,127.08534,35.15959,1111000,2022,364,364,19.114285714285714,5.766758241758239,10,1,,34.4,,,1991-2020_BASELINE_PENDING,PASS
755,AWS,127.08534,35.15959,1111000,2023,334,334,19.909580838323347,7.416766467065866,13,0,,36.1,,,1991-2020_BASELINE_PENDING,PASS
755,AWS,127.08534,35.15959,1111000,2024,91,91,9.463736263736267,-2.326373626373627,0,0,,22.3,,,1991-2020_BASELINE_PENDING,INSUFFICIENT_DAYS
756,AWS,126.28199,35.60152,1111000,2021,364,364,17.38241758241758,10.821428571428568,0,3,,32.3,,,1991-2020_BASELINE_PENDING,PASS
756,AWS,126.28199,35.60152,1111000,2022,365,365,16.758082191780822,10.51534246575342,2,21,,33.5,,,1991-2020_BASELINE_PENDING,PASS
756,AWS,126.28199,35.60152,1111000,2023,361,361,17.57811634349029,11.23407202216066,0,6,,32.5,,,1991-2020_BASELINE_PENDING,PASS
756,AWS,126.28199,35.60152,1111000,2024,91,91,8.149450549450547,2.2186813186813192,0,0,,17.2,,,1991-2020_BASELINE_PENDING,INSUFFICIENT_DAYS
757,AWS,127.43596,35.97436,1111000,2021,365,365,18.265753424657525,6.120821917808222,9,0,,34.1,,,1991-2020_BASELINE_PENDING,PASS
757,AWS,127.43596,35.97436,1111000,2022,365,365,18.007397260273965,5.049589041095887,5,3,,33.9,,,1991-2020_BASELINE_PENDING,PASS
757,AWS,127.43596,35.97436,1111000,2023,365,365,18.77205479452055,6.296986301369861,10,0,,34.6,,,1991-2020_BASELINE_PENDING,PASS
757,AWS,127.43596,35.97436,1111000,2024,91,91,8.17802197802198,-2.705494505494506,0,0,,20.4,,,1991-2020_BASELINE_PENDING,INSUFFICIENT_DAYS
758,AWS,127.57117,35.83521,1111000,2021,365,365,18.38301369863014,5.914794520547947,7,0,,33.5,,,1991-2020_BASELINE_PENDING,PASS
758,AWS,127.57117,35.83521,1111000,2022,364,364,18.124999999999996,4.8700549450549495,5,1,,33.9,,,1991-2020_BASELINE_PENDING,PASS
758,AWS,127.57117,35.83521,1111000,2023,365,365,18.78027397260275,6.175342465753423,13,0,,34.8,,,1991-2020_BASELINE_PENDING,PASS
758,AWS,127.57117,35.83521,1111000,2024,91,91,8.296703296703297,-2.85054945054945,0,0,,21.4,,,1991-2020_BASELINE_PENDING,INSUFFICIENT_DAYS
759,AWS,127.57826,35.37162,1111000,2021,364,364,16.945329670329677,6.2969780219780205,0,0,,32.6,,,1991-2020_BASELINE_PENDING,PASS
759,AWS,127.57826,35.37162,1111000,2022,365,365,16.959452054794518,5.587397260273975,1,0,,33,,,1991-2020_BASELINE_PENDING,PASS
759,AWS,127.57826,35.37162,1111000,2023,365,365,17.554794520547937,6.553424657534245,2,0,,33.7,,,1991-2020_BASELINE_PENDING,PASS
759,AWS,127.57826,35.37162,1111000,2024,91,91,7.331868131868133,-2.3450549450549443,0,0,,21.2,,,1991-2020_BASELINE_PENDING,INSUFFICIENT_DAYS
760,AWS,126.9327,35.42739,1111000,2021,365,365,17.839452054794513,6.422465753424656,1,0,,33.1,,,1991-2020_BASELINE_PENDING,PASS
760,AWS,126.9327,35.42739,1111000,2022,365,365,17.5145205479452,5.640547945205479,2,2,,33.2,,,1991-2020_BASELINE_PENDING,PASS
760,AWS,126.9327,35.42739,1111000,2023,365,365,18.04383561643836,6.790958904109589,4,0,,34.3,,,1991-2020_BASELINE_PENDING,PASS
760,AWS,126.9327,35.42739,1111000,2024,91,91,7.840659340659342,-2.2560439560439556,0,0,,20.5,,,1991-2020_BASELINE_PENDING,INSUFFICIENT_DAYS
761,AWS,126.93462,35.65081,1111000,2021,365,365,19.400547945205485,8.638356164383563,17,2,,35.1,,,1991-2020_BASELINE_PENDING,PASS
761,AWS,126.93462,35.65081,1111000,2022,365,365,18.886301369863027,7.821643835616435,12,16,,35.7,,,1991-2020_BASELINE_PENDING,PASS
761,AWS,126.93462,35.65081,1111000,2023,365,365,19.767397260273974,9.0254794520548,22,4,,36,,,1991-2020_BASELINE_PENDING,PASS
761,AWS,126.93462,35.65081,1111000,2024,91,91,9.453846153846152,-0.32857142857142846,0,0,,21.3,,,1991-2020_BASELINE_PENDING,INSUFFICIENT_DAYS
762,AWS,127.18695,35.55169,1111000,2021,365,365,19.018904109589037,8.046849315068492,8,0,,34.1,,,1991-2020_BASELINE_PENDING,PASS
762,AWS,127.18695,35.55169,1111000,2022,362,362,18.512154696132605,7.323480662983429,5,7,,33.9,,,1991-2020_BASELINE_PENDING,PASS
762,AWS,127.18695,35.55169,1111000,2023,363,363,19.214049586776845,8.289531680440774,13,1,,35.1,,,1991-2020_BASELINE_PENDING,PASS
762,AWS,127.18695,35.55169,1111000,2024,91,91,9.025274725274727,-0.9945054945054946,0,0,,21.6,,,1991-2020_BASELINE_PENDING,INSUFFICIENT_DAYS
763,AWS,127.062,36.0592,1111000,2021,351,351,18.5005698005698,8.066666666666663,8,2,,34.5,,,1991-2020_BASELINE_PENDING,PASS
763,AWS,127.062,36.0592,1111000,2022,363,363,18.60303030303031,7.884297520661162,9,14,,34.7,,,1991-2020_BASELINE_PENDING,PASS
763,AWS,127.062,36.0592,1111000,2023,365,365,19.347397260273976,8.855342465753424,13,3,,35.8,,,1991-2020_BASELINE_PENDING,PASS
763,AWS,127.062,36.0592,1111000,2024,91,91,8.932967032967033,-0.7923076923076923,0,0,,21,,,1991-2020_BASELINE_PENDING,INSUFFICIENT_DAYS
764,AWS,127.14143,35.67359,1111000,2021,365,365,18.18164383561645,6.373972602739726,4,0,,33.1,,,1991-2020_BASELINE_PENDING,PASS
764,AWS,127.14143,35.67359,1111000,2022,365,365,17.70136986301368,5.548219178082188,1,2,,33.1,,,1991-2020_BASELINE_PENDING,PASS
764,AWS,127.14143,35.67359,1111000,2023,365,365,18.36931506849315,6.858904109589036,5,0,,33.8,,,1991-2020_BASELINE_PENDING,PASS
764,AWS,127.14143,35.67359,1111000,2024,91,91,8.0978021978022,-2.313186813186814,0,0,,20.2,,,1991-2020_BASELINE_PENDING,INSUFFICIENT_DAYS
765,AWS,127.13448,34.89234,1111000,2021,365,365,19.843013698630156,7.81561643835616,4,0,,34.6,,,1991-2020_BASELINE_PENDING,PASS
765,AWS,127.13448,34.89234,1111000,2022,365,365,19.666575342465755,6.714520547945206,6,4,,34.5,,,1991-2020_BASELINE_PENDING,PASS
765,AWS,127.13448,34.89234,1111000,2023,365,365,19.823287671232848,8.025753424657548,9,0,,35.5,,,1991-2020_BASELINE_PENDING,PASS
765,AWS,127.13448,34.89234,1111000,2024,91,91,10.064835164835165,-0.683516483516484,0,0,,23.4,,,1991-2020_BASELINE_PENDING,INSUFFICIENT_DAYS
766,AWS,127.71496,34.84946,1111000,2021,362,362,19.551104972375697,12.374033149171257,5,24,,34.4,,,1991-2020_BASELINE_PENDING,PASS
766,AWS,127.71496,34.84946,1111000,2022,365,365,19.497534246575366,12.141369863013697,2,29,,33.9,,,1991-2020_BASELINE_PENDING,PASS
766,AWS,127.71496,34.84946,1111000,2023,365,365,19.884383561643837,12.509589041095891,7,20,,34.8,,,1991-2020_BASELINE_PENDING,PASS
766,AWS,127.71496,34.84946,1111000,2024,91,91,10.425274725274726,3.320879120879122,0,0,,20.5,,,1991-2020_BASELINE_PENDING,INSUFFICIENT_DAYS
767,AWS,127.39745,34.58853,1111000,2021,365,365,19.237808219178074,11.17616438356165,1,10,,33.2,,,1991-2020_BASELINE_PENDING,PASS
767,AWS,127.39745,34.58853,1111000,2022,365,365,18.98876712328767,10.719452054794518,2,18,,33.3,,,1991-2020_BASELINE_PENDING,PASS
767,AWS,127.39745,34.58853,1111000,2023,365,365,19.28657534246574,11.245205479452062,2,10,,34.7,,,1991-2020_BASELINE_PENDING,PASS
767,AWS,127.39745,34.58853,1111000,2024,91,91,10.731868131868133,2.50989010989011,0,0,,20.5,,,1991-2020_BASELINE_PENDING,INSUFFICIENT_DAYS
768,AWS,127.28531,35.28886,1111000,2021,358,358,20.040782122905025,8.47513966480447,20,0,,35.3,,,1991-2020_BASELINE_PENDING,PASS
768,AWS,127.28531,35.28886,1111000,2022,362,362,19.55469613259668,7.647790055248619,13,5,,34.8,,,1991-2020_BASELINE_PENDING,PASS
768,AWS,127.28531,35.28886,1111000,2023,364,364,20.035164835164835,8.685439560439558,17,2,,36.5,,,1991-2020_BASELINE_PENDING,PASS
768,AWS,127.28531,35.28886,1111000,2024,91,91,10.001098901098905,-0.5582417582417574,0,0,,23.2,,,1991-2020_BASELINE_PENDING,INSUFFICIENT_DAYS
769,AWS,126.38336,35.19932,1111000,2021,365,365,18.813150684931504,10.282739726027392,5,4,,33.8,,,1991-2020_BASELINE_PENDING,PASS
769,AWS,126.38336,35.19932,1111000,2022,364,364,18.10247252747252,9.665384615384623,2,20,,34.4,,,1991-2020_BASELINE_PENDING,PASS
769,AWS,126.38336,35.19932,1111000,2023,363,363,18.71790633608815,10.302754820936636,4,4,,33.5,,,1991-2020_BASELINE_PENDING,PASS
769,AWS,126.38336,35.19932,1111000,2024,91,91,9.067032967032969,1.2802197802197803,0,0,,19.2,,,1991-2020_BASELINE_PENDING,INSUFFICIENT_DAYS
770,AWS,126.82001,34.92863,1111000,2021,365,365,20.63205479452053,8.895616438356168,26,2,,36,,,1991-2020_BASELINE_PENDING,PASS
770,AWS,126.82001,34.92863,1111000,2022,363,363,19.6840220385675,7.370247933884304,14,5,,34.9,,,1991-2020_BASELINE_PENDING,PASS
770,AWS,126.82001,34.92863,1111000,2023,363,363,20.081267217630835,9.27410468319559,11,6,,35.2,,,1991-2020_BASELINE_PENDING,PASS
770,AWS,126.82001,34.92863,1111000,2024,91,91,10.163736263736265,0.18901098901098903,0,0,,22.9,,,1991-2020_BASELINE_PENDING,INSUFFICIENT_DAYS
771,AWS,126.14463,34.72693,1111000,2021,365,365,18.812876712328766,10.736438356164394,1,3,,33.4,,,1991-2020_BASELINE_PENDING,PASS
771,AWS,126.14463,34.72693,1111000,2022,365,365,18.276986301369863,10.096986301369867,1,17,,33.4,,,1991-2020_BASELINE_PENDING,PASS
771,AWS,126.14463,34.72693,1111000,2023,365,365,18.672054794520545,10.841643835616443,3,5,,33.8,,,1991-2020_BASELINE_PENDING,PASS
771,AWS,126.14463,34.72693,1111000,2024,91,91,9.571428571428571,2.185714285714286,0,0,,19.1,,,1991-2020_BASELINE_PENDING,INSUFFICIENT_DAYS
772,AWS,126.23964,34.53208,1111000,2021,365,365,18.466027397260287,11.26438356164383,1,5,,33,,,1991-2020_BASELINE_PENDING,PASS
772,AWS,126.23964,34.53208,1111000,2022,359,359,17.630919220055713,10.666573816155992,0,21,,32.3,,,1991-2020_BASELINE_PENDING,PASS
772,AWS,126.23964,34.53208,1111000,2023,365,365,18.38328767123288,11.44301369863014,3,10,,33.6,,,1991-2020_BASELINE_PENDING,PASS
772,AWS,126.23964,34.53208,1111000,2024,91,91,9.380219780219779,3.2351648351648357,0,0,,19.7,,,1991-2020_BASELINE_PENDING,INSUFFICIENT_DAYS
773,AWS,126.63593,34.7085,1111000,2021,361,361,19.050692520775634,9.806094182825488,4,4,,33.8,,,1991-2020_BASELINE_PENDING,PASS
773,AWS,126.63593,34.7085,1111000,2022,365,365,18.752602739726015,9.154520547945202,1,21,,33.6,,,1991-2020_BASELINE_PENDING,PASS
773,AWS,126.63593,34.7085,1111000,2023,356,356,19.358426966292125,9.658146067415728,16,8,,36.1,,,1991-2020_BASELINE_PENDING,PASS
773,AWS,126.63593,34.7085,1111000,2024,91,91,9.47362637362637,-0.05824175824175827,0,0,,22.8,,,1991-2020_BASELINE_PENDING,INSUFFICIENT_DAYS
774,AWS,126.46618,34.81747,1111000,2021,365,365,19.585205479452064,10.273972602739725,8,1,,34.4,,,1991-2020_BASELINE_PENDING,PASS
774,AWS,126.46618,34.81747,1111000,2022,364,364,19.145054945054955,9.654395604395605,4,23,,33.8,,,1991-2020_BASELINE_PENDING,PASS
774,AWS,126.46618,34.81747,1111000,2023,363,363,19.67851239669421,10.367493112947654,14,9,,36.2,,,1991-2020_BASELINE_PENDING,PASS
774,AWS,126.46618,34.81747,1111000,2024,91,91,9.873626373626374,1.0417582417582418,0,0,,22,,,1991-2020_BASELINE_PENDING,INSUFFICIENT_DAYS
775,AWS,126.63912,35.17776,1111000,2021,360,360,19.645555555555543,8.338888888888896,15,0,,34.6,,,1991-2020_BASELINE_PENDING,PASS
775,AWS,126.63912,35.17776,1111000,2022,362,362,19.14364640883976,7.656629834254138,8,15,,34.2,,,1991-2020_BASELINE_PENDING,PASS
775,AWS,126.63912,35.17776,1111000,2023,364,364,19.60934065934067,8.89725274725274,14,0,,35.1,,,1991-2020_BASELINE_PENDING,PASS
775,AWS,126.63912,35.17776,1111000,2024,91,91,9.657142857142855,-0.21868131868131874,0,0,,22.2,,,1991-2020_BASELINE_PENDING,INSUFFICIENT_DAYS
776,AWS,126.5571,34.45996,1111000,2021,365,365,19.861369863013692,9.52493150684932,9,4,,34.5,,,1991-2020_BASELINE_PENDING,PASS
776,AWS,126.5571,34.45996,1111000,2022,363,363,19.415426997245195,9.07079889807163,7,18,,35.1,,,1991-2020_BASELINE_PENDING,PASS
776,AWS,126.5571,34.45996,1111000,2023,365,365,19.006849315068497,9.636712328767121,4,6,,33.9,,,1991-2020_BASELINE_PENDING,PASS
776,AWS,126.5571,34.45996,1111000,2024,91,91,10.027472527472526,1.0714285714285716,0,0,,19.8,,,1991-2020_BASELINE_PENDING,INSUFFICIENT_DAYS
777,AWS,126.93462,34.55633,1111000,2021,365,365,19.427945205479464,9.936164383561646,1,0,,33.5,,,1991-2020_BASELINE_PENDING,PASS
777,AWS,126.93462,34.55633,1111000,2022,365,365,19.29726027397261,9.552328767123287,1,12,,33.2,,,1991-2020_BASELINE_PENDING,PASS
777,AWS,126.93462,34.55633,1111000,2023,365,365,19.73013698630138,9.991232876712322,6,3,,35.7,,,1991-2020_BASELINE_PENDING,PASS
777,AWS,126.93462,34.55633,1111000,2024,91,91,10.31868131868132,1.4263736263736262,0,0,,20.8,,,1991-2020_BASELINE_PENDING,INSUFFICIENT_DAYS
778,AWS,126.8218,34.79594,1111000,2021,364,364,19.197527472527476,7.535714285714281,3,0,,34,,,1991-2020_BASELINE_PENDING,PASS
778,AWS,126.8218,34.79594,1111000,2022,364,364,18.93296703296702,6.71456043956044,1,3,,34,,,1991-2020_BASELINE_PENDING,PASS
778,AWS,126.8218,34.79594,1111000,2023,365,365,19.38164383561644,7.713424657534249,8,2,,35.3,,,1991-2020_BASELINE_PENDING,PASS
778,AWS,126.8218,34.79594,1111000,2024,91,91,9.678021978021977,-1.2373626373626374,0,0,,23,,,1991-2020_BASELINE_PENDING,INSUFFICIENT_DAYS
779,AWS,126.25809,33.39268,1111000,2021,365,365,20.071780821917812,13.445479452054808,1,24,,33.4,,,1991-2020_BASELINE_PENDING,PASS
779,AWS,126.25809,33.39268,1111000,2022,365,365,19.421917808219188,13.088219178082191,1,34,,33.6,,,1991-2020_BASELINE_PENDING,PASS
779,AWS,126.25809,33.39268,1111000,2023,365,365,20.00876712328768,13.631780821917808,1,31,,33.3,,,1991-2020_BASELINE_PENDING,PASS
779,AWS,126.25809,33.39268,1111000,2024,90,90,11.975555555555555,6.245555555555556,0,0,,20.4,,,1991-2020_BASELINE_PENDING,INSUFFICIENT_DAYS
780,AWS,126.70438,33.27718,1111000,2021,365,365,20.663013698630138,13.925479452054812,2,22,,33.9,,,1991-2020_BASELINE_PENDING,PASS
780,AWS,126.70438,33.27718,1111000,2022,365,365,20.129041095890422,13.573424657534263,0,38,,32.4,,,1991-2020_BASELINE_PENDING,PASS
780,AWS,126.70438,33.27718,1111000,2023,364,364,20.732142857142854,13.854945054945041,5,34,,33.8,,,1991-2020_BASELINE_PENDING,PASS
780,AWS,126.70438,33.27718,1111000,2024,91,91,12.98791208791209,6.187912087912089,0,0,,19.9,,,1991-2020_BASELINE_PENDING,INSUFFICIENT_DAYS
781,AWS,126.8777,33.5199,1110000,2021,365,365,19.7123287671233,13.79945205479451,0,28,,32.1,,,1991-2020_BASELINE_PENDING,PASS
781,AWS,126.8777,33.5199,1110000,2022,365,365,19.200000000000014,13.361643835616439,7,34,,35.5,,,1991-2020_BASELINE_PENDING,PASS
781,AWS,126.8777,33.5199,1110000,2023,364,364,19.855494505494498,13.589560439560438,0,37,,32.7,,,1991-2020_BASELINE_PENDING,PASS
781,AWS,126.8777,33.5199,1110000,2024,91,91,11.834065934065935,6.042857142857143,0,0,,22.5,,,1991-2020_BASELINE_PENDING,INSUFFICIENT_DAYS
782,AWS,126.6194,33.38514,1110000,2021,363,363,14.851790633608815,9.017079889807164,0,0,,27.6,,,1991-2020_BASELINE_PENDING,PASS
782,AWS,126.6194,33.38514,1110000,2022,364,364,14.171703296703281,8.375824175824174,0,0,,28.1,,,1991-2020_BASELINE_PENDING,PASS
782,AWS,126.6194,33.38514,1110000,2023,365,365,14.931232876712333,8.972602739726025,0,0,,29,,,1991-2020_BASELINE_PENDING,PASS
782,AWS,126.6194,33.38514,1110000,2024,87,87,6.956321839080459,1.2206896551724138,0,0,,22.8,,,1991-2020_BASELINE_PENDING,INSUFFICIENT_DAYS
783,AWS,126.84077,35.23027,1111000,2021,365,365,20.1323287671233,8.918082191780826,21,2,,35.3,,,1991-2020_BASELINE_PENDING,PASS
783,AWS,126.84077,35.23027,1111000,2022,365,365,20.012876712328758,8.176438356164383,18,19,,35.5,,,1991-2020_BASELINE_PENDING,PASS
783,AWS,126.84077,35.23027,1111000,2023,352,352,19.89460227272727,8.902840909090909,9,5,,35,,,1991-2020_BASELINE_PENDING,PASS
783,AWS,126.84077,35.23027,1111000,2024,91,91,10.358241758241762,0.21648351648351627,0,0,,23.5,,,1991-2020_BASELINE_PENDING,INSUFFICIENT_DAYS
784,AWS,126.61258,34.87718,1111000,2021,365,365,19.633698630136983,9.88876712328767,6,5,,33.9,,,1991-2020_BASELINE_PENDING,PASS
784,AWS,126.61258,34.87718,1111000,2022,365,365,19.317534246575363,8.96027397260274,4,23,,33.9,,,1991-2020_BASELINE_PENDING,PASS
784,AWS,126.61258,34.87718,1111000,2023,364,364,19.763461538461538,9.866483516483514,12,10,,35.9,,,1991-2020_BASELINE_PENDING,PASS
784,AWS,126.61258,34.87718,1111000,2024,91,91,10.019780219780218,0.9395604395604396,0,0,,22.4,,,1991-2020_BASELINE_PENDING,INSUFFICIENT_DAYS
785,AWS,126.6763,34.46383,1111000,2021,365,365,19.59342465753425,10.63506849315069,3,5,,33.9,,,1991-2020_BASELINE_PENDING,PASS
785,AWS,126.6763,34.46383,1111000,2022,365,365,19.265205479452064,10.27260273972603,2,20,,33.2,,,1991-2020_BASELINE_PENDING,PASS
785,AWS,126.6763,34.46383,1111000,2023,365,365,19.638630136986293,10.679452054794519,9,10,,36,,,1991-2020_BASELINE_PENDING,PASS
785,AWS,126.6763,34.46383,1111000,2024,91,91,10.050549450549447,1.967032967032967,0,0,,20.3,,,1991-2020_BASELINE_PENDING,INSUFFICIENT_DAYS
786,AWS,127.77409,34.63811,1111000,2021,365,365,19.111780821917815,12.4558904109589,2,29,,33.6,,,1991-2020_BASELINE_PENDING,PASS
786,AWS,127.77409,34.63811,1111000,2022,365,365,18.692602739726027,11.255342465753412,0,23,,32.2,,,1991-2020_BASELINE_PENDING,PASS
786,AWS,127.77409,34.63811,1111000,2023,365,365,19.16849315068493,11.749589041095891,2,11,,33.2,,,1991-2020_BASELINE_PENDING,PASS
786,AWS,127.77409,34.63811,1111000,2024,91,91,10.25164835164835,2.997802197802198,0,0,,20.7,,,1991-2020_BASELINE_PENDING,INSUFFICIENT_DAYS
787,AWS,127.31716,34.50672,1111000,2021,365,365,19.659999999999993,10.381917808219171,1,8,,33.7,,,1991-2020_BASELINE_PENDING,PASS
787,AWS,127.31716,34.50672,1111000,2022,365,365,19.46986301369864,9.906027397260278,0,15,,32.7,,,1991-2020_BASELINE_PENDING,PASS
787,AWS,127.31716,34.50672,1111000,2023,365,365,19.80684931506848,10.413698630136988,3,10,,34.2,,,1991-2020_BASELINE_PENDING,PASS
787,AWS,127.31716,34.50672,1111000,2024,91,91,10.829670329670328,1.6252747252747257,0,0,,20,,,1991-2020_BASELINE_PENDING,INSUFFICIENT_DAYS
788,AWS,126.88132,35.13159,1111000,2021,362,362,19.96657458563534,9.718232044198894,18,3,,35.3,,,1991-2020_BASELINE_PENDING,PASS
788,AWS,126.88132,35.13159,1111000,2022,363,363,19.703305785123966,9.082920110192834,11,19,,35.2,,,1991-2020_BASELINE_PENDING,PASS
788,AWS,126.88132,35.13159,1111000,2023,365,365,20.186027397260272,9.93972602739726,23,7,,36.7,,,1991-2020_BASELINE_PENDING,PASS
788,AWS,126.88132,35.13159,1111000,2024,91,91,10.045054945054945,0.6945054945054946,0,0,,24.1,,,1991-2020_BASELINE_PENDING,INSUFFICIENT_DAYS
789,AWS,126.2929,34.87643,1111000,2021,364,364,18.828021978021994,11.289835164835164,1,2,,33,,,1991-2020_BASELINE_PENDING,PASS
789,AWS,126.2929,34.87643,1111000,2022,365,365,18.60876712328766,10.78684931506849,3,21,,33.6,,,1991-2020_BASELINE_PENDING,PASS
789,AWS,126.2929,34.87643,1111000,2023,365,365,18.987123287671235,11.369041095890406,9,5,,35.4,,,1991-2020_BASELINE_PENDING,PASS
789,AWS,126.2929,34.87643,1111000,2024,91,91,9.470329670329674,2.615384615384616,0,0,,18.7,,,1991-2020_BASELINE_PENDING,INSUFFICIENT_DAYS
790,AWS,127.46735,34.53258,1111000,2021,365,365,18.183287671232872,12.493698630136993,0,10,,31.8,,,1991-2020_BASELINE_PENDING,PASS
790,AWS,127.46735,34.53258,1111000,2022,365,365,18.3476712328767,12.21534246575343,0,12,,32,,,1991-2020_BASELINE_PENDING,PASS
790,AWS,127.46735,34.53258,1111000,2023,361,361,18.967590027700833,12.827146814404436,0,18,,32.7,,,1991-2020_BASELINE_PENDING,PASS
790,AWS,127.46735,34.53258,1111000,2024,91,91,10.795604395604396,4.260439560439561,0,0,,21,,,1991-2020_BASELINE_PENDING,INSUFFICIENT_DAYS
791,AWS,127.58376,35.26621,1111000,2021,362,362,18.567403314917115,8.099723756906076,5,0,,34.1,,,1991-2020_BASELINE_PENDING,PASS
791,AWS,127.58376,35.26621,1111000,2022,365,365,18.968767123287666,7.676164383561643,8,0,,35,,,1991-2020_BASELINE_PENDING,PASS
791,AWS,127.58376,35.26621,1111000,2023,363,363,19.363085399449048,8.439118457300271,13,0,,35.7,,,1991-2020_BASELINE_PENDING,PASS
791,AWS,127.58376,35.26621,1111000,2024,90,90,9.455555555555556,-0.786666666666667,0,0,,23,,,1991-2020_BASELINE_PENDING,INSUFFICIENT_DAYS
792,AWS,126.81839,33.36302,1111000,2021,364,364,19.91538461538462,12.804395604395602,1,19,,33,,,1991-2020_BASELINE_PENDING,PASS
792,AWS,126.81839,33.36302,1111000,2022,355,355,18.992957746478858,12.054929577464788,1,23,,33.3,,,1991-2020_BASELINE_PENDING,PASS
792,AWS,126.81839,33.36302,1111000,2023,365,365,19.920821917808222,12.705205479452045,0,27,,32.5,,,1991-2020_BASELINE_PENDING,PASS
792,AWS,126.81839,33.36302,1111000,2024,91,91,11.869230769230771,4.798901098901098,0,0,,20.8,,,1991-2020_BASELINE_PENDING,INSUFFICIENT_DAYS
793,AWS,126.22626,33.24101,1111000,2021,365,365,19.92082191780822,13.773972602739711,0,23,,32.9,,,1991-2020_BASELINE_PENDING,PASS
793,AWS,126.22626,33.24101,1111000,2022,365,365,19.273972602739725,13.280547945205484,1,37,,33.2,,,1991-2020_BASELINE_PENDING,PASS
793,AWS,126.22626,33.24101,1111000,2023,363,363,19.89889807162533,13.798071625344361,3,28,,33.3,,,1991-2020_BASELINE_PENDING,PASS
793,AWS,126.22626,33.24101,1111000,2024,91,91,11.74175824175824,6.104395604395604,0,0,,17.1,,,1991-2020_BASELINE_PENDING,INSUFFICIENT_DAYS
794,AWS,127.42739,35.10066,1111000,2021,365,365,20.40876712328768,7.97041095890411,14,1,,37.1,,,1991-2020_BASELINE_PENDING,PASS
794,AWS,127.42739,35.10066,1111000,2022,362,362,20.263812154696122,7.193093922651938,16,4,,34.6,,,1991-2020_BASELINE_PENDING,PASS
794,AWS,127.42739,35.10066,1111000,2023,365,365,20.423287671232895,8.30657534246575,16,0,,36.8,,,1991-2020_BASELINE_PENDING,PASS
794,AWS,127.42739,35.10066,1111000,2024,91,91,10.89450549450549,-0.8483516483516486,0,0,,24.4,,,1991-2020_BASELINE_PENDING,INSUFFICIENT_DAYS
795,AWS,127.13899,35.27532,1111000,2021,365,365,20.226849315068485,8.648219178082194,21,2,,36.4,,,1991-2020_BASELINE_PENDING,PASS
795,AWS,127.13899,35.27532,1111000,2022,363,363,19.746556473829212,7.831404958677681,24,18,,35.5,,,1991-2020_BASELINE_PENDING,PASS
795,AWS,127.13899,35.27532,1111000,2023,364,364,19.885989010989015,8.640109890109887,17,1,,35.7,,,1991-2020_BASELINE_PENDING,PASS
795,AWS,127.13899,35.27532,1111000,2024,91,91,9.949450549450546,-0.6813186813186815,0,0,,22.9,,,1991-2020_BASELINE_PENDING,INSUFFICIENT_DAYS
796,AWS,127.24476,34.23775,1111000,2021,364,364,18.71043956043956,13.767032967032977,1,27,,33.1,,,1991-2020_BASELINE_PENDING,PASS
796,AWS,127.24476,34.23775,1111000,2022,364,364,18.196978021978016,13.092582417582408,0,18,,32.7,,,1991-2020_BASELINE_PENDING,PASS
796,AWS,127.24476,34.23775,1111000,2023,365,365,18.96027397260274,13.690958904109584,1,27,,33.2,,,1991-2020_BASELINE_PENDING,PASS
796,AWS,127.24476,34.23775,1111000,2024,91,91,10.351648351648352,5.37032967032967,0,0,,19.8,,,1991-2020_BASELINE_PENDING,INSUFFICIENT_DAYS
797,AWS,125.29953,34.39498,1111000,2021,358,358,17.44050279329609,13.400000000000002,0,9,,30.7,,,1991-2020_BASELINE_PENDING,PASS
797,AWS,125.29953,34.39498,1111000,2022,365,365,16.812054794520556,12.80164383561645,0,18,,31.6,,,1991-2020_BASELINE_PENDING,PASS
797,AWS,125.29953,34.39498,1111000,2023,365,365,17.32520547945205,13.115342465753407,0,4,,32,,,1991-2020_BASELINE_PENDING,PASS
797,AWS,125.29953,34.39498,1111000,2024,91,91,9.357142857142858,5.623076923076922,0,0,,16.5,,,1991-2020_BASELINE_PENDING,INSUFFICIENT_DAYS
798,AWS,125.19236,34.68551,1111000,2021,348,348,18.43994252873563,14.653448275862065,0,30,,30.9,,,1991-2020_BASELINE_PENDING,PASS
798,AWS,125.19236,34.68551,1111000,2022,365,365,16.53561643835617,13.168219178082182,0,29,,30.8,,,1991-2020_BASELINE_PENDING,PASS
798,AWS,125.19236,34.68551,1111000,2023,360,360,17.41666666666667,13.670555555555536,0,23,,32.4,,,1991-2020_BASELINE_PENDING,PASS
798,AWS,125.19236,34.68551,1111000,2024,91,91,9.353846153846147,5.3791208791208796,0,0,,18.6,,,1991-2020_BASELINE_PENDING,INSUFFICIENT_DAYS
799,AWS,126.13494,35.20198,1111000,2021,365,365,17.560821917808212,12.678356164383558,1,26,,33.1,,,1991-2020_BASELINE_PENDING,PASS
799,AWS,126.13494,35.20198,1111000,2022,363,363,16.85482093663912,12.282920110192839,0,27,,32.9,,,1991-2020_BASELINE_PENDING,PASS
799,AWS,126.13494,35.20198,1111000,2023,364,364,17.22719780219781,12.501923076923074,0,16,,32.4,,,1991-2020_BASELINE_PENDING,PASS
799,AWS,126.13494,35.20198,1111000,2024,91,91,7.895604395604396,3.6670329670329664,0,0,,17.7,,,1991-2020_BASELINE_PENDING,INSUFFICIENT_DAYS
800,AWS,129.44368,36.72566,1111000,2021,364,364,17.83873626373625,9.159615384615387,0,1,,31.9,,,1991-2020_BASELINE_PENDING,PASS
800,AWS,129.44368,36.72566,1111000,2022,365,365,18.01479452054795,8.642739726027402,6,4,,34.3,,,1991-2020_BASELINE_PENDING,PASS
800,AWS,129.44368,36.72566,1111000,2023,365,365,18.72821917808218,9.506575342465759,2,1,,35.1,,,1991-2020_BASELINE_PENDING,PASS
800,AWS,129.44368,36.72566,1111000,2024,91,91,8.95934065934066,0.07582417582417614,0,0,,20.5,,,1991-2020_BASELINE_PENDING,INSUFFICIENT_DAYS
801,AWS,129.088,36.62497,1111000,2021,365,365,18.055890410958906,6.7372602739726,10,0,,35.3,,,1991-2020_BASELINE_PENDING,PASS
801,AWS,129.088,36.62497,1111000,2022,365,365,18.02054794520547,5.601917808219179,7,0,,36.3,,,1991-2020_BASELINE_PENDING,PASS
801,AWS,129.088,36.62497,1111000,2023,365,365,18.60931506849314,6.513150684931505,12,0,,35.6,,,1991-2020_BASELINE_PENDING,PASS
801,AWS,129.088,36.62497,1111000,2024,91,91,7.951648351648352,-3.130769230769231,0,0,,20.3,,,1991-2020_BASELINE_PENDING,INSUFFICIENT_DAYS
802,AWS,129.34008,36.75743,1111000,2021,365,365,17.516986301369858,7.915068493150677,1,0,,34.5,,,1991-2020_BASELINE_PENDING,PASS
802,AWS,129.34008,36.75743,1111000,2022,365,365,17.594520547945198,7.472328767123292,6,5,,34.8,,,1991-2020_BASELINE_PENDING,PASS
802,AWS,129.34008,36.75743,1111000,2023,365,365,18.344657534246572,8.392602739726028,6,0,,34.2,,,1991-2020_BASELINE_PENDING,PASS
802,AWS,129.34008,36.75743,1111000,2024,91,91,7.759340659340662,-1.293406593406593,0,0,,18.5,,,1991-2020_BASELINE_PENDING,INSUFFICIENT_DAYS
803,AWS,128.79902,36.40637,1111000,2021,365,365,18.286849315068483,6.112602739726036,12,0,,36,,,1991-2020_BASELINE_PENDING,PASS
803,AWS,128.79902,36.40637,1111000,2022,365,365,18.490410958904118,5.498904109589045,14,2,,36.5,,,1991-2020_BASELINE_PENDING,PASS
803,AWS,128.79902,36.40637,1111000,2023,365,365,19.036438356164368,6.470958904109596,12,0,,35.5,,,1991-2020_BASELINE_PENDING,PASS
803,AWS,128.79902,36.40637,1111000,2024,91,91,8.215384615384615,-2.925274725274725,0,0,,20.9,,,1991-2020_BASELINE_PENDING,INSUFFICIENT_DAYS
804,AWS,129.33921,36.19056,1111000,2021,364,364,18.58214285714286,9.283516483516486,2,0,,33.5,,,1991-2020_BASELINE_PENDING,PASS
804,AWS,129.33921,36.19056,1111000,2022,359,359,18.76434540389972,9.12033426183844,5,9,,35.1,,,1991-2020_BASELINE_PENDING,PASS
804,AWS,129.33921,36.19056,1111000,2023,365,365,19.230136986301357,10.023013698630132,9,2,,34.6,,,1991-2020_BASELINE_PENDING,PASS
804,AWS,129.33921,36.19056,1111000,2024,91,91,9.590109890109895,0.8813186813186815,0,0,,20.6,,,1991-2020_BASELINE_PENDING,INSUFFICIENT_DAYS
805,AWS,129.09434,36.17929,1111000,2021,356,356,17.522471910112362,5.876123595505622,2,0,,33.3,,,1991-2020_BASELINE_PENDING,PASS
805,AWS,129.09434,36.17929,1111000,2022,365,365,17.948493150684936,5.455342465753423,6,3,,34.5,,,1991-2020_BASELINE_PENDING,PASS
805,AWS,129.09434,36.17929,1111000,2023,365,365,18.60301369863014,6.405205479452057,4,0,,34.4,,,1991-2020_BASELINE_PENDING,PASS
805,AWS,129.09434,36.17929,1111000,2024,91,91,8.378021978021975,-2.5549450549450547,0,0,,21.2,,,1991-2020_BASELINE_PENDING,INSUFFICIENT_DAYS
806,AWS,128.2903,36.23336,1111000,2021,363,363,19.542148760330598,8.368044077134986,18,1,,36.1,,,1991-2020_BASELINE_PENDING,PASS
806,AWS,128.2903,36.23336,1111000,2022,363,363,19.508264462809922,7.855647382920117,24,10,,36.2,,,1991-2020_BASELINE_PENDING,PASS
806,AWS,128.2903,36.23336,1111000,2023,365,365,19.879726027397265,8.617808219178077,21,4,,36.3,,,1991-2020_BASELINE_PENDING,PASS
806,AWS,128.2903,36.23336,1111000,2024,91,91,9.317582417582416,-0.6065934065934064,0,0,,22.5,,,1991-2020_BASELINE_PENDING,INSUFFICIENT_DAYS
807,AWS,128.69318,36.17966,1111000,2021,365,365,19.27342465753426,6.896712328767118,14,0,,35.2,,,1991-2020_BASELINE_PENDING,PASS
807,AWS,128.69318,36.17966,1111000,2022,357,357,19.031652661064427,5.659663865546216,14,4,,35.5,,,1991-2020_BASELINE_PENDING,PASS
807,AWS,128.69318,36.17966,1111000,2023,364,364,19.34972527472527,6.309340659340672,14,0,,35.2,,,1991-2020_BASELINE_PENDING,PASS
807,AWS,128.69318,36.17966,1111000,2024,91,91,8.998901098901095,-2.901098901098901,0,0,,22.2,,,1991-2020_BASELINE_PENDING,INSUFFICIENT_DAYS
808,AWS,129.56673,36.07597,1111000,2021,364,364,19.135989010989015,12.273351648351648,2,14,,33.5,,,1991-2020_BASELINE_PENDING,PASS
808,AWS,129.56673,36.07597,1111000,2022,364,364,18.947527472527476,11.569230769230774,12,10,,36.3,,,1991-2020_BASELINE_PENDING,PASS
808,AWS,129.56673,36.07597,1111000,2023,365,365,19.53479452054794,12.114246575342472,6,11,,34.8,,,1991-2020_BASELINE_PENDING,PASS
808,AWS,129.56673,36.07597,1111000,2024,91,91,10.086813186813188,3.115384615384616,0,0,,21.2,,,1991-2020_BASELINE_PENDING,INSUFFICIENT_DAYS
809,AWS,127.97919,35.93544,1111000,2021,364,364,18.83241758241758,7.01620879120879,10,0,,35.3,,,1991-2020_BASELINE_PENDING,PASS
809,AWS,127.97919,35.93544,1111000,2022,365,365,18.87616438356165,6.219999999999997,12,0,,35.1,,,1991-2020_BASELINE_PENDING,PASS
809,AWS,127.97919,35.93544,1111000,2023,365,365,19.29479452054795,7.172054794520546,11,0,,33.9,,,1991-2020_BASELINE_PENDING,PASS
809,AWS,127.97919,35.93544,1111000,2024,91,91,8.97032967032967,-1.9769230769230755,0,0,,23,,,1991-2020_BASELINE_PENDING,INSUFFICIENT_DAYS
810,AWS,128.2985,35.92552,1111000,2021,365,365,20.19698630136987,8.130958904109585,21,1,,36.2,,,1991-2020_BASELINE_PENDING,PASS
810,AWS,128.2985,35.92552,1111000,2022,365,365,20.271780821917787,7.6427397260274,35,14,,36.5,,,1991-2020_BASELINE_PENDING,PASS
810,AWS,128.2985,35.92552,1111000,2023,363,363,20.699999999999992,8.425619834710739,31,7,,36.7,,,1991-2020_BASELINE_PENDING,PASS
810,AWS,128.2985,35.92552,1111000,2024,91,91,10.546153846153846,-1.32967032967033,0,0,,24,,,1991-2020_BASELINE_PENDING,INSUFFICIENT_DAYS
811,AWS,129.20929,35.86299,1211000,2021,365,365,19.78027397260274,8.312876712328771,14,0,,36.7,,,1991-2020_BASELINE_PENDING,PASS
811,AWS,129.20929,35.86299,1211000,2022,364,364,20.25219780219781,8.021428571428578,30,12,,37.5,,,1991-2020_BASELINE_PENDING,PASS
811,AWS,129.20929,35.86299,1211000,2023,365,365,20.36794520547946,9.153424657534245,21,4,,36.2,,,1991-2020_BASELINE_PENDING,PASS
811,AWS,129.20929,35.86299,1211000,2024,91,91,10.702197802197805,0.2109890109890109,0,0,,24,,,1991-2020_BASELINE_PENDING,INSUFFICIENT_DAYS
812,AWS,128.28214,35.69603,1111000,2021,356,356,19.82219101123595,7.7946629213483165,12,0,,35.9,,,1991-2020_BASELINE_PENDING,PASS
812,AWS,128.28214,35.69603,1111000,2022,361,361,19.97396121883658,7.201385041551247,25,11,,35.1,,,1991-2020_BASELINE_PENDING,PASS
812,AWS,128.28214,35.69603,1111000,2023,365,365,20.038630136986296,8.083561643835605,11,0,,35.5,,,1991-2020_BASELINE_PENDING,PASS
812,AWS,128.28214,35.69603,1111000,2024,91,91,10.167032967032968,-1.6692307692307684,0,0,,22.9,,,1991-2020_BASELINE_PENDING,INSUFFICIENT_DAYS
813,AWS,128.73183,35.65404,1111000,2021,364,364,19.878846153846144,7.836538461538462,13,0,,36.2,,,1991-2020_BASELINE_PENDING,PASS
813,AWS,128.73183,35.65404,1111000,2022,362,362,19.93729281767957,7.314917127071825,24,12,,35.4,,,1991-2020_BASELINE_PENDING,PASS
813,AWS,128.73183,35.65404,1111000,2023,365,365,19.985205479452052,8.279452054794518,14,3,,36.4,,,1991-2020_BASELINE_PENDING,PASS
813,AWS,128.73183,35.65404,1111000,2024,91,91,10.225274725274726,-0.9274725274725277,0,0,,23.2,,,1991-2020_BASELINE_PENDING,INSUFFICIENT_DAYS
814,AWS,128.66103,36.97916,1111000,2021,364,364,17.03681318681318,5.858791208791205,1,0,,33,,,1991-2020_BASELINE_PENDING,PASS
814,AWS,128.66103,36.97916,1111000,2022,365,365,16.94684931506849,5.352876712328768,3,0,,34.4,,,1991-2020_BASELINE_PENDING,PASS
814,AWS,128.66103,36.97916,1111000,2023,363,363,17.595316804407716,6.186501377410468,2,0,,33.3,,,1991-2020_BASELINE_PENDING,PASS
814,AWS,128.66103,36.97916,1111000,2024,91,91,7.038461538461537,-3.3285714285714283,0,0,,19.9,,,1991-2020_BASELINE_PENDING,INSUFFICIENT_DAYS
815,AWS,128.46461,36.65996,1111000,2021,365,365,18.53452054794521,7.336438356164388,16,0,,34.7,,,1991-2020_BASELINE_PENDING,PASS
815,AWS,128.46461,36.65996,1111000,2022,365,365,18.67068493150686,6.566849315068497,14,2,,35.8,,,1991-2020_BASELINE_PENDING,PASS
815,AWS,128.46461,36.65996,1111000,2023,362,362,19.19944751381216,7.537569060773482,20,1,,35.6,,,1991-2020_BASELINE_PENDING,PASS
815,AWS,128.46461,36.65996,1111000,2024,91,91,8.532967032967035,-2.0516483516483506,0,0,,21.4,,,1991-2020_BASELINE_PENDING,INSUFFICIENT_DAYS
816,AWS,129.5475,35.9831,1111000,2021,365,365,18.916712328767133,10.510410958904115,0,2,,31.9,,,1991-2020_BASELINE_PENDING,PASS
816,AWS,129.5475,35.9831,1111000,2022,365,365,18.56794520547944,10.20219178082192,7,8,,34.3,,,1991-2020_BASELINE_PENDING,PASS
816,AWS,129.5475,35.9831,1111000,2023,363,363,19.103305785123986,10.834159779614318,0,4,,32.1,,,1991-2020_BASELINE_PENDING,PASS
816,AWS,129.5475,35.9831,1111000,2024,91,91,10.173626373626375,1.9813186813186805,0,0,,21.9,,,1991-2020_BASELINE_PENDING,INSUFFICIENT_DAYS
817,AWS,129.22121,36.78267,1111000,2021,363,363,16.67245179063361,5.778787878787878,2,0,,34.3,,,1991-2020_BASELINE_PENDING,PASS
817,AWS,129.22121,36.78267,1111000,2022,365,365,16.369589041095896,4.824109589041096,2,0,,34.2,,,1991-2020_BASELINE_PENDING,PASS
817,AWS,129.22121,36.78267,1111000,2023,364,364,17.04065934065933,5.648076923076923,1,0,,33.9,,,1991-2020_BASELINE_PENDING,PASS
817,AWS,129.22121,36.78267,1111000,2024,91,91,6.059340659340659,-3.414285714285714,0,0,,18.9,,,1991-2020_BASELINE_PENDING,INSUFFICIENT_DAYS
818,AWS,128.14792,36.70781,1111000,2021,365,365,17.44027397260274,7.0830136986301335,7,0,,33.9,,,1991-2020_BASELINE_PENDING,PASS
818,AWS,128.14792,36.70781,1111000,2022,365,365,17.26602739726027,6.563561643835621,6,0,,34.2,,,1991-2020_BASELINE_PENDING,PASS
818,AWS,128.14792,36.70781,1111000,2023,365,365,18.036712328767116,7.41534246575342,8,0,,34.3,,,1991-2020_BASELINE_PENDING,PASS
818,AWS,128.14792,36.70781,1111000,2024,91,91,7.17912087912088,-1.9527472527472531,0,0,,19.3,,,1991-2020_BASELINE_PENDING,INSUFFICIENT_DAYS
819,AWS,128.88641,36.65875,1111000,2021,365,365,18.19972602739726,5.685479452054793,16,0,,35.6,,,1991-2020_BASELINE_PENDING,PASS
819,AWS,128.88641,36.65875,1111000,2022,365,365,18.340821917808213,4.873424657534249,14,1,,36.2,,,1991-2020_BASELINE_PENDING,PASS
819,AWS,128.88641,36.65875,1111000,2023,365,365,19.063287671232903,5.955616438356168,19,0,,35.5,,,1991-2020_BASELINE_PENDING,PASS
819,AWS,128.88641,36.65875,1111000,2024,91,91,8.179120879120877,-3.7208791208791205,0,0,,20.4,,,1991-2020_BASELINE_PENDING,INSUFFICIENT_DAYS
820,AWS,128.52665,36.54819,1111000,2021,365,365,18.96219178082192,6.909315068493152,20,0,,35.3,,,1991-2020_BASELINE_PENDING,PASS
820,AWS,128.52665,36.54819,1111000,2022,365,365,18.925479452054784,6.235068493150683,13,3,,35.9,,,1991-2020_BASELINE_PENDING,PASS
820,AWS,128.52665,36.54819,1111000,2023,362,362,19.559392265193377,7.264364640883978,25,0,,36.6,,,1991-2020_BASELINE_PENDING,PASS
820,AWS,128.52665,36.54819,1111000,2024,91,91,8.637362637362633,-2.438461538461538,0,0,,21.4,,,1991-2020_BASELINE_PENDING,INSUFFICIENT_DAYS
821,AWS,128.07393,36.28187,1111000,2021,365,365,19.116986301369863,7.793150684931503,16,0,,35,,,1991-2020_BASELINE_PENDING,PASS
821,AWS,128.07393,36.28187,1111000,2022,365,365,19.047671232876702,7.100273972602741,16,4,,35.6,,,1991-2020_BASELINE_PENDING,PASS
821,AWS,128.07393,36.28187,1111000,2023,365,365,19.639178082191787,8.00657534246576,15,1,,35.3,,,1991-2020_BASELINE_PENDING,PASS
821,AWS,128.07393,36.28187,1111000,2024,91,91,9.17142857142857,-1.164835164835165,0,0,,21.8,,,1991-2020_BASELINE_PENDING,INSUFFICIENT_DAYS
822,AWS,128.1552,36.11987,1111000,2021,363,363,19.6900826446281,7.028650137741053,23,0,,36.2,,,1991-2020_BASELINE_PENDING,PASS
822,AWS,128.1552,36.11987,1111000,2022,362,362,19.082320441988944,5.513259668508287,30,1,,36.1,,,1991-2020_BASELINE_PENDING,PASS
822,AWS,128.1552,36.11987,1111000,2023,362,362,19.734254143646396,6.583701657458563,23,1,,35.7,,,1991-2020_BASELINE_PENDING,PASS
822,AWS,128.1552,36.11987,1111000,2024,91,91,10.150549450549452,-1.528571428571429,0,0,,24.8,,,1991-2020_BASELINE_PENDING,INSUFFICIENT_DAYS
823,AWS,128.55577,36.24934,1111000,2021,364,364,18.97609890109891,7.27719780219781,17,0,,36,,,1991-2020_BASELINE_PENDING,PASS
823,AWS,128.55577,36.24934,1111000,2022,362,362,19.270165745856342,6.7240331491712695,19,5,,35.9,,,1991-2020_BASELINE_PENDING,PASS
823,AWS,128.55577,36.24934,1111000,2023,362,362,19.89088397790054,7.713259668508292,22,2,,35.9,,,1991-2020_BASELINE_PENDING,PASS
823,AWS,128.55577,36.24934,1111000,2024,91,91,9.15934065934066,-1.7395604395604392,0,0,,21.7,,,1991-2020_BASELINE_PENDING,INSUFFICIENT_DAYS
824,AWS,128.50008,36.0956,1111000,2021,365,365,18.85095890410958,8.09780821917808,12,0,,35.6,,,1991-2020_BASELINE_PENDING,PASS
824,AWS,128.50008,36.0956,1111000,2022,365,365,18.84821917808219,7.7613698630137,16,12,,35.8,,,1991-2020_BASELINE_PENDING,PASS
824,AWS,128.50008,36.0956,1111000,2023,365,365,19.543287671232868,8.619726027397258,18,6,,36.3,,,1991-2020_BASELINE_PENDING,PASS
824,AWS,128.50008,36.0956,1111000,2024,91,91,8.868131868131867,-0.9681318681318682,0,0,,22,,,1991-2020_BASELINE_PENDING,INSUFFICIENT_DAYS
825,AWS,128.3813,36.03977,1111000,2021,365,365,19.79068493150685,9.230136986301371,20,1,,35.4,,,1991-2020_BASELINE_PENDING,PASS
825,AWS,128.3813,36.03977,1111000,2022,362,362,20.011325966850833,9.064640883977898,21,19,,35.3,,,1991-2020_BASELINE_PENDING,PASS
825,AWS,128.3813,36.03977,1111000,2023,362,362,20.42430939226519,9.791988950276238,21,10,,36.2,,,1991-2020_BASELINE_PENDING,PASS
825,AWS,128.3813,36.03977,1111000,2024,91,91,10.010989010989011,0.1604395604395608,0,0,,23.1,,,1991-2020_BASELINE_PENDING,INSUFFICIENT_DAYS
826,AWS,128.79003,36.04709,1111000,2021,364,364,19.421153846153853,8.330494505494498,18,0,,36.5,,,1991-2020_BASELINE_PENDING,PASS
826,AWS,128.79003,36.04709,1111000,2022,365,365,19.53479452054793,8.184931506849313,25,13,,36.7,,,1991-2020_BASELINE_PENDING,PASS
826,AWS,128.79003,36.04709,1111000,2023,362,362,20.12983425414364,8.852486187845308,22,2,,37.2,,,1991-2020_BASELINE_PENDING,PASS
826,AWS,128.79003,36.04709,1111000,2024,91,91,9.55604395604396,-0.5351648351648349,0,0,,22.7,,,1991-2020_BASELINE_PENDING,INSUFFICIENT_DAYS
827,AWS,128.743,35.82425,1111000,2021,365,365,19.802191780821936,9.697260273972603,20,0,,37.3,,,1991-2020_BASELINE_PENDING,PASS
827,AWS,128.743,35.82425,1111000,2022,365,365,19.98301369863015,9.512054794520552,30,21,,36,,,1991-2020_BASELINE_PENDING,PASS
827,AWS,128.743,35.82425,1111000,2023,364,364,20.35879120879121,10.232142857142863,24,12,,37.3,,,1991-2020_BASELINE_PENDING,PASS
827,AWS,128.743,35.82425,1111000,2024,91,91,10.137362637362637,0.7945054945054945,0,0,,23.3,,,1991-2020_BASELINE_PENDING,INSUFFICIENT_DAYS
828,AWS,128.42384,35.69018,1111000,2021,364,364,20.359065934065946,9.821703296703303,17,1,,36.3,,,1991-2020_BASELINE_PENDING,PASS
828,AWS,128.42384,35.69018,1111000,2022,365,365,20.3813698630137,9.521095890410963,28,21,,35.1,,,1991-2020_BASELINE_PENDING,PASS
828,AWS,128.42384,35.69018,1111000,2023,364,364,20.645054945054948,10.193131868131866,17,11,,37.2,,,1991-2020_BASELINE_PENDING,PASS
828,AWS,128.42384,35.69018,1111000,2024,91,91,10.914285714285713,0.7934065934065935,0,0,,23.9,,,1991-2020_BASELINE_PENDING,INSUFFICIENT_DAYS
829,AWS,129.31815,35.71214,1111000,2021,365,365,19.633698630136994,8.799999999999995,15,1,,35.6,,,1991-2020_BASELINE_PENDING,PASS
829,AWS,129.31815,35.71214,1111000,2022,364,364,19.581318681318685,8.309615384615395,20,17,,36.5,,,1991-2020_BASELINE_PENDING,PASS
829,AWS,129.31815,35.71214,1111000,2023,365,365,19.87123287671232,8.907671232876714,12,1,,35.6,,,1991-2020_BASELINE_PENDING,PASS
829,AWS,129.31815,35.71214,1111000,2024,91,91,10.107692307692306,-0.21868131868131882,0,0,,23.5,,,1991-2020_BASELINE_PENDING,INSUFFICIENT_DAYS
830,AWS,129.19957,36.06887,1111000,2021,355,355,19.157464788732398,7.785070422535213,11,0,,35.8,,,1991-2020_BASELINE_PENDING,PASS
830,AWS,129.19957,36.06887,1111000,2022,358,358,19.795530726256985,7.44022346368715,24,12,,37.7,,,1991-2020_BASELINE_PENDING,PASS
830,AWS,129.19957,36.06887,1111000,2023,365,365,20.631232876712346,8.433698630136982,24,5,,37.1,,,1991-2020_BASELINE_PENDING,PASS
830,AWS,129.19957,36.06887,1111000,2024,91,91,10.336263736263742,-0.7483516483516485,0,0,,23.1,,,1991-2020_BASELINE_PENDING,INSUFFICIENT_DAYS
831,AWS,128.99708,37.04012,1110000,2021,365,365,14.64082191780823,4.078630136986301,0,0,,31.3,,,1991-2020_BASELINE_PENDING,PASS
831,AWS,128.99708,37.04012,1110000,2022,358,358,15.258100558659205,3.786592178770947,0,0,,32.7,,,1991-2020_BASELINE_PENDING,PASS
831,AWS,128.99708,37.04012,1110000,2023,365,365,15.677808219178091,4.265753424657533,0,0,,32.6,,,1991-2020_BASELINE_PENDING,PASS
831,AWS,128.99708,37.04012,1110000,2024,91,91,4.279120879120879,-5.427472527472527,0,0,,17,,,1991-2020_BASELINE_PENDING,INSUFFICIENT_DAYS
832,AWS,128.42855,36.39066,1111000,2021,360,360,19.824722222222217,8.705555555555556,22,1,,36.1,,,1991-2020_BASELINE_PENDING,PASS
832,AWS,128.42855,36.39066,1111000,2022,365,365,19.944657534246574,7.963835616438363,25,17,,36.6,,,1991-2020_BASELINE_PENDING,PASS
832,AWS,128.42855,36.39066,1111000,2023,364,364,20.449175824175807,8.250000000000002,32,5,,37.2,,,1991-2020_BASELINE_PENDING,PASS
832,AWS,128.42855,36.39066,1111000,2024,91,91,9.520879120879117,-1.6109890109890097,0,0,,22.8,,,1991-2020_BASELINE_PENDING,INSUFFICIENT_DAYS
833,AWS,128.04189,36.53829,1111000,2021,365,365,18.28657534246574,7.144383561643832,17,0,,35.6,,,1991-2020_BASELINE_PENDING,PASS
833,AWS,128.04189,36.53829,1111000,2022,365,365,18.288493150684932,6.618630136986298,13,2,,35.9,,,1991-2020_BASELINE_PENDING,PASS
833,AWS,128.04189,36.53829,1111000,2023,365,365,19.03068493150687,7.466027397260275,21,0,,35.8,,,1991-2020_BASELINE_PENDING,PASS
833,AWS,128.04189,36.53829,1111000,2024,91,91,8.042857142857141,-1.7549450549450538,0,0,,21.9,,,1991-2020_BASELINE_PENDING,INSUFFICIENT_DAYS
834,AWS,127.9442,36.44122,1111000,2021,362,362,16.81491712707182,7.3182320441989,0,0,,32.8,,,1991-2020_BASELINE_PENDING,PASS
834,AWS,127.9442,36.44122,1111000,2022,365,365,16.639178082191776,6.590136986301366,0,0,,32.7,,,1991-2020_BASELINE_PENDING,PASS
834,AWS,127.9442,36.44122,1111000,2023,362,362,17.402486187845298,7.4033149171270685,2,0,,33.3,,,1991-2020_BASELINE_PENDING,PASS
834,AWS,127.9442,36.44122,1111000,2024,91,91,6.871428571428571,-1.724175824175825,0,0,,19.4,,,1991-2020_BASELINE_PENDING,INSUFFICIENT_DAYS
835,AWS,128.71601,36.89316,1111000,2021,365,365,18.17917808219178,5.606575342465749,15,0,,35,,,1991-2020_BASELINE_PENDING,PASS
835,AWS,128.71601,36.89316,1111000,2022,365,365,18.17369863013696,4.747945205479455,14,0,,36.2,,,1991-2020_BASELINE_PENDING,PASS
835,AWS,128.71601,36.89316,1111000,2023,365,365,18.907123287671233,5.999452054794514,15,0,,35.4,,,1991-2020_BASELINE_PENDING,PASS
835,AWS,128.71601,36.89316,1111000,2024,91,91,8.029670329670333,-3.9296703296703286,0,0,,21.3,,,1991-2020_BASELINE_PENDING,INSUFFICIENT_DAYS
836,AWS,128.89601,36.27943,1111000,2021,364,364,16.992857142857154,5.074725274725273,8,0,,35.1,,,1991-2020_BASELINE_PENDING,PASS
836,AWS,128.89601,36.27943,1111000,2022,365,365,16.98082191780821,4.2476712328767094,7,0,,34.4,,,1991-2020_BASELINE_PENDING,PASS
836,AWS,128.89601,36.27943,1111000,2023,363,363,17.75316804407712,5.3504132231405,6,0,,35,,,1991-2020_BASELINE_PENDING,PASS
836,AWS,128.89601,36.27943,1111000,2024,91,91,6.731868131868131,-3.713186813186814,0,0,,19.8,,,1991-2020_BASELINE_PENDING,INSUFFICIENT_DAYS
837,AWS,128.6429,36.8268,1111000,2021,365,365,17.85534246575343,6.547671232876717,3,0,,33.9,,,1991-2020_BASELINE_PENDING,PASS
837,AWS,128.6429,36.8268,1111000,2022,365,365,18.005479452054804,5.815342465753423,6,0,,34.6,,,1991-2020_BASELINE_PENDING,PASS
837,AWS,128.6429,36.8268,1111000,2023,365,365,18.656438356164376,6.851232876712325,9,0,,34.8,,,1991-2020_BASELINE_PENDING,PASS
837,AWS,128.6429,36.8268,1111000,2024,91,91,8.379120879120878,-2.7813186813186803,0,0,,20.6,,,1991-2020_BASELINE_PENDING,INSUFFICIENT_DAYS
838,AWS,128.27046,36.79066,1111000,2021,365,365,15.829589041095891,6.867397260273971,0,0,,32,,,1991-2020_BASELINE_PENDING,PASS
838,AWS,128.27046,36.79066,1111000,2022,365,365,15.643287671232867,6.494246575342466,0,0,,32.3,,,1991-2020_BASELINE_PENDING,PASS
838,AWS,128.27046,36.79066,1111000,2023,365,365,16.473698630136987,7.2202739726027385,0,0,,32.8,,,1991-2020_BASELINE_PENDING,PASS
838,AWS,128.27046,36.79066,1111000,2024,91,91,5.638461538461537,-2.4967032967032967,0,0,,17.6,,,1991-2020_BASELINE_PENDING,INSUFFICIENT_DAYS
839,AWS,128.89544,36.45834,1111000,2021,365,365,19.824931506849328,7.946301369863005,22,0,,37.7,,,1991-2020_BASELINE_PENDING,PASS
839,AWS,128.89544,36.45834,1111000,2022,334,334,20.05389221556887,7.332035928143719,20,4,,36.5,,,1991-2020_BASELINE_PENDING,PASS
839,AWS,128.89544,36.45834,1111000,2023,365,365,19.39397260273973,6.868219178082187,22,0,,35.8,,,1991-2020_BASELINE_PENDING,PASS
839,AWS,128.89544,36.45834,1111000,2024,91,91,8.606593406593408,-2.4153846153846157,0,0,,21.6,,,1991-2020_BASELINE_PENDING,INSUFFICIENT_DAYS
840,AWS,128.8144,35.9126,1111000,2021,364,364,19.852747252747246,8.441208791208787,28,0,,39.4,,,1991-2020_BASELINE_PENDING,PASS
840,AWS,128.8144,35.9126,1111000,2022,365,365,19.910958904109577,8.008219178082188,39,13,,37.3,,,1991-2020_BASELINE_PENDING,PASS
840,AWS,128.8144,35.9126,1111000,2023,365,365,20.321095890410962,8.760273972602743,27,5,,37.8,,,1991-2020_BASELINE_PENDING,PASS
840,AWS,128.8144,35.9126,1111000,2024,91,91,9.804395604395605,-0.7230769230769235,0,0,,23.2,,,1991-2020_BASELINE_PENDING,INSUFFICIENT_DAYS
841,AWS,128.91106,36.08494,1111000,2021,365,365,18.891780821917806,6.838082191780817,11,0,,35.1,,,1991-2020_BASELINE_PENDING,PASS
841,AWS,128.91106,36.08494,1111000,2022,365,365,18.996438356164376,6.453150684931512,12,3,,35.9,,,1991-2020_BASELINE_PENDING,PASS
841,AWS,128.91106,36.08494,1111000,2023,365,365,19.56739726027396,7.31041095890411,15,0,,35.9,,,1991-2020_BASELINE_PENDING,PASS
841,AWS,128.91106,36.08494,1111000,2024,91,91,9.286813186813188,-1.851648351648352,0,0,,22.1,,,1991-2020_BASELINE_PENDING,INSUFFICIENT_DAYS
842,AWS,129.011,35.7576,1111000,2021,365,365,18.540000000000003,7.258630136986305,7,0,,33.8,,,1991-2020_BASELINE_PENDING,PASS
842,AWS,129.011,35.7576,1111000,2022,365,365,18.506027397260272,6.359726027397257,5,5,,34.5,,,1991-2020_BASELINE_PENDING,PASS
842,AWS,129.011,35.7576,1111000,2023,363,363,19.093939393939404,7.363636363636366,8,1,,35.2,,,1991-2020_BASELINE_PENDING,PASS
842,AWS,129.011,35.7576,1111000,2024,91,91,9.172527472527474,-1.4252747252747249,0,0,,22.5,,,1991-2020_BASELINE_PENDING,INSUFFICIENT_DAYS
843,AWS,129.25013,36.93611,1111000,2021,364,364,17.639010989010984,7.880769230769234,7,0,,36.6,,,1991-2020_BASELINE_PENDING,PASS
843,AWS,129.25013,36.93611,1111000,2022,365,365,17.772328767123284,7.663287671232875,10,7,,36.3,,,1991-2020_BASELINE_PENDING,PASS
843,AWS,129.25013,36.93611,1111000,2023,365,365,18.458356164383556,8.594246575342465,10,4,,36.1,,,1991-2020_BASELINE_PENDING,PASS
843,AWS,129.25013,36.93611,1111000,2024,91,91,7.267032967032969,-1.58021978021978,0,0,,18.4,,,1991-2020_BASELINE_PENDING,INSUFFICIENT_DAYS
844,AWS,129.35859,36.43551,1111000,2021,365,365,18.501095890410962,8.169315068493148,5,1,,33.7,,,1991-2020_BASELINE_PENDING,PASS
844,AWS,129.35859,36.43551,1111000,2022,365,365,18.6627397260274,7.7868493150684905,11,5,,35.2,,,1991-2020_BASELINE_PENDING,PASS
844,AWS,129.35859,36.43551,1111000,2023,363,363,19.29807162534435,8.658677685950412,13,1,,35.4,,,1991-2020_BASELINE_PENDING,PASS
844,AWS,129.35859,36.43551,1111000,2024,91,91,9.315384615384614,-0.7186813186813188,0,0,,21,,,1991-2020_BASELINE_PENDING,INSUFFICIENT_DAYS
845,AWS,128.59068,35.90842,1111000,2021,358,358,20.408100558659207,9.521508379888273,28,4,,37,,,1991-2020_BASELINE_PENDING,PASS
845,AWS,128.59068,35.90842,1111000,2022,365,365,20.485479452054797,9.087945205479452,37,21,,37,,,1991-2020_BASELINE_PENDING,PASS
845,AWS,128.59068,35.90842,1111000,2023,364,364,20.656318681318666,9.529945054945053,34,7,,37,,,1991-2020_BASELINE_PENDING,PASS
845,AWS,128.59068,35.90842,1111000,2024,91,91,10.336263736263737,0.14945054945054934,0,0,,23.7,,,1991-2020_BASELINE_PENDING,INSUFFICIENT_DAYS
846,AWS,128.53095,35.86509,1111000,2021,365,365,19.721369863013713,10.04931506849315,18,3,,36.4,,,1991-2020_BASELINE_PENDING,PASS
846,AWS,128.53095,35.86509,1111000,2022,365,365,19.797534246575342,9.877260273972597,27,24,,36,,,1991-2020_BASELINE_PENDING,PASS
846,AWS,128.53095,35.86509,1111000,2023,365,365,20.110684931506853,10.394794520547947,18,9,,37,,,1991-2020_BASELINE_PENDING,PASS
846,AWS,128.53095,35.86509,1111000,2024,91,91,9.85824175824176,0.8989010989010988,0,0,,23.3,,,1991-2020_BASELINE_PENDING,INSUFFICIENT_DAYS
847,AWS,128.46637,36.27623,1111000,2021,365,365,19.071232876712322,6.818630136986302,17,0,,35.9,,,1991-2020_BASELINE_PENDING,PASS
847,AWS,128.46637,36.27623,1111000,2022,365,365,19.076986301369853,5.9306849315068435,21,6,,36.4,,,1991-2020_BASELINE_PENDING,PASS
847,AWS,128.46637,36.27623,1111000,2023,365,365,19.75780821917808,7.06575342465753,18,0,,35.7,,,1991-2020_BASELINE_PENDING,PASS
847,AWS,128.46637,36.27623,1111000,2024,91,91,9.096703296703298,-2.4714285714285724,0,0,,22,,,1991-2020_BASELINE_PENDING,INSUFFICIENT_DAYS
848,AWS,128.89534,35.67916,1111000,2021,365,365,19.739178082191785,7.881369863013698,20,0,,37.4,,,1991-2020_BASELINE_PENDING,PASS
848,AWS,128.89534,35.67916,1111000,2022,362,362,19.718232044198913,7.306629834254144,28,12,,35.9,,,1991-2020_BASELINE_PENDING,PASS
848,AWS,128.89534,35.67916,1111000,2023,365,365,20.025205479452076,8.38219178082192,16,3,,36.4,,,1991-2020_BASELINE_PENDING,PASS
848,AWS,128.89534,35.67916,1111000,2024,91,91,9.987912087912088,-0.7461538461538453,0,0,,22.9,,,1991-2020_BASELINE_PENDING,INSUFFICIENT_DAYS
849,AWS,128.3871,36.54689,1111000,2021,364,364,19.032967032967022,7.242582417582418,21,0,,35.7,,,1991-2020_BASELINE_PENDING,PASS
849,AWS,128.3871,36.54689,1111000,2022,365,365,19.223835616438365,6.644657534246568,23,9,,36.5,,,1991-2020_BASELINE_PENDING,PASS
849,AWS,128.3871,36.54689,1111000,2023,365,365,19.693424657534237,7.464383561643832,24,0,,36.6,,,1991-2020_BASELINE_PENDING,PASS
849,AWS,128.3871,36.54689,1111000,2024,91,91,8.892307692307691,-2.201098901098901,0,0,,21.8,,,1991-2020_BASELINE_PENDING,INSUFFICIENT_DAYS
850,AWS,129.49062,35.78471,1111000,2021,362,362,18.45801104972376,10.11436464088398,0,2,,32.3,,,1991-2020_BASELINE_PENDING,PASS
850,AWS,129.49062,35.78471,1111000,2022,364,364,18.107142857142875,9.545329670329668,6,4,,35.1,,,1991-2020_BASELINE_PENDING,PASS
850,AWS,129.49062,35.78471,1111000,2023,363,363,18.897796143250684,10.218732782369147,1,1,,33.6,,,1991-2020_BASELINE_PENDING,PASS
850,AWS,129.49062,35.78471,1111000,2024,91,91,10.019780219780214,1.4065934065934067,0,0,,21.8,,,1991-2020_BASELINE_PENDING,INSUFFICIENT_DAYS
851,AWS,129.35206,37.05137,1111000,2021,364,364,18.138461538461534,6.10741758241758,4,0,,33.8,,,1991-2020_BASELINE_PENDING,PASS
851,AWS,129.35206,37.05137,1111000,2022,365,365,17.961095890410974,5.968219178082191,7,4,,36.7,,,1991-2020_BASELINE_PENDING,PASS
851,AWS,129.35206,37.05137,1111000,2023,365,365,18.93123287671233,6.754794520547941,13,1,,36.5,,,1991-2020_BASELINE_PENDING,PASS
851,AWS,129.35206,37.05137,1111000,2024,91,91,8.34615384615385,-2.923076923076923,0,0,,21.5,,,1991-2020_BASELINE_PENDING,INSUFFICIENT_DAYS
852,AWS,129.426,37.0606,1111000,2021,365,365,17.610958904109598,11.272328767123302,0,5,,31.7,,,1991-2020_BASELINE_PENDING,PASS
852,AWS,129.426,37.0606,1111000,2022,365,365,17.228219178082174,10.877260273972599,2,8,,34.7,,,1991-2020_BASELINE_PENDING,PASS
852,AWS,129.426,37.0606,1111000,2023,365,365,17.5117808219178,11.36410958904109,2,5,,35.8,,,1991-2020_BASELINE_PENDING,PASS
852,AWS,129.426,37.0606,1111000,2024,90,90,8.194444444444443,2.266666666666667,0,0,,21.4,,,1991-2020_BASELINE_PENDING,INSUFFICIENT_DAYS
853,AWS,128.62129,36.01827,1111000,2021,363,363,15.58705234159779,7.557851239669429,0,0,,32.2,,,1991-2020_BASELINE_PENDING,PASS
853,AWS,128.62129,36.01827,1111000,2022,365,365,15.570684931506843,7.3616438356164435,0,0,,32.2,,,1991-2020_BASELINE_PENDING,PASS
853,AWS,128.62129,36.01827,1111000,2023,365,365,16.202739726027392,8.258356164383557,0,0,,32.6,,,1991-2020_BASELINE_PENDING,PASS
853,AWS,128.62129,36.01827,1111000,2024,91,91,5.696703296703295,-1.7142857142857149,0,0,,18.2,,,1991-2020_BASELINE_PENDING,INSUFFICIENT_DAYS
854,AWS,129.13357,35.49528,1111000,2021,365,365,18.599726027397253,9.680273972602738,2,1,,33.9,,,1991-2020_BASELINE_PENDING,PASS
854,AWS,129.13357,35.49528,1111000,2022,365,365,18.603561643835604,9.33397260273972,1,12,,34,,,1991-2020_BASELINE_PENDING,PASS
854,AWS,129.13357,35.49528,1111000,2023,364,364,19.26456043956044,10.035439560439569,6,0,,34.6,,,1991-2020_BASELINE_PENDING,PASS
854,AWS,129.13357,35.49528,1111000,2024,91,91,9.916483516483517,1.1615384615384614,0,0,,23.5,,,1991-2020_BASELINE_PENDING,INSUFFICIENT_DAYS
855,AWS,126.26833,33.1733,1111000,2021,365,365,20.13013698630137,15.744109589041095,0,39,,32.3,,,1991-2020_BASELINE_PENDING,PASS
855,AWS,126.26833,33.1733,1111000,2022,364,364,19.609065934065942,15.134065934065935,0,49,,32.8,,,1991-2020_BASELINE_PENDING,PASS
855,AWS,126.26833,33.1733,1111000,2023,365,365,20.04082191780823,15.394520547945206,2,39,,33.8,,,1991-2020_BASELINE_PENDING,PASS
855,AWS,126.26833,33.1733,1111000,2024,91,91,12.53406593406593,8.44945054945055,0,0,,19.9,,,1991-2020_BASELINE_PENDING,INSUFFICIENT_DAYS
856,AWS,127.59815,35.1018,1111000,2021,365,365,17.24904109589041,8.898630136986302,0,0,,31.9,,,1991-2020_BASELINE_PENDING,PASS
856,AWS,127.59815,35.1018,1111000,2022,365,365,16.89616438356165,8.538630136986301,0,0,,31.3,,,1991-2020_BASELINE_PENDING,PASS
856,AWS,127.59815,35.1018,1111000,2023,361,361,17.335457063711914,9.122160664819944,0,0,,32.7,,,1991-2020_BASELINE_PENDING,PASS
856,AWS,127.59815,35.1018,1111000,2024,91,91,7.632967032967034,-0.03626373626373634,0,0,,21.7,,,1991-2020_BASELINE_PENDING,INSUFFICIENT_DAYS
857,AWS,126.71737,34.29995,1111000,2021,365,365,18.71616438356164,10.730684931506858,0,3,,31.7,,,1991-2020_BASELINE_PENDING,PASS
857,AWS,126.71737,34.29995,1111000,2022,364,364,18.21510989010989,9.86071428571428,0,5,,32.2,,,1991-2020_BASELINE_PENDING,PASS
857,AWS,126.71737,34.29995,1111000,2023,365,365,18.807397260273984,10.417260273972596,3,5,,35.3,,,1991-2020_BASELINE_PENDING,PASS
857,AWS,126.71737,34.29995,1111000,2024,91,91,10.08021978021978,1.9472527472527472,0,0,,20,,,1991-2020_BASELINE_PENDING,INSUFFICIENT_DAYS
858,AWS,126.17006,34.42956,1110000,2021,365,365,18.86465753424658,10.4013698630137,0,2,,32.3,,,1991-2020_BASELINE_PENDING,PASS
858,AWS,126.17006,34.42956,1110000,2022,365,365,18.429589041095888,10.041917808219177,0,14,,32.1,,,1991-2020_BASELINE_PENDING,PASS
858,AWS,126.17006,34.42956,1110000,2023,362,362,18.959116022099447,10.425690607734804,4,4,,33.6,,,1991-2020_BASELINE_PENDING,PASS
858,AWS,126.17006,34.42956,1110000,2024,91,91,9.742857142857142,2.2725274725274733,0,0,,19,,,1991-2020_BASELINE_PENDING,INSUFFICIENT_DAYS
859,AWS,129.36873,35.7549,1111000,2021,365,365,16.721095890410954,8.909589041095888,2,0,,33.2,,,1991-2020_BASELINE_PENDING,PASS
859,AWS,129.36873,35.7549,1111000,2022,351,351,15.681481481481491,8.225356125356116,0,1,,32.1,,,1991-2020_BASELINE_PENDING,PASS
859,AWS,129.36873,35.7549,1111000,2023,365,365,16.55205479452054,9.328493150684936,0,0,,32,,,1991-2020_BASELINE_PENDING,PASS
859,AWS,129.36873,35.7549,1111000,2024,91,91,6.548351648351648,-0.5494505494505493,0,0,,19.7,,,1991-2020_BASELINE_PENDING,INSUFFICIENT_DAYS
860,AWS,128.61903,35.88515,1111000,2021,365,365,19.80191780821918,10.7386301369863,25,11,,37.7,,,1991-2020_BASELINE_PENDING,PASS
860,AWS,128.61903,35.88515,1111000,2022,364,364,19.98434065934066,10.786263736263734,33,34,,37,,,1991-2020_BASELINE_PENDING,PASS
860,AWS,128.61903,35.88515,1111000,2023,365,365,20.38849315068493,11.370684931506858,30,23,,37.4,,,1991-2020_BASELINE_PENDING,PASS
860,AWS,128.61903,35.88515,1111000,2024,91,91,9.880219780219779,1.6978021978021978,0,0,,23.3,,,1991-2020_BASELINE_PENDING,INSUFFICIENT_DAYS
861,AWS,126.77295,33.55563,1111000,2021,364,364,19.90714285714285,14.091758241758253,2,17,,33.2,,,1991-2020_BASELINE_PENDING,PASS
861,AWS,126.77295,33.55563,1111000,2022,365,365,19.145479452054783,13.476712328767118,9,29,,33.7,,,1991-2020_BASELINE_PENDING,PASS
861,AWS,126.77295,33.55563,1111000,2023,363,363,20.04600550964188,13.850964187327818,3,33,,33.1,,,1991-2020_BASELINE_PENDING,PASS
861,AWS,126.77295,33.55563,1111000,2024,91,91,11.620879120879124,6.209890109890109,0,0,,22.5,,,1991-2020_BASELINE_PENDING,INSUFFICIENT_DAYS
862,AWS,126.77919,33.47056,1111000,2021,365,365,19.28986301369865,12.296438356164376,0,11,,32.2,,,1991-2020_BASELINE_PENDING,PASS
862,AWS,126.77919,33.47056,1111000,2022,364,364,18.636538461538464,11.778021978021968,2,19,,33.6,,,1991-2020_BASELINE_PENDING,PASS
862,AWS,126.77919,33.47056,1111000,2023,365,365,19.142465753424652,12.005479452054796,0,23,,31.9,,,1991-2020_BASELINE_PENDING,PASS
862,AWS,126.77919,33.47056,1111000,2024,91,91,10.437362637362636,4.018681318681319,0,0,,21.9,,,1991-2020_BASELINE_PENDING,INSUFFICIENT_DAYS
863,AWS,126.43165,33.47688,1111000,2021,362,362,19.853314917127072,12.508839779005525,4,10,,33.8,,,1991-2020_BASELINE_PENDING,PASS
863,AWS,126.43165,33.47688,1111000,2022,365,365,19.454520547945194,12.242465753424652,15,31,,34.8,,,1991-2020_BASELINE_PENDING,PASS
863,AWS,126.43165,33.47688,1111000,2023,363,363,20.02396694214876,12.788429752066122,3,30,,34.4,,,1991-2020_BASELINE_PENDING,PASS
863,AWS,126.43165,33.47688,1111000,2024,91,91,11.676923076923078,5.070329670329671,0,0,,25.8,,,1991-2020_BASELINE_PENDING,INSUFFICIENT_DAYS
864,AWS,127.15497,35.82149,1211110,2021,364,364,19.986263736263737,9.995879120879122,27,7,,35.8,,,1991-2020_BASELINE_PENDING,PASS
864,AWS,127.15497,35.82149,1211110,2022,365,365,19.555342465753426,9.37780821917808,24,26,,36.1,,,1991-2020_BASELINE_PENDING,PASS
864,AWS,127.15497,35.82149,1211110,2023,365,365,20.32054794520547,10.269589041095895,28,15,,36.5,,,1991-2020_BASELINE_PENDING,PASS
864,AWS,127.15497,35.82149,1211110,2024,91,91,9.734065934065933,0.7615384615384615,0,0,,22.1,,,1991-2020_BASELINE_PENDING,INSUFFICIENT_DAYS
865,AWS,126.52202,33.45766,1111000,2021,363,363,18.65757575757576,11.468319559228652,0,1,,32.4,,,1991-2020_BASELINE_PENDING,PASS
865,AWS,126.52202,33.45766,1111000,2022,365,365,18.068767123287678,10.780547945205488,3,3,,33.8,,,1991-2020_BASELINE_PENDING,PASS
865,AWS,126.52202,33.45766,1111000,2023,365,365,18.82301369863013,11.446027397260288,2,8,,34,,,1991-2020_BASELINE_PENDING,PASS
865,AWS,126.52202,33.45766,1111000,2024,91,91,10.343956043956048,3.5692307692307685,0,0,,25.6,,,1991-2020_BASELINE_PENDING,INSUFFICIENT_DAYS
867,AWS,126.53049,33.37694,1111000,2021,361,361,11.008310249307472,5.699445983379495,0,0,,24.2,,,1991-2020_BASELINE_PENDING,PASS
867,AWS,126.53049,33.37694,1111000,2022,365,365,10.681643835616436,5.115890410958901,0,0,,25.2,,,1991-2020_BASELINE_PENDING,PASS
867,AWS,126.53049,33.37694,1111000,2023,365,365,11.303013698630135,5.829863013698628,0,0,,24,,,1991-2020_BASELINE_PENDING,PASS
867,AWS,126.53049,33.37694,1111000,2024,91,91,2.837362637362638,-2.869230769230769,0,0,,15,,,1991-2020_BASELINE_PENDING,INSUFFICIENT_DAYS
868,AWS,126.49802,33.37598,1111000,2021,360,360,11.784166666666652,6.115277777777781,0,0,,24.1,,,1991-2020_BASELINE_PENDING,PASS
868,AWS,126.49802,33.37598,1111000,2022,365,365,11.204109589041094,5.422465753424662,0,0,,25.3,,,1991-2020_BASELINE_PENDING,PASS
868,AWS,126.49802,33.37598,1111000,2023,359,359,11.85515320334261,6.182172701949865,0,0,,25.3,,,1991-2020_BASELINE_PENDING,PASS
868,AWS,126.49802,33.37598,1111000,2024,89,89,3.7078651685393265,-2.256179775280899,0,0,,16.2,,,1991-2020_BASELINE_PENDING,INSUFFICIENT_DAYS
869,AWS,126.4964,33.34832,11111000,2021,365,365,12.850410958904103,6.458630136986299,0,0,,25.5,,,1991-2020_BASELINE_PENDING,PASS
869,AWS,126.4964,33.34832,11111000,2022,363,363,12.47465564738292,5.997520661157026,0,0,,25.5,,,1991-2020_BASELINE_PENDING,PASS
869,AWS,126.4964,33.34832,11111000,2023,363,363,12.896969696969698,6.7812672176308535,0,0,,25.8,,,1991-2020_BASELINE_PENDING,PASS
869,AWS,126.4964,33.34832,11111000,2024,91,91,5.105494505494506,-0.820879120879121,0,0,,17,,,1991-2020_BASELINE_PENDING,INSUFFICIENT_DAYS
870,AWS,126.55571,33.36978,11111000,2021,348,348,11.319252873563213,4.592241379310343,0,0,,24.5,,,1991-2020_BASELINE_PENDING,PASS
870,AWS,126.55571,33.36978,11111000,2022,340,340,10.806470588235294,3.584411764705885,0,0,,25.7,,,1991-2020_BASELINE_PENDING,PASS
870,AWS,126.55571,33.36978,11111000,2023,354,354,11.133898305084749,4.292655367231637,0,0,,24,,,1991-2020_BASELINE_PENDING,PASS
870,AWS,126.55571,33.36978,11111000,2024,90,90,3.1455555555555557,-3.3800000000000012,0,0,,15.3,,,1991-2020_BASELINE_PENDING,INSUFFICIENT_DAYS
871,AWS,126.51811,33.3623,11111000,2021,360,360,10.009166666666662,3.475555555555553,0,0,,22.9,,,1991-2020_BASELINE_PENDING,PASS
871,AWS,126.51811,33.3623,11111000,2022,359,359,9.863788300835658,2.987465181058499,0,0,,25.2,,,1991-2020_BASELINE_PENDING,PASS
871,AWS,126.51811,33.3623,11111000,2023,357,357,10.238655462184868,3.484873949579834,0,0,,23.4,,,1991-2020_BASELINE_PENDING,PASS
871,AWS,126.51811,33.3623,11111000,2024,91,91,2.1494505494505494,-4.362637362637365,0,0,,13.6,,,1991-2020_BASELINE_PENDING,INSUFFICIENT_DAYS
872,AWS,127.75642,35.31924,11111000,2021,365,365,14.308767123287673,6.772602739726032,0,0,,28.5,,,1991-2020_BASELINE_PENDING,PASS
872,AWS,127.75642,35.31924,11111000,2022,362,362,14.101381215469605,6.311878453038671,0,0,,28.7,,,1991-2020_BASELINE_PENDING,PASS
872,AWS,127.75642,35.31924,11111000,2023,356,356,14.242415730337074,6.682022471910117,0,0,,28.4,,,1991-2020_BASELINE_PENDING,PASS
872,AWS,127.75642,35.31924,11111000,2024,91,91,5.221978021978021,-2.5175824175824184,0,0,,16.9,,,1991-2020_BASELINE_PENDING,INSUFFICIENT_DAYS
874,AWS,127.21965,38.14163,1111000,2021,365,365,16.54904109589042,5.368493150684933,8,0,,34.3,,,1991-2020_BASELINE_PENDING,PASS
874,AWS,127.21965,38.14163,1111000,2022,365,365,16.24136986301369,4.559452054794523,2,0,,34.6,,,1991-2020_BASELINE_PENDING,PASS
874,AWS,127.21965,38.14163,1111000,2023,365,365,17.11041095890412,5.649041095890401,5,0,,33.6,,,1991-2020_BASELINE_PENDING,PASS
874,AWS,127.21965,38.14163,1111000,2024,91,91,6.194505494505494,-4.724175824175824,0,0,,21.9,,,1991-2020_BASELINE_PENDING,INSUFFICIENT_DAYS
875,AWS,128.4606,38.1211,1111000,2021,363,363,6.896694214876032,0.7123966942148767,0,0,,25.6,,,1991-2020_BASELINE_PENDING,PASS
875,AWS,128.4606,38.1211,1111000,2022,363,363,6.512121212121211,0.5336088154269976,0,0,,23.9,,,1991-2020_BASELINE_PENDING,PASS
875,AWS,128.4606,38.1211,1111000,2023,350,350,8.254857142857144,2.149714285714287,0,0,,24.7,,,1991-2020_BASELINE_PENDING,PASS
876,AWS,129.16214,37.45003,1111000,2021,363,363,18.386501377410465,10.352341597796151,5,4,,34.2,,,1991-2020_BASELINE_PENDING,PASS
876,AWS,129.16214,37.45003,1111000,2022,365,365,18.48000000000001,10.276986301369865,7,9,,35.1,,,1991-2020_BASELINE_PENDING,PASS
876,AWS,129.16214,37.45003,1111000,2023,357,357,19.24369747899159,11.191876750700281,17,11,,36.2,,,1991-2020_BASELINE_PENDING,PASS
876,AWS,129.16214,37.45003,1111000,2024,91,91,8.193406593406593,0.7472527472527473,0,0,,22.4,,,1991-2020_BASELINE_PENDING,INSUFFICIENT_DAYS
877,AWS,127.80486,37.31339,1111000,2021,364,364,18.51730769230769,6.775274725274723,19,1,,36.2,,,1991-2020_BASELINE_PENDING,PASS
877,AWS,127.80486,37.31339,1111000,2022,365,365,17.775068493150677,5.694794520547945,11,4,,34.9,,,1991-2020_BASELINE_PENDING,PASS
877,AWS,127.80486,37.31339,1111000,2023,365,365,18.546301369863,7.00876712328767,22,0,,35.9,,,1991-2020_BASELINE_PENDING,PASS
877,AWS,127.80486,37.31339,1111000,2024,91,91,7.697802197802199,-2.9593406593406613,0,0,,22.3,,,1991-2020_BASELINE_PENDING,INSUFFICIENT_DAYS
878,AWS,129.09609,37.22379,11111000,2021,364,364,13.595879120879127,6.359890109890114,0,0,,30.4,,,1991-2020_BASELINE_PENDING,PASS
878,AWS,129.09609,37.22379,11111000,2022,365,365,13.729041095890407,6.0761643835616415,0,0,,30.7,,,1991-2020_BASELINE_PENDING,PASS
878,AWS,129.09609,37.22379,11111000,2023,365,365,14.68575342465753,7.049315068493153,0,0,,32.7,,,1991-2020_BASELINE_PENDING,PASS
878,AWS,129.09609,37.22379,11111000,2024,91,91,3.1406593406593406,-3.926373626373628,0,0,,16.4,,,1991-2020_BASELINE_PENDING,INSUFFICIENT_DAYS
881,AWS,126.52885,35.72945,1111000,2021,360,360,17.527777777777793,11.279722222222217,4,22,,33.7,,,1991-2020_BASELINE_PENDING,PASS
881,AWS,126.52885,35.72945,1111000,2022,365,365,16.406575342465757,10.575890410958904,2,25,,34.5,,,1991-2020_BASELINE_PENDING,PASS
881,AWS,126.52885,35.72945,1111000,2023,363,363,17.25592286501378,11.206611570247924,0,15,,32.7,,,1991-2020_BASELINE_PENDING,PASS
881,AWS,126.52885,35.72945,1111000,2024,91,91,7.730769230769228,2.135164835164836,0,0,,17.8,,,1991-2020_BASELINE_PENDING,INSUFFICIENT_DAYS
882,AWS,126.60526,35.25255,1111000,2021,365,365,18.75424657534246,9.427123287671233,9,0,,34.7,,,1991-2020_BASELINE_PENDING,PASS
882,AWS,126.60526,35.25255,1111000,2022,365,365,18.13315068493151,8.98219178082192,2,14,,33.4,,,1991-2020_BASELINE_PENDING,PASS
882,AWS,126.60526,35.25255,1111000,2023,365,365,18.707945205479454,9.556712328767123,7,3,,34.6,,,1991-2020_BASELINE_PENDING,PASS
882,AWS,126.60526,35.25255,1111000,2024,91,91,8.760439560439563,0.3692307692307691,0,0,,21.1,,,1991-2020_BASELINE_PENDING,INSUFFICIENT_DAYS
883,AWS,126.35989,33.36233,1111000,2021,363,363,17.70192837465567,10.873278236914592,0,0,,31.3,,,1991-2020_BASELINE_PENDING,PASS
883,AWS,126.35989,33.36233,1111000,2022,365,365,17.159452054794514,10.277808219178082,0,3,,32.1,,,1991-2020_BASELINE_PENDING,PASS
883,AWS,126.35989,33.36233,1111000,2023,365,365,17.860821917808217,11.069315068493147,0,0,,31.5,,,1991-2020_BASELINE_PENDING,PASS
883,AWS,126.35989,33.36233,1111000,2024,90,90,9.711111111111114,3.218888888888889,0,0,,19.5,,,1991-2020_BASELINE_PENDING,INSUFFICIENT_DAYS
885,AWS,126.67846,33.33143,1111000,2021,363,363,18.90523415977963,12.0267217630854,0,0,,31.7,,,1991-2020_BASELINE_PENDING,PASS
885,AWS,126.67846,33.33143,1111000,2022,352,352,17.915625000000002,11.098295454545458,2,13,,34.3,,,1991-2020_BASELINE_PENDING,PASS
885,AWS,126.67846,33.33143,1111000,2023,359,359,17.617270194986066,10.355431754874651,0,6,,30.2,,,1991-2020_BASELINE_PENDING,PASS
885,AWS,126.67846,33.33143,1111000,2024,90,90,8.723333333333333,1.9222222222222225,0,0,,17.3,,,1991-2020_BASELINE_PENDING,INSUFFICIENT_DAYS
886,AWS,126.59117,35.95048,1111000,2021,365,365,18.637808219178087,10.13561643835617,13,11,,35.2,,,1991-2020_BASELINE_PENDING,PASS
886,AWS,126.59117,35.95048,1111000,2022,365,365,17.976986301369863,9.682465753424658,10,24,,35.5,,,1991-2020_BASELINE_PENDING,PASS
886,AWS,126.59117,35.95048,1111000,2023,363,363,18.69944903581266,10.342975206611575,15,22,,35.4,,,1991-2020_BASELINE_PENDING,PASS
886,AWS,126.59117,35.95048,1111000,2024,91,91,8.142857142857142,0.8802197802197803,0,0,,19.5,,,1991-2020_BASELINE_PENDING,INSUFFICIENT_DAYS
888,AWS,127.49074,36.46267,1111000,2021,365,365,18.6358904109589,9.416986301369862,18,6,,35.3,,,1991-2020_BASELINE_PENDING,PASS
888,AWS,127.49074,36.46267,1111000,2022,365,365,18.278356164383574,8.716164383561646,15,13,,35.1,,,1991-2020_BASELINE_PENDING,PASS
888,AWS,127.49074,36.46267,1111000,2023,365,365,19.09808219178082,9.572602739726024,21,7,,36,,,1991-2020_BASELINE_PENDING,PASS
888,AWS,127.49074,36.46267,1111000,2024,91,91,8.158241758241756,-0.25384615384615333,0,0,,20.3,,,1991-2020_BASELINE_PENDING,INSUFFICIENT_DAYS
889,AWS,126.97652,37.50036,1111000,2021,361,361,19.02160664819942,8.775346260387819,23,13,,38.1,,,1991-2020_BASELINE_PENDING,PASS
889,AWS,126.97652,37.50036,1111000,2022,365,365,18.479452054794525,8.284931506849317,15,18,,35.7,,,1991-2020_BASELINE_PENDING,PASS
889,AWS,126.97652,37.50036,1111000,2023,365,365,19.320273972602735,9.225479452054783,31,12,,37,,,1991-2020_BASELINE_PENDING,PASS
889,AWS,126.97652,37.50036,1111000,2024,89,89,8.203370786516853,-1.4157303370786505,0,0,,23.8,,,1991-2020_BASELINE_PENDING,INSUFFICIENT_DAYS
890,AWS,126.73362,33.38535,1111000,2021,364,364,18.36785714285714,11.517857142857151,0,0,,31,,,1991-2020_BASELINE_PENDING,PASS
890,AWS,126.73362,33.38535,1111000,2022,365,365,17.830136986301373,10.969589041095887,0,6,,31.8,,,1991-2020_BASELINE_PENDING,PASS
890,AWS,126.73362,33.38535,1111000,2023,364,364,18.656318681318666,11.49945054945055,0,6,,31,,,1991-2020_BASELINE_PENDING,PASS
890,AWS,126.73362,33.38535,1111000,2024,88,88,10.389772727272733,3.6454545454545455,0,0,,20.1,,,1991-2020_BASELINE_PENDING,INSUFFICIENT_DAYS
892,AWS,126.85127,33.45011,1111000,2021,363,363,19.393112947658405,12.900275482093669,0,14,,31.5,,,1991-2020_BASELINE_PENDING,PASS
892,AWS,126.85127,33.45011,1111000,2022,365,365,18.93506849315067,12.521369863013708,3,23,,33.8,,,1991-2020_BASELINE_PENDING,PASS
892,AWS,126.85127,33.45011,1111000,2023,365,365,19.62794520547944,12.81863013698631,0,27,,31.6,,,1991-2020_BASELINE_PENDING,PASS
892,AWS,126.85127,33.45011,1111000,2024,91,91,11.563736263736269,5.128571428571429,0,0,,20.3,,,1991-2020_BASELINE_PENDING,INSUFFICIENT_DAYS
893,AWS,126.32745,33.46592,1111000,2021,365,365,19.728493150684926,13.904109589041099,0,27,,32.9,,,1991-2020_BASELINE_PENDING,PASS
893,AWS,126.32745,33.46592,1111000,2022,362,362,19.15469613259667,13.46160220994475,9,39,,33.8,,,1991-2020_BASELINE_PENDING,PASS
893,AWS,126.32745,33.46592,1111000,2023,365,365,19.72438356164384,13.754246575342474,2,29,,34,,,1991-2020_BASELINE_PENDING,PASS
893,AWS,126.32745,33.46592,1111000,2024,91,91,12.071428571428571,6.516483516483516,0,0,,21.7,,,1991-2020_BASELINE_PENDING,INSUFFICIENT_DAYS
898,AWS,129.386,35.50482,11111000,2021,365,365,20.16082191780823,13.049589041095889,3,22,,35.9,,,1991-2020_BASELINE_PENDING,PASS
898,AWS,129.386,35.50482,11111000,2022,365,365,19.31698630136987,11.94986301369863,5,9,,34.6,,,1991-2020_BASELINE_PENDING,PASS
898,AWS,129.386,35.50482,11111000,2023,365,365,18.92712328767123,11.721369863013697,4,12,,34.8,,,1991-2020_BASELINE_PENDING,PASS
898,AWS,129.386,35.50482,11111000,2024,91,91,10.118681318681318,2.936263736263736,0,0,,21.9,,,1991-2020_BASELINE_PENDING,INSUFFICIENT_DAYS
899,AWS,128.58215,35.22354,11111000,2021,365,365,19.904109589041113,11.461369863013692,6,13,,35.1,,,1991-2020_BASELINE_PENDING,PASS
899,AWS,128.58215,35.22354,11111000,2022,365,365,19.71616438356165,11.316712328767117,8,27,,34.1,,,1991-2020_BASELINE_PENDING,PASS
899,AWS,128.58215,35.22354,11111000,2023,365,365,20.138904109589042,11.810136986301377,15,29,,35.7,,,1991-2020_BASELINE_PENDING,PASS
899,AWS,128.58215,35.22354,11111000,2024,90,90,10.850000000000001,2.6511111111111108,0,0,,22.6,,,1991-2020_BASELINE_PENDING,INSUFFICIENT_DAYS
900,AWS,129.14356,35.62027,1111000,2021,365,365,19.029315068493144,8.964931506849322,4,0,,33.9,,,1991-2020_BASELINE_PENDING,PASS
900,AWS,129.14356,35.62027,1111000,2022,363,363,19.017079889807164,8.497245179063365,9,9,,34.6,,,1991-2020_BASELINE_PENDING,PASS
900,AWS,129.14356,35.62027,1111000,2023,365,365,19.420273972602736,9.021369863013696,8,1,,34.5,,,1991-2020_BASELINE_PENDING,PASS
900,AWS,129.14356,35.62027,1111000,2024,91,91,9.946153846153841,0.3901098901098903,0,0,,23.4,,,1991-2020_BASELINE_PENDING,INSUFFICIENT_DAYS
901,AWS,129.43531,35.48678,1111000,2021,362,362,18.912430939226514,12.749723756906073,2,19,,33.6,,,1991-2020_BASELINE_PENDING,PASS
901,AWS,129.43531,35.48678,1111000,2022,363,363,18.07382920110192,11.787052341597798,0,2,,30.4,,,1991-2020_BASELINE_PENDING,PASS
901,AWS,129.43531,35.48678,1111000,2023,365,365,18.242465753424653,12.323561643835607,0,8,,31.8,,,1991-2020_BASELINE_PENDING,PASS
901,AWS,129.43531,35.48678,1111000,2024,91,91,10.310989010989008,3.7197802197802203,0,0,,20.2,,,1991-2020_BASELINE_PENDING,INSUFFICIENT_DAYS
902,AWS,127.81897,35.24229,1111000,2021,365,365,19.872054794520555,7.7315068493150685,7,0,,35.2,,,1991-2020_BASELINE_PENDING,PASS
902,AWS,127.81897,35.24229,1111000,2022,365,365,19.890958904109585,7.066027397260274,7,1,,34.9,,,1991-2020_BASELINE_PENDING,PASS
902,AWS,127.81897,35.24229,1111000,2023,364,364,20.372252747252745,7.8565934065934,14,0,,35.2,,,1991-2020_BASELINE_PENDING,PASS
902,AWS,127.81897,35.24229,1111000,2024,91,91,10.906593406593402,-1.4340659340659356,0,0,,23.5,,,1991-2020_BASELINE_PENDING,INSUFFICIENT_DAYS
903,AWS,128.51486,35.40387,1111000,2021,364,364,20.196153846153834,8.476098901098906,17,2,,36.7,,,1991-2020_BASELINE_PENDING,PASS
903,AWS,128.51486,35.40387,1111000,2022,365,365,20.290684931506856,7.980821917808217,24,18,,35.9,,,1991-2020_BASELINE_PENDING,PASS
903,AWS,128.51486,35.40387,1111000,2023,365,365,20.67780821917809,8.949315068493151,26,6,,37.3,,,1991-2020_BASELINE_PENDING,PASS
903,AWS,128.51486,35.40387,1111000,2024,91,91,10.8989010989011,-0.39010989010989017,0,0,,24,,,1991-2020_BASELINE_PENDING,INSUFFICIENT_DAYS
904,AWS,128.97505,35.16944,1111000,2021,362,362,19.734530386740307,11.05359116022099,5,16,,36.7,,,1991-2020_BASELINE_PENDING,PASS
904,AWS,128.97505,35.16944,1111000,2022,365,365,19.481917808219176,10.573150684931504,3,24,,33.9,,,1991-2020_BASELINE_PENDING,PASS
904,AWS,128.97505,35.16944,1111000,2023,365,365,20.05178082191782,11.223013698630131,11,18,,35.1,,,1991-2020_BASELINE_PENDING,PASS
904,AWS,128.97505,35.16944,1111000,2024,91,91,10.976923076923075,2.115384615384616,0,0,,21.2,,,1991-2020_BASELINE_PENDING,INSUFFICIENT_DAYS
905,AWS,129.04288,35.4414,1111000,2021,364,364,19.349725274725277,9.093681318681321,9,0,,35.5,,,1991-2020_BASELINE_PENDING,PASS
905,AWS,129.04288,35.4414,1111000,2022,365,365,19.701643835616444,8.920273972602743,14,10,,35,,,1991-2020_BASELINE_PENDING,PASS
905,AWS,129.04288,35.4414,1111000,2023,365,365,20.2178082191781,9.541643835616426,12,3,,35.4,,,1991-2020_BASELINE_PENDING,PASS
905,AWS,129.04288,35.4414,1111000,2024,91,91,10.641758241758243,0.3824175824175824,0,0,,24.1,,,1991-2020_BASELINE_PENDING,INSUFFICIENT_DAYS
906,AWS,127.64269,35.23236,1111000,2021,364,364,20.410989010989017,8.700549450549447,20,0,,37.1,,,1991-2020_BASELINE_PENDING,PASS
906,AWS,127.64269,35.23236,1111000,2022,365,365,20.241369863013688,8.13698630136987,15,1,,34.8,,,1991-2020_BASELINE_PENDING,PASS
906,AWS,127.64269,35.23236,1111000,2023,365,365,20.602465753424656,8.741369863013706,18,0,,36.5,,,1991-2020_BASELINE_PENDING,PASS
906,AWS,127.64269,35.23236,1111000,2024,91,91,10.906593406593405,0.05164835164835185,0,0,,24.2,,,1991-2020_BASELINE_PENDING,INSUFFICIENT_DAYS
907,AWS,128.06313,34.93211,1111000,2021,365,365,19.374794520547944,11.629589041095894,4,7,,33.7,,,1991-2020_BASELINE_PENDING,PASS
907,AWS,128.06313,34.93211,1111000,2022,363,363,19.103856749311305,11.289531680440767,2,16,,33,,,1991-2020_BASELINE_PENDING,PASS
907,AWS,128.06313,34.93211,1111000,2023,365,365,19.296712328767125,11.60493150684931,4,5,,34.2,,,1991-2020_BASELINE_PENDING,PASS
907,AWS,128.06313,34.93211,1111000,2024,91,91,10.37032967032967,2.8472527472527474,0,0,,19.9,,,1991-2020_BASELINE_PENDING,INSUFFICIENT_DAYS
908,AWS,128.7537,35.11221,1111000,2021,364,364,19.52857142857142,10.317032967032974,3,8,,33.9,,,1991-2020_BASELINE_PENDING,PASS
908,AWS,128.7537,35.11221,1111000,2022,361,361,19.361218836565097,9.724099722991687,1,18,,33.1,,,1991-2020_BASELINE_PENDING,PASS
908,AWS,128.7537,35.11221,1111000,2023,364,364,19.803571428571423,10.028571428571423,6,1,,34.8,,,1991-2020_BASELINE_PENDING,PASS
908,AWS,128.7537,35.11221,1111000,2024,91,91,10.79010989010989,1.4989010989010993,0,0,,21,,,1991-2020_BASELINE_PENDING,INSUFFICIENT_DAYS
909,AWS,128.73825,34.78774,1111000,2021,364,364,17.915384615384607,13.206043956043962,0,19,,30.8,,,1991-2020_BASELINE_PENDING,PASS
909,AWS,128.73825,34.78774,1111000,2022,364,364,17.508516483516477,12.773626373626362,0,12,,30.3,,,1991-2020_BASELINE_PENDING,PASS
909,AWS,128.73825,34.78774,1111000,2023,363,363,18.216253443526163,13.414049586776853,2,22,,34.1,,,1991-2020_BASELINE_PENDING,PASS
909,AWS,128.73825,34.78774,1111000,2024,91,91,10.213186813186818,4.927472527472528,0,0,,18.3,,,1991-2020_BASELINE_PENDING,INSUFFICIENT_DAYS
910,AWS,129.07421,35.06609,1111000,2021,346,346,18.583236994219668,12.43352601156069,0,8,,32.2,,,1991-2020_BASELINE_PENDING,PASS
910,AWS,129.07421,35.06609,1111000,2022,361,361,18.04459833795015,11.850692520775615,0,12,,30.8,,,1991-2020_BASELINE_PENDING,PASS
910,AWS,129.07421,35.06609,1111000,2023,360,360,18.548055555555557,12.733888888888876,0,21,,32.2,,,1991-2020_BASELINE_PENDING,PASS
910,AWS,129.07421,35.06609,1111000,2024,91,91,10.16923076923077,3.865934065934066,0,0,,19.9,,,1991-2020_BASELINE_PENDING,INSUFFICIENT_DAYS
911,AWS,128.57714,34.64893,1111000,2021,352,352,18.070170454545455,13.831250000000006,0,18,,31.3,,,1991-2020_BASELINE_PENDING,PASS
911,AWS,128.57714,34.64893,1111000,2022,362,362,17.768232044198893,13.050828729281765,0,14,,30.9,,,1991-2020_BASELINE_PENDING,PASS
911,AWS,128.57714,34.64893,1111000,2023,365,365,18.549863013698634,13.788493150684934,0,27,,32.3,,,1991-2020_BASELINE_PENDING,PASS
911,AWS,128.57714,34.64893,1111000,2024,91,91,10.420879120879121,5.612087912087909,0,0,,17.3,,,1991-2020_BASELINE_PENDING,INSUFFICIENT_DAYS
912,AWS,127.77836,35.52627,1111000,2021,365,365,19.686301369863006,8.264109589041094,10,0,,35.6,,,1991-2020_BASELINE_PENDING,PASS
912,AWS,127.77836,35.52627,1111000,2022,365,365,19.722739726027402,7.506027397260271,9,2,,34.3,,,1991-2020_BASELINE_PENDING,PASS
912,AWS,127.77836,35.52627,1111000,2023,365,365,20.12904109589041,8.347397260273972,14,0,,36.2,,,1991-2020_BASELINE_PENDING,PASS
912,AWS,127.77836,35.52627,1111000,2024,91,91,10.059340659340661,-0.8604395604395596,0,0,,24,,,1991-2020_BASELINE_PENDING,INSUFFICIENT_DAYS
913,AWS,127.98155,34.7238,1111000,2021,365,365,19.466575342465745,11.556164383561649,3,15,,34.1,,,1991-2020_BASELINE_PENDING,PASS
913,AWS,127.98155,34.7238,1111000,2022,363,363,18.80991735537191,11.18209366391185,1,22,,33.3,,,1991-2020_BASELINE_PENDING,PASS
913,AWS,127.98155,34.7238,1111000,2023,365,365,18.909315068493147,11.512876712328763,2,8,,34.1,,,1991-2020_BASELINE_PENDING,PASS
913,AWS,127.98155,34.7238,1111000,2024,91,91,10.20989010989011,2.96923076923077,0,0,,19.3,,,1991-2020_BASELINE_PENDING,INSUFFICIENT_DAYS
914,AWS,127.71556,35.63763,1111000,2021,365,365,17.921917808219177,7.719178082191782,0,0,,32.5,,,1991-2020_BASELINE_PENDING,PASS
914,AWS,127.71556,35.63763,1111000,2022,365,365,18.073150684931495,7.105479452054794,0,1,,32.5,,,1991-2020_BASELINE_PENDING,PASS
914,AWS,127.71556,35.63763,1111000,2023,365,365,18.61452054794521,7.923287671232885,1,0,,33,,,1991-2020_BASELINE_PENDING,PASS
914,AWS,127.71556,35.63763,1111000,2024,91,91,8.765934065934065,-0.7153846153846153,0,0,,21.5,,,1991-2020_BASELINE_PENDING,INSUFFICIENT_DAYS
915,AWS,128.10178,35.41353,1111000,2021,365,365,19.798082191780818,7.6041095890410935,6,0,,35.5,,,1991-2020_BASELINE_PENDING,PASS
915,AWS,128.10178,35.41353,1111000,2022,365,365,19.893698630136978,6.90794520547945,12,7,,34.4,,,1991-2020_BASELINE_PENDING,PASS
915,AWS,128.10178,35.41353,1111000,2023,365,365,20.182191780821917,7.909315068493154,12,1,,35.8,,,1991-2020_BASELINE_PENDING,PASS
915,AWS,128.10178,35.41353,1111000,2024,91,91,10.41758241758242,-1.605494505494505,0,0,,23.6,,,1991-2020_BASELINE_PENDING,INSUFFICIENT_DAYS
916,AWS,127.96696,35.31111,1111000,2021,365,365,19.6345205479452,8.88219178082192,6,1,,34.5,,,1991-2020_BASELINE_PENDING,PASS
916,AWS,127.96696,35.31111,1111000,2022,365,365,19.79178082191781,8.64657534246576,7,2,,33.7,,,1991-2020_BASELINE_PENDING,PASS
916,AWS,127.96696,35.31111,1111000,2023,365,365,20.664109589041104,9.895342465753425,14,8,,35.5,,,1991-2020_BASELINE_PENDING,PASS
916,AWS,127.96696,35.31111,1111000,2024,91,91,11.414285714285718,1.134065934065934,0,0,,24.5,,,1991-2020_BASELINE_PENDING,INSUFFICIENT_DAYS
917,AWS,128.06768,35.03694,1111000,2021,365,365,20.609863013698632,9.687123287671236,18,3,,36.6,,,1991-2020_BASELINE_PENDING,PASS
917,AWS,128.06768,35.03694,1111000,2022,363,363,20.087603305785127,8.773002754820938,17,20,,35.8,,,1991-2020_BASELINE_PENDING,PASS
917,AWS,128.06768,35.03694,1111000,2023,365,365,19.90356164383561,8.97890410958904,10,1,,36.1,,,1991-2020_BASELINE_PENDING,PASS
917,AWS,128.06768,35.03694,1111000,2024,91,91,10.35824175824176,-0.5890109890109891,0,0,,21.7,,,1991-2020_BASELINE_PENDING,INSUFFICIENT_DAYS
918,AWS,128.33089,34.99052,1111000,2021,364,364,19.50137362637362,9.422527472527472,4,6,,34.8,,,1991-2020_BASELINE_PENDING,PASS
918,AWS,128.33089,34.99052,1111000,2022,365,365,19.229041095890405,9.04191780821918,0,14,,32.4,,,1991-2020_BASELINE_PENDING,PASS
918,AWS,128.33089,34.99052,1111000,2023,365,365,19.649315068493152,9.76465753424658,8,5,,34.6,,,1991-2020_BASELINE_PENDING,PASS
918,AWS,128.33089,34.99052,1111000,2024,91,91,10.53186813186813,0.5494505494505497,0,0,,21.1,,,1991-2020_BASELINE_PENDING,INSUFFICIENT_DAYS
919,AWS,128.47669,35.55142,1111000,2021,363,363,20.341046831955918,9.038567493112952,19,1,,36.9,,,1991-2020_BASELINE_PENDING,PASS
919,AWS,128.47669,35.55142,1111000,2022,365,365,20.374794520547944,8.719452054794525,23,22,,35.6,,,1991-2020_BASELINE_PENDING,PASS
919,AWS,128.47669,35.55142,1111000,2023,365,365,20.733150684931513,9.445479452054794,20,11,,36.3,,,1991-2020_BASELINE_PENDING,PASS
919,AWS,128.47669,35.55142,1111000,2024,91,91,10.77362637362637,-0.19890109890109844,0,0,,23.5,,,1991-2020_BASELINE_PENDING,INSUFFICIENT_DAYS
920,AWS,128.39942,35.29613,1111000,2021,365,365,20.05506849315068,8.132602739726028,10,1,,36.2,,,1991-2020_BASELINE_PENDING,PASS
920,AWS,128.39942,35.29613,1111000,2022,365,365,19.980821917808207,7.453972602739724,8,14,,35,,,1991-2020_BASELINE_PENDING,PASS
920,AWS,128.39942,35.29613,1111000,2023,365,365,20.260273972602736,8.45205479452055,11,5,,35.4,,,1991-2020_BASELINE_PENDING,PASS
920,AWS,128.39942,35.29613,1111000,2024,91,91,10.531868131868132,-0.9560439560439562,0,0,,24,,,1991-2020_BASELINE_PENDING,INSUFFICIENT_DAYS
921,AWS,128.83141,34.99308,1111000,2021,365,365,19.007945205479462,12.887671232876714,2,16,,33.4,,,1991-2020_BASELINE_PENDING,PASS
921,AWS,128.83141,34.99308,1111000,2022,364,364,18.935439560439555,12.461263736263735,3,16,,34.1,,,1991-2020_BASELINE_PENDING,PASS
921,AWS,128.83141,34.99308,1111000,2023,365,365,19.38191780821919,12.991506849315073,3,22,,33.4,,,1991-2020_BASELINE_PENDING,PASS
921,AWS,128.83141,34.99308,1111000,2024,91,91,10.987912087912086,4.252747252747254,0,0,,20.3,,,1991-2020_BASELINE_PENDING,INSUFFICIENT_DAYS
922,AWS,128.92911,35.48645,1111000,2021,365,365,19.704383561643823,8.371506849315066,8,0,,35.2,,,1991-2020_BASELINE_PENDING,PASS
922,AWS,128.92911,35.48645,1111000,2022,363,363,19.538016528925617,7.991735537190089,11,11,,35,,,1991-2020_BASELINE_PENDING,PASS
922,AWS,128.92911,35.48645,1111000,2023,365,365,19.738904109589054,8.619178082191782,11,0,,35,,,1991-2020_BASELINE_PENDING,PASS
922,AWS,128.92911,35.48645,1111000,2024,91,91,10.20659340659341,-0.11648351648351658,0,0,,23.3,,,1991-2020_BASELINE_PENDING,INSUFFICIENT_DAYS
923,AWS,129.25113,35.27505,1111000,2021,364,364,19.181318681318686,12.012637362637353,0,10,,32.6,,,1991-2020_BASELINE_PENDING,PASS
923,AWS,129.25113,35.27505,1111000,2022,365,365,18.961095890410963,11.785205479452053,6,15,,34,,,1991-2020_BASELINE_PENDING,PASS
923,AWS,129.25113,35.27505,1111000,2023,365,365,19.509315068493162,12.351506849315056,0,13,,32.5,,,1991-2020_BASELINE_PENDING,PASS
923,AWS,129.25113,35.27505,1111000,2024,91,91,10.931868131868132,3.432967032967033,0,0,,21.3,,,1991-2020_BASELINE_PENDING,INSUFFICIENT_DAYS
924,AWS,129.36028,35.35866,1111000,2021,365,365,17.97698630136986,12.425753424657545,0,15,,31.5,,,1991-2020_BASELINE_PENDING,PASS
924,AWS,129.36028,35.35866,1111000,2022,365,365,17.24684931506849,11.579178082191772,0,1,,29,,,1991-2020_BASELINE_PENDING,PASS
924,AWS,129.36028,35.35866,1111000,2023,356,356,18.009550561797745,12.512078651685396,0,13,,30.2,,,1991-2020_BASELINE_PENDING,PASS
924,AWS,129.36028,35.35866,1111000,2024,91,91,10.415384615384616,4.389010989010988,0,0,,22.2,,,1991-2020_BASELINE_PENDING,INSUFFICIENT_DAYS
925,AWS,128.82299,35.37435,1111000,2021,365,365,20.26356164383561,9.029315068493151,19,1,,36.3,,,1991-2020_BASELINE_PENDING,PASS
925,AWS,128.82299,35.37435,1111000,2022,365,365,20.164931506849314,8.652054794520547,18,15,,34.7,,,1991-2020_BASELINE_PENDING,PASS
925,AWS,128.82299,35.37435,1111000,2023,365,365,20.429315068493146,9.327945205479455,16,2,,35.3,,,1991-2020_BASELINE_PENDING,PASS
925,AWS,128.82299,35.37435,1111000,2024,91,91,10.834065934065935,0.2076923076923076,0,0,,24.1,,,1991-2020_BASELINE_PENDING,INSUFFICIENT_DAYS
926,AWS,128.47483,35.12624,1111000,2021,360,360,19.674722222222226,9.504722222222215,4,3,,33.9,,,1991-2020_BASELINE_PENDING,PASS
926,AWS,128.47483,35.12624,1111000,2022,365,365,19.51835616438358,9.278356164383556,3,16,,33.4,,,1991-2020_BASELINE_PENDING,PASS
926,AWS,128.47483,35.12624,1111000,2023,365,365,19.85479452054794,9.823287671232874,10,5,,34.7,,,1991-2020_BASELINE_PENDING,PASS
926,AWS,128.47483,35.12624,1111000,2024,91,91,10.724175824175823,0.9516483516483519,0,0,,21.7,,,1991-2020_BASELINE_PENDING,INSUFFICIENT_DAYS
927,AWS,128.88365,35.58197,1111000,2021,365,365,19.75178082191781,7.826027397260276,15,0,,37.8,,,1991-2020_BASELINE_PENDING,PASS
927,AWS,128.88365,35.58197,1111000,2022,365,365,19.715890410958906,7.358356164383562,13,9,,34.4,,,1991-2020_BASELINE_PENDING,PASS
927,AWS,128.88365,35.58197,1111000,2023,365,365,20.27424657534247,8.198630136986303,14,1,,37.5,,,1991-2020_BASELINE_PENDING,PASS
927,AWS,128.88365,35.58197,1111000,2024,91,91,10.369230769230771,-0.8153846153846156,0,0,,23.7,,,1991-2020_BASELINE_PENDING,INSUFFICIENT_DAYS
929,AWS,128.30701,35.11369,1111000,2021,365,365,19.02356164383559,8.498904109589041,2,0,,33.9,,,1991-2020_BASELINE_PENDING,PASS
929,AWS,128.30701,35.11369,1111000,2022,365,365,18.976712328767118,8.039178082191778,1,11,,33.8,,,1991-2020_BASELINE_PENDING,PASS
929,AWS,128.30701,35.11369,1111000,2023,365,365,19.19534246575342,8.683287671232884,6,2,,34,,,1991-2020_BASELINE_PENDING,PASS
929,AWS,128.30701,35.11369,1111000,2024,91,91,9.858241758241759,-0.0857142857142856,0,0,,22.4,,,1991-2020_BASELINE_PENDING,INSUFFICIENT_DAYS
930,AWS,128.23814,34.80992,1111000,2021,365,365,19.556986301369857,11.230958904109592,5,15,,35.1,,,1991-2020_BASELINE_PENDING,PASS
930,AWS,128.23814,34.80992,1111000,2022,365,365,19.14356164383562,10.69753424657535,2,17,,33.2,,,1991-2020_BASELINE_PENDING,PASS
930,AWS,128.23814,34.80992,1111000,2023,351,351,19.267236467236476,10.964957264957265,4,13,,34.3,,,1991-2020_BASELINE_PENDING,PASS
930,AWS,128.23814,34.80992,1111000,2024,91,91,10.550549450549449,2.5780219780219777,0,0,,20.2,,,1991-2020_BASELINE_PENDING,INSUFFICIENT_DAYS
931,AWS,128.27351,34.6223,1111000,2021,362,362,18.4085635359116,13.267679558011052,0,22,,32.6,,,1991-2020_BASELINE_PENDING,PASS
931,AWS,128.27351,34.6223,1111000,2022,363,363,17.832231404958662,12.761707988980715,0,15,,30.8,,,1991-2020_BASELINE_PENDING,PASS
931,AWS,128.27351,34.6223,1111000,2023,363,363,18.537741046831954,13.302203856749315,0,19,,32.6,,,1991-2020_BASELINE_PENDING,PASS
931,AWS,128.27351,34.6223,1111000,2024,91,91,10.216483516483516,4.714285714285716,0,0,,18.4,,,1991-2020_BASELINE_PENDING,INSUFFICIENT_DAYS
932,AWS,127.76664,35.06058,1111000,2021,365,365,20.496438356164383,9.984931506849303,12,4,,35.2,,,1991-2020_BASELINE_PENDING,PASS
932,AWS,127.76664,35.06058,1111000,2022,365,365,20.375890410958892,9.39260273972603,9,18,,35,,,1991-2020_BASELINE_PENDING,PASS
932,AWS,127.76664,35.06058,1111000,2023,363,363,20.7931129476584,10.145730027548204,13,8,,35.9,,,1991-2020_BASELINE_PENDING,PASS
932,AWS,127.76664,35.06058,1111000,2024,91,91,11.501098901098905,1.1010989010989012,0,0,,22.5,,,1991-2020_BASELINE_PENDING,INSUFFICIENT_DAYS
933,AWS,127.83238,34.99676,1111000,2021,362,362,19.620994475138126,8.120994475138133,4,2,,35,,,1991-2020_BASELINE_PENDING,PASS
933,AWS,127.83238,34.99676,1111000,2022,365,365,19.68684931506849,7.617260273972602,5,11,,34.2,,,1991-2020_BASELINE_PENDING,PASS
933,AWS,127.83238,34.99676,1111000,2023,365,365,20.046575342465754,8.519452054794527,12,0,,35.3,,,1991-2020_BASELINE_PENDING,PASS
933,AWS,127.83238,34.99676,1111000,2024,91,91,10.643956043956043,-0.6494505494505494,0,0,,20.8,,,1991-2020_BASELINE_PENDING,INSUFFICIENT_DAYS
934,AWS,127.92848,35.2214,1111000,2021,365,365,20.24712328767125,7.958356164383556,13,2,,36.1,,,1991-2020_BASELINE_PENDING,PASS
934,AWS,127.92848,35.2214,1111000,2022,363,363,20.047933884297503,7.134710743801648,13,10,,35.3,,,1991-2020_BASELINE_PENDING,PASS
934,AWS,127.92848,35.2214,1111000,2023,365,365,19.923835616438364,7.908219178082194,10,1,,35.8,,,1991-2020_BASELINE_PENDING,PASS
934,AWS,127.92848,35.2214,1111000,2024,91,91,10.468131868131865,-1.5164835164835164,0,0,,23.4,,,1991-2020_BASELINE_PENDING,INSUFFICIENT_DAYS
935,AWS,128.34114,35.56979,1111000,2021,365,365,20.058082191780823,8.248493150684931,17,0,,37.1,,,1991-2020_BASELINE_PENDING,PASS
935,AWS,128.34114,35.56979,1111000,2022,365,365,20.036438356164393,7.739726027397261,23,8,,35.4,,,1991-2020_BASELINE_PENDING,PASS
935,AWS,128.34114,35.56979,1111000,2023,365,365,20.345753424657513,8.667397260273976,18,3,,37,,,1991-2020_BASELINE_PENDING,PASS
935,AWS,128.34114,35.56979,1111000,2024,91,91,10.389010989010988,-0.8670329670329673,0,0,,23.5,,,1991-2020_BASELINE_PENDING,INSUFFICIENT_DAYS
936,AWS,128.2023,35.33263,1111000,2021,362,362,19.77182320441989,8.275966850828725,10,1,,35.7,,,1991-2020_BASELINE_PENDING,PASS
936,AWS,128.2023,35.33263,1111000,2022,363,363,19.733884297520678,7.7038567493113,9,13,,34.7,,,1991-2020_BASELINE_PENDING,PASS
936,AWS,128.2023,35.33263,1111000,2023,364,364,20.049450549450547,8.686813186813184,10,4,,35.3,,,1991-2020_BASELINE_PENDING,PASS
936,AWS,128.2023,35.33263,1111000,2024,91,91,10.457142857142856,-0.5813186813186813,0,0,,23.8,,,1991-2020_BASELINE_PENDING,INSUFFICIENT_DAYS
937,AWS,129.16068,35.17721,1111000,2021,365,365,19.890958904109596,11.46575342465753,1,3,,33.3,,,1991-2020_BASELINE_PENDING,PASS
937,AWS,129.16068,35.17721,1111000,2022,365,365,19.878356164383575,11.046575342465758,3,18,,33.6,,,1991-2020_BASELINE_PENDING,PASS
937,AWS,129.16068,35.17721,1111000,2023,363,363,20.77217630853994,11.453719008264464,10,5,,34.8,,,1991-2020_BASELINE_PENDING,PASS
937,AWS,129.16068,35.17721,1111000,2024,91,91,12.728571428571428,2.4736263736263737,0,0,,23.5,,,1991-2020_BASELINE_PENDING,INSUFFICIENT_DAYS
938,AWS,129.01929,35.15888,1111000,2021,365,365,19.235342465753412,11.215890410958899,5,9,,35.1,,,1991-2020_BASELINE_PENDING,PASS
938,AWS,129.01929,35.15888,1111000,2022,365,365,19.201095890410947,10.869315068493158,5,19,,34,,,1991-2020_BASELINE_PENDING,PASS
938,AWS,129.01929,35.15888,1111000,2023,365,365,19.586301369863005,11.442739726027389,11,13,,35.1,,,1991-2020_BASELINE_PENDING,PASS
938,AWS,129.01929,35.15888,1111000,2024,91,91,10.350549450549451,2.2890109890109893,0,0,,22.4,,,1991-2020_BASELINE_PENDING,INSUFFICIENT_DAYS
939,AWS,129.10348,35.2932,1111000,2021,365,365,19.906849315068477,9.415890410958902,9,2,,35.1,,,1991-2020_BASELINE_PENDING,PASS
939,AWS,129.10348,35.2932,1111000,2022,364,364,20.03434065934066,8.951098901098902,14,16,,35.6,,,1991-2020_BASELINE_PENDING,PASS
939,AWS,129.10348,35.2932,1111000,2023,364,364,20.42774725274725,9.562912087912084,14,6,,35.5,,,1991-2020_BASELINE_PENDING,PASS
939,AWS,129.10348,35.2932,1111000,2024,91,91,10.919780219780215,0.4813186813186813,0,0,,23.8,,,1991-2020_BASELINE_PENDING,INSUFFICIENT_DAYS
940,AWS,129.09013,35.20914,1111000,2021,364,364,19.760439560439565,11.593681318681318,7,10,,35.2,,,1991-2020_BASELINE_PENDING,PASS
940,AWS,129.09013,35.20914,1111000,2022,360,360,19.57444444444444,11.243333333333325,11,19,,35,,,1991-2020_BASELINE_PENDING,PASS
940,AWS,129.09013,35.20914,1111000,2023,365,365,19.79917808219179,11.754246575342462,8,10,,35.1,,,1991-2020_BASELINE_PENDING,PASS
940,AWS,129.09013,35.20914,1111000,2024,91,91,10.71978021978022,2.8428571428571434,0,0,,22.7,,,1991-2020_BASELINE_PENDING,INSUFFICIENT_DAYS
941,AWS,129.00258,35.21304,1111000,2021,365,365,20.141917808219162,11.604383561643841,10,17,,36.3,,,1991-2020_BASELINE_PENDING,PASS
941,AWS,129.00258,35.21304,1111000,2022,364,364,20.115384615384624,11.128296703296705,11,26,,34.5,,,1991-2020_BASELINE_PENDING,PASS
941,AWS,129.00258,35.21304,1111000,2023,365,365,20.549315068493154,11.644383561643833,14,22,,35.6,,,1991-2020_BASELINE_PENDING,PASS
941,AWS,129.00258,35.21304,1111000,2024,91,91,11.337362637362636,2.512087912087912,0,0,,23.1,,,1991-2020_BASELINE_PENDING,INSUFFICIENT_DAYS
942,AWS,129.08841,35.11863,1111000,2021,364,364,18.848351648351652,12.124450549450547,0,12,,32.9,,,1991-2020_BASELINE_PENDING,PASS
942,AWS,129.08841,35.11863,1111000,2022,361,361,18.988642659279787,11.834626038781161,0,16,,32.8,,,1991-2020_BASELINE_PENDING,PASS
942,AWS,129.08841,35.11863,1111000,2023,365,365,19.343835616438355,12.273698630136987,1,16,,33.9,,,1991-2020_BASELINE_PENDING,PASS
942,AWS,129.08841,35.11863,1111000,2024,91,91,10.548351648351646,3.4109890109890113,0,0,,20.4,,,1991-2020_BASELINE_PENDING,INSUFFICIENT_DAYS
943,AWS,129.37502,35.66706,1111000,2021,301,301,16.300332225913625,9.07441860465116,0,0,,30.6,,,1991-2020_BASELINE_PENDING,PASS
943,AWS,129.37502,35.66706,1111000,2022,365,365,15.970958904109589,8.829589041095897,0,1,,32.2,,,1991-2020_BASELINE_PENDING,PASS
943,AWS,129.37502,35.66706,1111000,2023,365,365,16.61397260273973,9.532876712328767,0,0,,31.8,,,1991-2020_BASELINE_PENDING,PASS
943,AWS,129.37502,35.66706,1111000,2024,91,91,7.012087912087911,-0.11868131868131883,0,0,,20.3,,,1991-2020_BASELINE_PENDING,INSUFFICIENT_DAYS
944,AWS,128.57005,35.38516,1111000,2021,364,364,20.533791208791218,9.31620879120879,19,2,,37.4,,,1991-2020_BASELINE_PENDING,PASS
944,AWS,128.57005,35.38516,1111000,2022,363,363,20.400550964187328,8.818457300275485,23,20,,36.1,,,1991-2020_BASELINE_PENDING,PASS
944,AWS,128.57005,35.38516,1111000,2023,365,365,20.520273972602737,9.438904109589037,18,2,,36.5,,,1991-2020_BASELINE_PENDING,PASS
944,AWS,128.57005,35.38516,1111000,2024,91,91,10.8978021978022,0.4175824175824176,0,0,,23.9,,,1991-2020_BASELINE_PENDING,INSUFFICIENT_DAYS
945,AWS,127.9901,35.53452,1111000,2021,362,362,18.6585635359116,8.830939226519344,7,0,,35.1,,,1991-2020_BASELINE_PENDING,PASS
945,AWS,127.9901,35.53452,1111000,2022,365,365,18.864109589041096,8.408493150684933,6,2,,34,,,1991-2020_BASELINE_PENDING,PASS
945,AWS,127.9901,35.53452,1111000,2023,360,360,19.24444444444445,8.928333333333331,11,0,,34.6,,,1991-2020_BASELINE_PENDING,PASS
945,AWS,127.9901,35.53452,1111000,2024,91,91,9.380219780219782,0.14395604395604464,0,0,,23.2,,,1991-2020_BASELINE_PENDING,INSUFFICIENT_DAYS
946,AWS,127.81826,35.78,1111000,2021,363,363,18.60991735537189,7.145179063360887,8,0,,34.8,,,1991-2020_BASELINE_PENDING,PASS
946,AWS,127.81826,35.78,1111000,2022,365,365,18.351232876712317,5.972602739726025,9,0,,33.9,,,1991-2020_BASELINE_PENDING,PASS
946,AWS,127.81826,35.78,1111000,2023,363,363,18.926721763085403,6.881818181818186,9,0,,34.8,,,1991-2020_BASELINE_PENDING,PASS
946,AWS,127.81826,35.78,1111000,2024,91,91,8.631868131868131,-2.1978021978021984,0,0,,22.1,,,1991-2020_BASELINE_PENDING,INSUFFICIENT_DAYS
947,AWS,128.5908,34.72193,1111000,2021,365,365,19.090684931506864,13.033972602739736,3,20,,34,,,1991-2020_BASELINE_PENDING,PASS
947,AWS,128.5908,34.72193,1111000,2022,365,365,18.630136986301384,12.468493150684932,0,20,,31.3,,,1991-2020_BASELINE_PENDING,PASS
947,AWS,128.5908,34.72193,1111000,2023,364,364,19.40412087912088,13.04093406593406,3,17,,33.6,,,1991-2020_BASELINE_PENDING,PASS
947,AWS,128.5908,34.72193,1111000,2024,91,91,11.045054945054948,4.60989010989011,0,0,,19.7,,,1991-2020_BASELINE_PENDING,INSUFFICIENT_DAYS
948,AWS,127.83448,35.31074,1111000,2021,364,364,19.608241758241753,7.73928571428572,3,0,,34.2,,,1991-2020_BASELINE_PENDING,PASS
948,AWS,127.83448,35.31074,1111000,2022,365,365,19.63890410958904,7.127945205479459,3,0,,33.3,,,1991-2020_BASELINE_PENDING,PASS
948,AWS,127.83448,35.31074,1111000,2023,362,362,19.902209944751387,7.838397790055245,8,0,,35.7,,,1991-2020_BASELINE_PENDING,PASS
948,AWS,127.83448,35.31074,1111000,2024,91,91,10.727472527472527,-1.291208791208792,0,0,,23.8,,,1991-2020_BASELINE_PENDING,INSUFFICIENT_DAYS
949,AWS,129.4412,35.6375,1111000,2021,365,365,19.183835616438362,12.105205479452053,4,9,,34.4,,,1991-2020_BASELINE_PENDING,PASS
949,AWS,129.4412,35.6375,1111000,2022,364,364,19.07307692307692,11.568131868131864,8,6,,35.9,,,1991-2020_BASELINE_PENDING,PASS
949,AWS,129.4412,35.6375,1111000,2023,362,362,19.712707182320436,12.22403314917127,2,10,,33.3,,,1991-2020_BASELINE_PENDING,PASS
949,AWS,129.4412,35.6375,1111000,2024,91,91,10.947252747252751,3.6549450549450544,0,0,,23.2,,,1991-2020_BASELINE_PENDING,INSUFFICIENT_DAYS
950,AWS,128.98393,35.09006,1111000,2021,361,361,18.140720221606657,11.87119113573408,0,13,,32.5,,,1991-2020_BASELINE_PENDING,PASS
950,AWS,128.98393,35.09006,1111000,2022,355,355,18.458309859154934,11.958591549295765,0,18,,32.6,,,1991-2020_BASELINE_PENDING,PASS
950,AWS,128.98393,35.09006,1111000,2023,349,349,18.400573065902574,11.7160458452722,0,14,,32.7,,,1991-2020_BASELINE_PENDING,PASS
950,AWS,128.98393,35.09006,1111000,2024,91,91,10.44285714285714,3.3736263736263736,0,0,,21.3,,,1991-2020_BASELINE_PENDING,INSUFFICIENT_DAYS
951,AWS,126.90733,35.50869,1111000,2021,365,365,18.921095890410957,8.399726027397262,9,2,,33.9,,,1991-2020_BASELINE_PENDING,PASS
951,AWS,126.90733,35.50869,1111000,2022,365,365,18.345753424657527,7.513424657534252,2,11,,33.8,,,1991-2020_BASELINE_PENDING,PASS
951,AWS,126.90733,35.50869,1111000,2023,365,365,19.098356164383542,8.62082191780822,11,1,,34.8,,,1991-2020_BASELINE_PENDING,PASS
951,AWS,126.90733,35.50869,1111000,2024,91,91,9.021978021978022,-0.7076923076923072,0,0,,21.7,,,1991-2020_BASELINE_PENDING,INSUFFICIENT_DAYS
953,AWS,128.67977,34.99839,1111000,2021,365,365,19.238356164383557,11.585753424657545,0,4,,32.8,,,1991-2020_BASELINE_PENDING,PASS
953,AWS,128.67977,34.99839,1111000,2022,360,360,19.0875,11.000833333333334,0,16,,32.9,,,1991-2020_BASELINE_PENDING,PASS
953,AWS,128.67977,34.99839,1111000,2023,365,365,19.507123287671245,11.442191780821922,2,3,,33,,,1991-2020_BASELINE_PENDING,PASS
953,AWS,128.67977,34.99839,1111000,2024,91,91,10.917582417582418,2.946153846153845,0,0,,22.6,,,1991-2020_BASELINE_PENDING,INSUFFICIENT_DAYS
954,AWS,129.36011,35.43103,1111000,2021,364,364,19.875824175824164,12.434615384615384,7,5,,34.4,,,1991-2020_BASELINE_PENDING,PASS
954,AWS,129.36011,35.43103,1111000,2022,365,365,19.870958904109596,12.06493150684932,7,7,,35.2,,,1991-2020_BASELINE_PENDING,PASS
954,AWS,129.36011,35.43103,1111000,2023,363,363,20.29999999999999,12.616528925619841,7,7,,34.5,,,1991-2020_BASELINE_PENDING,PASS
954,AWS,129.36011,35.43103,1111000,2024,91,91,11.43626373626374,4.21098901098901,0,0,,23.7,,,1991-2020_BASELINE_PENDING,INSUFFICIENT_DAYS
955,AWS,126.39333333,37.325,70011000,2021,364,364,15.185439560439566,10.657692307692303,0,16,,31.4,,,1991-2020_BASELINE_PENDING,PASS
955,AWS,126.39333333,37.325,70011000,2022,365,365,14.094246575342472,10.152054794520545,0,19,,32.7,,,1991-2020_BASELINE_PENDING,PASS
955,AWS,126.39333333,37.325,70011000,2023,365,365,14.810136986301371,10.707397260273975,0,26,,32.8,,,1991-2020_BASELINE_PENDING,PASS
955,AWS,126.39333333,37.325,70011000,2024,85,85,5.144705882352941,1.2576470588235296,0,0,,16.9,,,1991-2020_BASELINE_PENDING,INSUFFICIENT_DAYS
956,AWS,125.9767,36.77,70011000,2021,365,365,14.12191780821918,9.999178082191788,0,0,,28.9,,,1991-2020_BASELINE_PENDING,PASS
956,AWS,125.9767,36.77,70011000,2022,346,346,12.70057803468209,9.357803468208092,0,5,,30,,,1991-2020_BASELINE_PENDING,PASS
956,AWS,125.9767,36.77,70011000,2023,365,365,13.727397260273966,10.013150684931508,0,1,,32,,,1991-2020_BASELINE_PENDING,PASS
956,AWS,125.9767,36.77,70011000,2024,55,55,3.110909090909093,-0.6272727272727273,0,0,,9.9,,,1991-2020_BASELINE_PENDING,INSUFFICIENT_DAYS
957,AWS,126.225,35.98666667,70011000,2021,342,342,15.624561403508762,11.509941520467837,0,25,,31.7,,,1991-2020_BASELINE_PENDING,PASS
957,AWS,126.225,35.98666667,70011000,2022,299,299,13.219397993311032,9.506354515050171,0,11,,31.1,,,1991-2020_BASELINE_PENDING,INSUFFICIENT_DAYS
957,AWS,126.225,35.98666667,70011000,2023,365,365,16.01232876712328,12.13068493150685,0,19,,32.7,,,1991-2020_BASELINE_PENDING,PASS
957,AWS,126.225,35.98666667,70011000,2024,87,87,6.483908045977013,2.9172413793103438,0,0,,16,,,1991-2020_BASELINE_PENDING,INSUFFICIENT_DAYS
958,AWS,126.245,35.61333333,70011000,2021,365,365,15.546027397260264,11.910684931506859,0,24,,29.4,,,1991-2020_BASELINE_PENDING,PASS
958,AWS,126.245,35.61333333,70011000,2022,363,363,15.59917355371901,12.398347107438022,0,37,,31.3,,,1991-2020_BASELINE_PENDING,PASS
958,AWS,126.245,35.61333333,70011000,2023,365,365,16.368767123287682,12.882739726027392,0,30,,31.4,,,1991-2020_BASELINE_PENDING,PASS
958,AWS,126.245,35.61333333,70011000,2024,89,89,7.0505617977528106,3.7561797752808976,0,0,,15.1,,,1991-2020_BASELINE_PENDING,INSUFFICIENT_DAYS
959,AWS,126.02666667,34.26333333,70011000,2021,349,349,12.971060171919772,9.430085959885398,0,0,,26.2,,,1991-2020_BASELINE_PENDING,PASS
959,AWS,126.02666667,34.26333333,70011000,2022,360,360,15.22277777777777,11.686666666666659,0,8,,29.5,,,1991-2020_BASELINE_PENDING,PASS
959,AWS,126.02666667,34.26333333,70011000,2023,350,350,17.521142857142863,13.754857142857153,0,6,,31.7,,,1991-2020_BASELINE_PENDING,PASS
959,AWS,126.02666667,34.26333333,70011000,2024,91,91,9.609890109890113,6.01318681318681,0,0,,17.1,,,1991-2020_BASELINE_PENDING,INSUFFICIENT_DAYS
960,AWS,126.6542,33.22333,70011000,2021,365,365,19.67260273972603,15.704657534246582,0,33,,31.1,,,1991-2020_BASELINE_PENDING,PASS
960,AWS,126.6542,33.22333,70011000,2022,365,365,19.764109589041087,15.819999999999991,1,62,,33.7,,,1991-2020_BASELINE_PENDING,PASS
960,AWS,126.6542,33.22333,70011000,2023,353,353,20.729461756373926,16.700849858356943,1,59,,33.3,,,1991-2020_BASELINE_PENDING,PASS
960,AWS,126.6542,33.22333,70011000,2024,91,91,12.732967032967034,8.60989010989011,0,0,,18.1,,,1991-2020_BASELINE_PENDING,INSUFFICIENT_DAYS
961,AWS,127.85778,34.285,70011000,2021,329,329,17.61398176291794,14.58480243161096,0,30,,29.9,,,1991-2020_BASELINE_PENDING,PASS
961,AWS,127.85778,34.285,70011000,2022,347,347,18.20979827089338,13.545244956772324,3,19,,228,,,1991-2020_BASELINE_PENDING,PASS
961,AWS,127.85778,34.285,70011000,2023,356,356,18.136516853932594,14.90870786516855,0,45,,30.2,,,1991-2020_BASELINE_PENDING,PASS
961,AWS,127.85778,34.285,70011000,2024,61,61,11.195081967213115,7.611475409836069,0,0,,17.5,,,1991-2020_BASELINE_PENDING,INSUFFICIENT_DAYS
963,AWS,129.475,35.5667,70011000,2021,365,365,17.838630136986303,13.059726027397256,0,19,,30.5,,,1991-2020_BASELINE_PENDING,PASS
963,AWS,129.475,35.5667,70011000,2022,362,362,18.20331491712707,13.254143646408837,1,14,,33.9,,,1991-2020_BASELINE_PENDING,PASS
963,AWS,129.475,35.5667,70011000,2023,365,365,19.278356164383553,14.436164383561646,0,38,,32.7,,,1991-2020_BASELINE_PENDING,PASS
963,AWS,129.475,35.5667,70011000,2024,80,80,11.30375,5.809999999999999,0,0,,23,,,1991-2020_BASELINE_PENDING,INSUFFICIENT_DAYS
964,AWS,126.81574,34.45902,1111000,2021,361,361,18.9459833795014,11.132132963988926,1,6,,33.3,,,1991-2020_BASELINE_PENDING,PASS
964,AWS,126.81574,34.45902,1111000,2022,365,365,18.893150684931502,10.598904109589043,0,15,,32.8,,,1991-2020_BASELINE_PENDING,PASS
964,AWS,126.81574,34.45902,1111000,2023,365,365,19.15479452054794,11.106027397260275,5,13,,35.4,,,1991-2020_BASELINE_PENDING,PASS
964,AWS,126.81574,34.45902,1111000,2024,91,91,9.762637362637362,2.3604395604395605,0,0,,19.7,,,1991-2020_BASELINE_PENDING,INSUFFICIENT_DAYS
965,AWS,126.53303,33.35237,1110000,2021,360,360,10.719166666666666,4.616944444444446,0,0,,22.1,,,1991-2020_BASELINE_PENDING,PASS
965,AWS,126.53303,33.35237,1110000,2022,363,363,10.592011019283744,4.45068870523416,0,0,,26,,,1991-2020_BASELINE_PENDING,PASS
965,AWS,126.53303,33.35237,1110000,2023,364,364,10.980219780219784,5.0068681318681305,0,0,,24.9,,,1991-2020_BASELINE_PENDING,PASS
965,AWS,126.53303,33.35237,1110000,2024,91,91,2.8538461538461544,-2.943956043956044,0,0,,14,,,1991-2020_BASELINE_PENDING,INSUFFICIENT_DAYS
966,AWS,126.3856,37.1161,111000,2021,353,353,15.73201133144475,11.190651558073649,0,7,,32.1,,,1991-2020_BASELINE_PENDING,PASS
966,AWS,126.3856,37.1161,111000,2022,320,320,16.51875,12.5546875,0,10,,31.3,,,1991-2020_BASELINE_PENDING,PASS
966,AWS,126.3856,37.1161,111000,2023,365,365,15.418630136986318,11.294520547945206,0,11,,29.9,,,1991-2020_BASELINE_PENDING,PASS
966,AWS,126.3856,37.1161,111000,2024,91,91,5.3769230769230765,1.5384615384615385,0,0,,17.2,,,1991-2020_BASELINE_PENDING,INSUFFICIENT_DAYS
967,AWS,126.6128,37.1189,111000,2021,365,365,16.097808219178074,10.428493150684936,1,9,,33.3,,,1991-2020_BASELINE_PENDING,PASS
967,AWS,126.6128,37.1189,111000,2022,365,365,15.326027397260267,10.096712328767122,1,12,,33.8,,,1991-2020_BASELINE_PENDING,PASS
967,AWS,126.6128,37.1189,111000,2023,356,356,16.736235955056177,11.214325842696624,6,12,,33.6,,,1991-2020_BASELINE_PENDING,PASS
967,AWS,126.6128,37.1189,111000,2024,84,84,6.00952380952381,0.9238095238095237,0,0,,19.2,,,1991-2020_BASELINE_PENDING,INSUFFICIENT_DAYS
970,AWS,127.25024,38.2016,,2021,363,363,16.331129476584024,5.793663911845733,5,0,,34.3,,,1991-2020_BASELINE_PENDING,PASS
970,AWS,127.25024,38.2016,,2022,365,365,15.693150684931506,4.8545205479452065,1,0,,33.4,,,1991-2020_BASELINE_PENDING,PASS
970,AWS,127.25024,38.2016,,2023,365,365,16.54739726027398,6.113150684931504,0,0,,32.6,,,1991-2020_BASELINE_PENDING,PASS
970,AWS,127.25024,38.2016,,2024,91,91,5.473626373626373,-4.558241758241757,0,0,,20.4,,,1991-2020_BASELINE_PENDING,INSUFFICIENT_DAYS
972,AWS,128.6834,36.54983,,2021,364,364,18.656868131868137,7.538186813186808,9,0,,34.4,,,1991-2020_BASELINE_PENDING,PASS
972,AWS,128.6834,36.54983,,2022,365,365,18.729589041095892,6.839999999999997,9,3,,34.7,,,1991-2020_BASELINE_PENDING,PASS
972,AWS,128.6834,36.54983,,2023,365,365,19.29397260273973,7.739452054794519,11,0,,34.7,,,1991-2020_BASELINE_PENDING,PASS
972,AWS,128.6834,36.54983,,2024,91,91,8.83956043956044,-1.572527472527472,0,0,,21.1,,,1991-2020_BASELINE_PENDING,INSUFFICIENT_DAYS
973,AWS,126.94961,35.0233,,2021,365,365,20.056986301369864,8.96849315068492,7,1,,34.2,,,1991-2020_BASELINE_PENDING,PASS
973,AWS,126.94961,35.0233,,2022,364,364,19.656868131868123,8.033791208791211,9,8,,35.3,,,1991-2020_BASELINE_PENDING,PASS
973,AWS,126.94961,35.0233,,2023,341,341,19.356891495601168,7.9829912023460405,9,2,,36.6,,,1991-2020_BASELINE_PENDING,PASS
973,AWS,126.94961,35.0233,,2024,91,91,10.226373626373622,-0.24835164835164805,0,0,,23.7,,,1991-2020_BASELINE_PENDING,INSUFFICIENT_DAYS
974,AWS,128.15605,35.24434,,2021,365,365,19.96054794520548,8.254520547945205,10,2,,35.8,,,1991-2020_BASELINE_PENDING,PASS
974,AWS,128.15605,35.24434,,2022,365,365,19.863287671232868,7.715616438356163,8,16,,34.5,,,1991-2020_BASELINE_PENDING,PASS
974,AWS,128.15605,35.24434,,2023,362,362,20.612154696132592,8.642817679558016,18,0,,36.2,,,1991-2020_BASELINE_PENDING,PASS
974,AWS,128.15605,35.24434,,2024,91,91,10.875824175824174,-0.7406593406593409,0,0,,25.5,,,1991-2020_BASELINE_PENDING,INSUFFICIENT_DAYS
977,AWS,127.46688,36.72455,,2021,365,365,18.650958904109565,8.06027397260274,16,3,,34.9,,,1991-2020_BASELINE_PENDING,PASS
977,AWS,127.46688,36.72455,,2022,365,365,18.36767123287671,7.2180821917808204,16,14,,34.7,,,1991-2020_BASELINE_PENDING,PASS
977,AWS,127.46688,36.72455,,2023,365,365,19.210684931506854,8.441643835616437,21,4,,35.7,,,1991-2020_BASELINE_PENDING,PASS
977,AWS,127.46688,36.72455,,2024,91,91,8.057142857142857,-1.4043956043956047,0,0,,20.7,,,1991-2020_BASELINE_PENDING,INSUFFICIENT_DAYS
978,AWS,127.77626,37.95461,,2021,364,364,17.987087912087908,6.806043956043955,21,0,,36.8,,,1991-2020_BASELINE_PENDING,PASS
978,AWS,127.77626,37.95461,,2022,365,365,17.63863013698629,5.958904109589042,14,1,,34.9,,,1991-2020_BASELINE_PENDING,PASS
978,AWS,127.77626,37.95461,,2023,365,365,18.318356164383566,7.044109589041096,28,1,,35.6,,,1991-2020_BASELINE_PENDING,PASS
978,AWS,127.77626,37.95461,,2024,90,90,7.306666666666668,-3.1133333333333324,0,0,,23.1,,,1991-2020_BASELINE_PENDING,INSUFFICIENT_DAYS
980,AWS,126.48917,33.25992,,2021,365,365,20.505479452054793,13.407123287671237,1,21,,33,,,1991-2020_BASELINE_PENDING,PASS
980,AWS,126.48917,33.25992,,2022,360,360,20.12833333333333,12.936944444444435,3,31,,34,,,1991-2020_BASELINE_PENDING,PASS
980,AWS,126.48917,33.25992,,2023,365,365,20.247123287671233,13.10849315068492,3,16,,33.2,,,1991-2020_BASELINE_PENDING,PASS
980,AWS,126.48917,33.25992,,2024,91,91,12.495604395604394,5.5659340659340675,0,0,,19.7,,,1991-2020_BASELINE_PENDING,INSUFFICIENT_DAYS
984,AWS,129.12666,35.09129,70011000,2021,365,365,16.47205479452055,11.763835616438351,0,0,,31.1,,,1991-2020_BASELINE_PENDING,PASS
984,AWS,129.12666,35.09129,70011000,2022,359,359,18.537047353760453,13.90779944289694,0,27,,32.4,,,1991-2020_BASELINE_PENDING,PASS
984,AWS,129.12666,35.09129,70011000,2023,357,357,19.59355742296919,15.169747899159667,3,46,,34.2,,,1991-2020_BASELINE_PENDING,PASS
984,AWS,129.12666,35.09129,70011000,2024,88,88,10.55227272727273,5.687499999999999,0,0,,20.4,,,1991-2020_BASELINE_PENDING,INSUFFICIENT_DAYS
989,AWS,126.32992,33.25792,1111000,2021,222,222,23.354954954954948,15.803153153153152,1,20,,33.2,,,1991-2020_BASELINE_PENDING,INSUFFICIENT_DAYS
989,AWS,126.32992,33.25792,1111000,2022,365,365,19.695342465753434,11.870410958904118,0,27,,32.7,,,1991-2020_BASELINE_PENDING,PASS
989,AWS,126.32992,33.25792,1111000,2023,364,364,20.132142857142846,12.351648351648354,5,20,,34.5,,,1991-2020_BASELINE_PENDING,PASS
989,AWS,126.32992,33.25792,1111000,2024,91,91,11.97142857142857,4.958241758241759,0,0,,18.4,,,1991-2020_BASELINE_PENDING,INSUFFICIENT_DAYS
990,AWS,126.2305,33.31822,1111000,2021,43,43,12.016279069767446,5.390697674418605,0,0,,18.7,,,1991-2020_BASELINE_PENDING,INSUFFICIENT_DAYS
990,AWS,126.2305,33.31822,1111000,2022,365,365,19.014520547945192,12.565479452054783,1,29,,33.7,,,1991-2020_BASELINE_PENDING,PASS
990,AWS,126.2305,33.31822,1111000,2023,362,362,19.515469613259665,13.017679558011059,2,22,,33.8,,,1991-2020_BASELINE_PENDING,PASS
990,AWS,126.2305,33.31822,1111000,2024,89,89,11.525842696629214,5.496629213483146,0,0,,19.2,,,1991-2020_BASELINE_PENDING,INSUFFICIENT_DAYS
991,AWS,128.44562,35.80279,1111000,2021,43,43,9.853488372093024,-2.006976744186047,0,0,,18.7,,,1991-2020_BASELINE_PENDING,INSUFFICIENT_DAYS
991,AWS,128.44562,35.80279,1111000,2022,365,365,19.922465753424653,8.59917808219178,29,21,,35.6,,,1991-2020_BASELINE_PENDING,PASS
991,AWS,128.44562,35.80279,1111000,2023,365,365,20.335616438356166,9.37315068493151,22,11,,36.5,,,1991-2020_BASELINE_PENDING,PASS
991,AWS,128.44562,35.80279,1111000,2024,91,91,10.145054945054946,-0.2637362637362634,0,0,,23.3,,,1991-2020_BASELINE_PENDING,INSUFFICIENT_DAYS
992,AWS,128.4464,35.9062,1111000,2021,43,43,9.75813953488372,-3.358139534883721,0,0,,18.7,,,1991-2020_BASELINE_PENDING,INSUFFICIENT_DAYS
992,AWS,128.4464,35.9062,1111000,2022,365,365,19.86109589041097,7.330958904109575,26,12,,35.8,,,1991-2020_BASELINE_PENDING,PASS
992,AWS,128.4464,35.9062,1111000,2023,365,365,20.28438356164385,8.330684931506852,21,1,,36.5,,,1991-2020_BASELINE_PENDING,PASS
992,AWS,128.4464,35.9062,1111000,2024,91,91,9.962637362637365,-1.1901098901098914,0,0,,23.6,,,1991-2020_BASELINE_PENDING,INSUFFICIENT_DAYS
994,AWS,126.64211,35.85446,1111000,2022,235,235,21.07446808510638,13.882127659574468,2,23,,35.1,,,1991-2020_BASELINE_PENDING,INSUFFICIENT_DAYS
994,AWS,126.64211,35.85446,1111000,2023,359,359,18.139554317548743,10.64874651810585,6,13,,34.3,,,1991-2020_BASELINE_PENDING,PASS
994,AWS,126.64211,35.85446,1111000,2024,89,89,7.686516853932584,0.9561797752808988,0,0,,18.7,,,1991-2020_BASELINE_PENDING,INSUFFICIENT_DAYS
995,AWS,129.38223,35.9286,1111000,2023,13,13,5.161538461538461,-3.123076923076923,0,0,,11.9,,,1991-2020_BASELINE_PENDING,INSUFFICIENT_DAYS
995,AWS,129.38223,35.9286,1111000,2024,91,91,9.404395604395605,0.9802197802197803,0,0,,22.5,,,1991-2020_BASELINE_PENDING,INSUFFICIENT_DAYS
996,AWS,127.89492,36.37207,1111000,2023,13,13,0.1846153846153846,-6.453846153846153,0,0,,6.9,,,1991-2020_BASELINE_PENDING,INSUFFICIENT_DAYS
996,AWS,127.89492,36.37207,1111000,2024,91,91,6.031868131868133,-1.4912087912087917,0,0,,18.5,,,1991-2020_BASELINE_PENDING,INSUFFICIENT_DAYS
